{
  "type": "FeatureCollection",
  "features": [
    {
      "type": "Feature",
      "properties": {
        "id": "003NWYYJ2Z7FLIAYX5FF7YDGD",
        "gridName": "HLOD0_256m_4095m"
      },
      "geometry": {
        "type": "Polygon",
        "coordinates": [
          [
            [
              126000.0,
              126000.0
            ],
            [
              151200.0,
              126000.0
            ],
            [
              151200.0,
              151200.0
            ],
            [
              126000.0,
              151200.0
            ],
            [
              126000.0,
              126000.0
            ]
          ]
        ]
      }
    },
    {
      "type": "Feature",
      "properties": {
        "id": "00A9I457FV7DUZI4L94Z8YX2T",
        "gridName": "VisualGrid"
      },
      "geometry": {
        "type": "Polygon",
        "coordinates": [
          [
            [
              -731734.56,
              746809.94
            ],
            [
              -708994.44,
              746809.94
            ],
            [
              -708994.44,
              767516.75
            ],
            [
              -731734.56,
              767516.75
            ],
            [
              -731734.56,
              746809.94
            ]
          ]
        ]
      }
    },
    {
      "type": "Feature",
      "properties": {
        "id": "00DY8JG5Y9I2PL8GNMGRAYHBT",
        "gridName": "MainGrid"
      },
      "geometry": {
        "type": "Polygon",
        "coordinates": [
          [
            [
              75601.0,
              453601.0
            ],
            [
              100799.0,
              453601.0
            ],
            [
              100799.0,
              478799.0
            ],
            [
              75601.0,
              478799.0
            ],
            [
              75601.0,
              453601.0
            ]
          ]
        ]
      }
    },
    {
      "type": "Feature",
      "properties": {
        "id": "00Y0EB7G7HZJD7U5C3Q8VIUNL",
        "gridName": "MainGrid"
      },
      "geometry": {
        "type": "Polygon",
        "coordinates": [
          [
            [
              151201.0,
              75601.0
            ],
            [
              180790.7,
              75601.0
            ],
            [
              180790.7,
              105015.66
            ],
            [
              151201.0,
              105015.66
            ],
            [
              151201.0,
              75601.0
            ]
          ]
        ]
      }
    },
    {
      "type": "Feature",
      "properties": {
        "id": "01GSJSH00DI22BICBMPH0LS8J",
        "gridName": "MainGrid"
      },
      "geometry": {
        "type": "Polygon",
        "coordinates": [
          [
            [
              -579599.0,
              151201.0
            ],
            [
              -554401.0,
              151201.0
            ],
            [
              -554401.0,
              176399.0
            ],
            [
              -579599.0,
              176399.0
            ],
            [
              -579599.0,
              151201.0
            ]
          ]
        ]
      }
    },
    {
      "type": "Feature",
      "properties": {
        "id": "01THAJ3N5SUQ299KMFTMDB22F",
        "gridName": "HLOD0_256m_4095m"
      },
      "geometry": {
        "type": "Polygon",
        "coordinates": [
          [
            [
              -781200.0,
              705600.0
            ],
            [
              -756000.0,
              705600.0
            ],
            [
              -756000.0,
              730800.0
            ],
            [
              -781200.0,
              730800.0
            ],
            [
              -781200.0,
              705600.0
            ]
          ]
        ]
      }
    },
    {
      "type": "Feature",
      "properties": {
        "id": "03YEPL8JSE4MHUUE3MP6NMQ4N",
        "gridName": "MainGrid"
      },
      "geometry": {
        "type": "Polygon",
        "coordinates": [
          [
            [
              -502043.84,
              -499626.6
            ],
            [
              -296485.03,
              -499626.6
            ],
            [
              -296485.03,
              -292813.06
            ],
            [
              -502043.84,
              -292813.06
            ],
            [
              -502043.84,
              -499626.6
            ]
          ]
        ]
      }
    },
    {
      "type": "Feature",
      "properties": {
        "id": "046AE7GOXR642HOJ3JUVG07GH",
        "gridName": "MainGrid"
      },
      "geometry": {
        "type": "Polygon",
        "coordinates": [
          [
            [
              -100799.0,
              75601.0
            ],
            [
              -75601.0,
              75601.0
            ],
            [
              -75601.0,
              100799.0
            ],
            [
              -100799.0,
              100799.0
            ],
            [
              -100799.0,
              75601.0
            ]
          ]
        ]
      }
    },
    {
      "type": "Feature",
      "properties": {
        "id": "05ACQ9FBDCGTG1EOXRH8HHEH0",
        "gridName": "MainGrid"
      },
      "geometry": {
        "type": "Polygon",
        "coordinates": [
          [
            [
              -352799.0,
              -453599.0
            ],
            [
              -316321.25,
              -453599.0
            ],
            [
              -316321.25,
              -428401.0
            ],
            [
              -352799.0,
              -428401.0
            ],
            [
              -352799.0,
              -453599.0
            ]
          ]
        ]
      }
    },
    {
      "type": "Feature",
      "properties": {
        "id": "05UZEFPOMVOUBGGYTIWBB7735",
        "gridName": "HLOD0_256m_4095m"
      },
      "geometry": {
        "type": "Polygon",
        "coordinates": [
          [
            [
              176400.0,
              -25200.0
            ],
            [
              201600.0,
              -25200.0
            ],
            [
              201600.0,
              0.0
            ],
            [
              176400.0,
              0.0
            ],
            [
              176400.0,
              -25200.0
            ]
          ]
        ]
      }
    },
    {
      "type": "Feature",
      "properties": {
        "id": "074Y5ZJH4J10WNCQZI3FUXIQC",
        "gridName": "MainGrid"
      },
      "geometry": {
        "type": "Polygon",
        "coordinates": [
          [
            [
              -730799.0,
              655201.0
            ],
            [
              -705601.0,
              655201.0
            ],
            [
              -705601.0,
              680399.0
            ],
            [
              -730799.0,
              680399.0
            ],
            [
              -730799.0,
              655201.0
            ]
          ]
        ]
      }
    },
    {
      "type": "Feature",
      "properties": {
        "id": "07RD55STTEOPODNGKPCQ7NJVW",
        "gridName": "HLOD0_256m_4095m"
      },
      "geometry": {
        "type": "Polygon",
        "coordinates": [
          [
            [
              201600.0,
              126000.0
            ],
            [
              226800.0,
              126000.0
            ],
            [
              226800.0,
              151200.0
            ],
            [
              201600.0,
              151200.0
            ],
            [
              201600.0,
              126000.0
            ]
          ]
        ]
      }
    },
    {
      "type": "Feature",
      "properties": {
        "id": "07X9LU4MUGRVC6T4A0JMHPN3B",
        "gridName": "HLOD0_256m_4095m"
      },
      "geometry": {
        "type": "Polygon",
        "coordinates": [
          [
            [
              252000.0,
              151200.0
            ],
            [
              277200.0,
              151200.0
            ],
            [
              277200.0,
              176400.0
            ],
            [
              252000.0,
              176400.0
            ],
            [
              252000.0,
              151200.0
            ]
          ]
        ]
      }
    },
    {
      "type": "Feature",
      "properties": {
        "id": "08AX7HDAJAN9GUIGONRIK0XY3",
        "gridName": "HLOD0_256m_4095m"
      },
      "geometry": {
        "type": "Polygon",
        "coordinates": [
          [
            [
              378000.0,
              75600.0
            ],
            [
              403200.0,
              75600.0
            ],
            [
              403200.0,
              100800.0
            ],
            [
              378000.0,
              100800.0
            ],
            [
              378000.0,
              75600.0
            ]
          ]
        ]
      }
    },
    {
      "type": "Feature",
      "properties": {
        "id": "08ENK0U6UUCPZ8UBRW2TPWZI3",
        "gridName": "MainGrid"
      },
      "geometry": {
        "type": "Polygon",
        "coordinates": [
          [
            [
              -730799.0,
              -125999.0
            ],
            [
              -705601.0,
              -125999.0
            ],
            [
              -705601.0,
              -100801.0
            ],
            [
              -730799.0,
              -100801.0
            ],
            [
              -730799.0,
              -125999.0
            ]
          ]
        ]
      }
    },
    {
      "type": "Feature",
      "properties": {
        "id": "08GN2C26UA339GVLTRGB3W2IC",
        "gridName": "MainGrid"
      },
      "geometry": {
        "type": "Polygon",
        "coordinates": [
          [
            [
              -856799.0,
              680401.0
            ],
            [
              -831601.0,
              680401.0
            ],
            [
              -831601.0,
              705599.0
            ],
            [
              -856799.0,
              705599.0
            ],
            [
              -856799.0,
              680401.0
            ]
          ]
        ]
      }
    },
    {
      "type": "Feature",
      "properties": {
        "id": "08XE0CMG0E3DTJG8DMYP9KDVJ",
        "gridName": "MainGrid"
      },
      "geometry": {
        "type": "Polygon",
        "coordinates": [
          [
            [
              -554399.0,
              176401.0
            ],
            [
              -529201.0,
              176401.0
            ],
            [
              -529201.0,
              201599.0
            ],
            [
              -554399.0,
              201599.0
            ],
            [
              -554399.0,
              176401.0
            ]
          ]
        ]
      }
    },
    {
      "type": "Feature",
      "properties": {
        "id": "08Y7GJC4LYLIZG1C6ZTD720BN",
        "gridName": "VisualGrid"
      },
      "geometry": {
        "type": "Polygon",
        "coordinates": [
          [
            [
              420051.62,
              438579.16
            ],
            [
              435390.5,
              438579.16
            ],
            [
              435390.5,
              453790.5
            ],
            [
              420051.62,
              453790.5
            ],
            [
              420051.62,
              438579.16
            ]
          ]
        ]
      }
    },
    {
      "type": "Feature",
      "properties": {
        "id": "093OKHRWLBZWQB8RS478E65A0",
        "gridName": "HLOD0_256m_4095m"
      },
      "geometry": {
        "type": "Polygon",
        "coordinates": [
          [
            [
              100800.0,
              25200.0
            ],
            [
              126000.0,
              25200.0
            ],
            [
              126000.0,
              50400.0
            ],
            [
              100800.0,
              50400.0
            ],
            [
              100800.0,
              25200.0
            ]
          ]
        ]
      }
    },
    {
      "type": "Feature",
      "properties": {
        "id": "09RWP5UWJFL8V223SNEIIVHE8",
        "gridName": "VisualGrid"
      },
      "geometry": {
        "type": "Polygon",
        "coordinates": [
          [
            [
              224376.6,
              14162.595
            ],
            [
              249783.4,
              14162.595
            ],
            [
              249783.4,
              39477.406
            ],
            [
              224376.6,
              39477.406
            ],
            [
              224376.6,
              14162.595
            ]
          ]
        ]
      }
    },
    {
      "type": "Feature",
      "properties": {
        "id": "0ABZ7XVC961ALLWF0FFDQS2P2",
        "gridName": "MainGrid"
      },
      "geometry": {
        "type": "Polygon",
        "coordinates": [
          [
            [
              201601.0,
              529201.0
            ],
            [
              226799.0,
              529201.0
            ],
            [
              226799.0,
              554399.0
            ],
            [
              201601.0,
              554399.0
            ],
            [
              201601.0,
              529201.0
            ]
          ]
        ]
      }
    },
    {
      "type": "Feature",
      "properties": {
        "id": "0ACLRR0PITA2Q2MKDN3R4N0R5",
        "gridName": "VisualGrid"
      },
      "geometry": {
        "type": "Polygon",
        "coordinates": [
          [
            [
              180242.45,
              47077.566
            ],
            [
              205862.36,
              47077.566
            ],
            [
              205862.36,
              74496.64
            ],
            [
              180242.45,
              74496.64
            ],
            [
              180242.45,
              47077.566
            ]
          ]
        ]
      }
    },
    {
      "type": "Feature",
      "properties": {
        "id": "0ALYHY3ZNLXZ9XOEVPBBOW2EV",
        "gridName": "HLOD0_256m_767m"
      },
      "geometry": {
        "type": "Polygon",
        "coordinates": [
          [
            [
              -453600.0,
              75600.0
            ],
            [
              -428400.0,
              75600.0
            ],
            [
              -428400.0,
              100800.0
            ],
            [
              -453600.0,
              100800.0
            ],
            [
              -453600.0,
              75600.0
            ]
          ]
        ]
      }
    },
    {
      "type": "Feature",
      "properties": {
        "id": "0BESPGVIBQ488QQXUFJMRCQ5K",
        "gridName": "MainGrid"
      },
      "geometry": {
        "type": "Polygon",
        "coordinates": [
          [
            [
              172528.81,
              -203.1176
            ],
            [
              206969.9,
              -203.1176
            ],
            [
              206969.9,
              32224.584
            ],
            [
              172528.81,
              32224.584
            ],
            [
              172528.81,
              -203.1176
            ]
          ]
        ]
      }
    },
    {
      "type": "Feature",
      "properties": {
        "id": "0CAXNQBIUL58AY4VN5A7B8ZRY",
        "gridName": "MainGrid"
      },
      "geometry": {
        "type": "Polygon",
        "coordinates": [
          [
            [
              -529199.0,
              -277199.0
            ],
            [
              -504001.0,
              -277199.0
            ],
            [
              -504001.0,
              -252001.0
            ],
            [
              -529199.0,
              -252001.0
            ],
            [
              -529199.0,
              -277199.0
            ]
          ]
        ]
      }
    },
    {
      "type": "Feature",
      "properties": {
        "id": "0CNR9LQZO8P9TIWKR5VQY4EE6",
        "gridName": "HLOD0_256m_4095m"
      },
      "geometry": {
        "type": "Polygon",
        "coordinates": [
          [
            [
              277200.0,
              25200.0
            ],
            [
              302400.0,
              25200.0
            ],
            [
              302400.0,
              50400.0
            ],
            [
              277200.0,
              50400.0
            ],
            [
              277200.0,
              25200.0
            ]
          ]
        ]
      }
    },
    {
      "type": "Feature",
      "properties": {
        "id": "0CQGGHFIGXE3WU1Z9RTXU12ZE",
        "gridName": "HLOD0_256m_4095m"
      },
      "geometry": {
        "type": "Polygon",
        "coordinates": [
          [
            [
              -730800.0,
              680400.0
            ],
            [
              -705600.0,
              680400.0
            ],
            [
              -705600.0,
              705600.0
            ],
            [
              -730800.0,
              705600.0
            ],
            [
              -730800.0,
              680400.0
            ]
          ]
        ]
      }
    },
    {
      "type": "Feature",
      "properties": {
        "id": "0D9OK19HG0HDHS9E0SY8XM6E1",
        "gridName": "MainGrid"
      },
      "geometry": {
        "type": "Polygon",
        "coordinates": [
          [
            [
              -579599.0,
              -176399.0
            ],
            [
              -554401.0,
              -176399.0
            ],
            [
              -554401.0,
              -151201.0
            ],
            [
              -579599.0,
              -151201.0
            ],
            [
              -579599.0,
              -176399.0
            ]
          ]
        ]
      }
    },
    {
      "type": "Feature",
      "properties": {
        "id": "0DEJCPXKRXVLW2X98QFXWM2ZS",
        "gridName": "MainGrid"
      },
      "geometry": {
        "type": "Polygon",
        "coordinates": [
          [
            [
              -604799.0,
              -226799.0
            ],
            [
              -570644.2,
              -226799.0
            ],
            [
              -570644.2,
              -201601.0
            ],
            [
              -604799.0,
              -201601.0
            ],
            [
              -604799.0,
              -226799.0
            ]
          ]
        ]
      }
    },
    {
      "type": "Feature",
      "properties": {
        "id": "0DJLG14D77LX231C4H5C8PSXA",
        "gridName": "MainGrid"
      },
      "geometry": {
        "type": "Polygon",
        "coordinates": [
          [
            [
              302401.0,
              -100799.0
            ],
            [
              327599.0,
              -100799.0
            ],
            [
              327599.0,
              -75601.0
            ],
            [
              302401.0,
              -75601.0
            ],
            [
              302401.0,
              -100799.0
            ]
          ]
        ]
      }
    },
    {
      "type": "Feature",
      "properties": {
        "id": "0DLQPQ94AQ1WOZCW4CM8NYM7H",
        "gridName": "HLOD0_256m_4095m"
      },
      "geometry": {
        "type": "Polygon",
        "coordinates": [
          [
            [
              0.0,
              0.0
            ],
            [
              806400.0,
              0.0
            ],
            [
              806400.0,
              806400.0
            ],
            [
              0.0,
              806400.0
            ],
            [
              0.0,
              0.0
            ]
          ]
        ]
      }
    },
    {
      "type": "Feature",
      "properties": {
        "id": "0EBD82P8UJW43Y9OK82NP131Q",
        "gridName": "HLOD0_256m_4095m"
      },
      "geometry": {
        "type": "Polygon",
        "coordinates": [
          [
            [
              -806400.0,
              604800.0
            ],
            [
              -604800.0,
              604800.0
            ],
            [
              -604800.0,
              806400.0
            ],
            [
              -806400.0,
              806400.0
            ],
            [
              -806400.0,
              604800.0
            ]
          ]
        ]
      }
    },
    {
      "type": "Feature",
      "properties": {
        "id": "0EHP1EP8YUCHX0JKYCHEW3LBQ",
        "gridName": "HLOD0_256m_4095m"
      },
      "geometry": {
        "type": "Polygon",
        "coordinates": [
          [
            [
              -201600.0,
              604800.0
            ],
            [
              -100800.0,
              604800.0
            ],
            [
              -100800.0,
              705600.0
            ],
            [
              -201600.0,
              705600.0
            ],
            [
              -201600.0,
              604800.0
            ]
          ]
        ]
      }
    },
    {
      "type": "Feature",
      "properties": {
        "id": "0EJ5IJ5O8IMVELNIVU1HMDFLJ",
        "gridName": "HLOD0_256m_4095m"
      },
      "geometry": {
        "type": "Polygon",
        "coordinates": [
          [
            [
              151200.0,
              -75600.0
            ],
            [
              176400.0,
              -75600.0
            ],
            [
              176400.0,
              -50400.0
            ],
            [
              151200.0,
              -50400.0
            ],
            [
              151200.0,
              -75600.0
            ]
          ]
        ]
      }
    },
    {
      "type": "Feature",
      "properties": {
        "id": "0FZS2GA5HZUEQ7VTG7RUT1OUJ",
        "gridName": "MainGrid"
      },
      "geometry": {
        "type": "Polygon",
        "coordinates": [
          [
            [
              277201.0,
              453601.0
            ],
            [
              302399.0,
              453601.0
            ],
            [
              302399.0,
              478799.0
            ],
            [
              277201.0,
              478799.0
            ],
            [
              277201.0,
              453601.0
            ]
          ]
        ]
      }
    },
    {
      "type": "Feature",
      "properties": {
        "id": "0GBK91GKMAAUR8FIBOTXUR11T",
        "gridName": "MainGrid"
      },
      "geometry": {
        "type": "Polygon",
        "coordinates": [
          [
            [
              327601.0,
              -75599.0
            ],
            [
              352799.0,
              -75599.0
            ],
            [
              352799.0,
              -50401.0
            ],
            [
              327601.0,
              -50401.0
            ],
            [
              327601.0,
              -75599.0
            ]
          ]
        ]
      }
    },
    {
      "type": "Feature",
      "properties": {
        "id": "0GGYCZNBSK14NL8J1Y4JZ8N5N",
        "gridName": "HLOD0_256m_4095m"
      },
      "geometry": {
        "type": "Polygon",
        "coordinates": [
          [
            [
              126000.0,
              -25200.0
            ],
            [
              151200.0,
              -25200.0
            ],
            [
              151200.0,
              0.0
            ],
            [
              126000.0,
              0.0
            ],
            [
              126000.0,
              -25200.0
            ]
          ]
        ]
      }
    },
    {
      "type": "Feature",
      "properties": {
        "id": "0GPO8LPDG59EZQ83E3U6UI9Q3",
        "gridName": "MainGrid"
      },
      "geometry": {
        "type": "Polygon",
        "coordinates": [
          [
            [
              -503999.0,
              -176399.0
            ],
            [
              -478801.0,
              -176399.0
            ],
            [
              -478801.0,
              -151201.0
            ],
            [
              -503999.0,
              -151201.0
            ],
            [
              -503999.0,
              -176399.0
            ]
          ]
        ]
      }
    },
    {
      "type": "Feature",
      "properties": {
        "id": "0GSPY54K7S5CB7A5THH78QVT8",
        "gridName": "HLOD0_256m_4095m"
      },
      "geometry": {
        "type": "Polygon",
        "coordinates": [
          [
            [
              -25200.0,
              50400.0
            ],
            [
              0.0,
              50400.0
            ],
            [
              0.0,
              75600.0
            ],
            [
              -25200.0,
              75600.0
            ],
            [
              -25200.0,
              50400.0
            ]
          ]
        ]
      }
    },
    {
      "type": "Feature",
      "properties": {
        "id": "0HDC7KUQJ7KQEF1BPMTMJKB5A",
        "gridName": "MainGrid"
      },
      "geometry": {
        "type": "Polygon",
        "coordinates": [
          [
            [
              -177868.75,
              -75599.0
            ],
            [
              -151201.0,
              -75599.0
            ],
            [
              -151201.0,
              -42501.414
            ],
            [
              -177868.75,
              -42501.414
            ],
            [
              -177868.75,
              -75599.0
            ]
          ]
        ]
      }
    },
    {
      "type": "Feature",
      "properties": {
        "id": "0HL76YBH79TQVOKNTQMMX3US6",
        "gridName": "MainGrid"
      },
      "geometry": {
        "type": "Polygon",
        "coordinates": [
          [
            [
              189972.56,
              -31664.326
            ],
            [
              239211.8,
              -31664.326
            ],
            [
              239211.8,
              5303.6367
            ],
            [
              189972.56,
              5303.6367
            ],
            [
              189972.56,
              -31664.326
            ]
          ]
        ]
      }
    },
    {
      "type": "Feature",
      "properties": {
        "id": "0I9KBUURYFJX9N2S1QW63HQP7",
        "gridName": "MainGrid"
      },
      "geometry": {
        "type": "Polygon",
        "coordinates": [
          [
            [
              431850.03,
              58382.957
            ],
            [
              433460.03,
              58382.957
            ],
            [
              433460.03,
              59657.742
            ],
            [
              431850.03,
              59657.742
            ],
            [
              431850.03,
              58382.957
            ]
          ]
        ]
      }
    },
    {
      "type": "Feature",
      "properties": {
        "id": "0IJ8I41UVNVIXUIKM9OI1S6I2",
        "gridName": "HLOD0_256m_4095m"
      },
      "geometry": {
        "type": "Polygon",
        "coordinates": [
          [
            [
              201600.0,
              176400.0
            ],
            [
              226800.0,
              176400.0
            ],
            [
              226800.0,
              201600.0
            ],
            [
              201600.0,
              201600.0
            ],
            [
              201600.0,
              176400.0
            ]
          ]
        ]
      }
    },
    {
      "type": "Feature",
      "properties": {
        "id": "0IZW90TPDR10C7TM1DN78M0SI",
        "gridName": "VisualGrid"
      },
      "geometry": {
        "type": "Polygon",
        "coordinates": [
          [
            [
              -169972.02,
              23032.04
            ],
            [
              -166551.4,
              23032.04
            ],
            [
              -166551.4,
              26701.111
            ],
            [
              -169972.02,
              26701.111
            ],
            [
              -169972.02,
              23032.04
            ]
          ]
        ]
      }
    },
    {
      "type": "Feature",
      "properties": {
        "id": "0JS08QI5JA0ZG1HYDMF9MPSXG",
        "gridName": "MainGrid"
      },
      "geometry": {
        "type": "Polygon",
        "coordinates": [
          [
            [
              -755999.0,
              -176399.0
            ],
            [
              -730801.0,
              -176399.0
            ],
            [
              -730801.0,
              -151201.0
            ],
            [
              -755999.0,
              -151201.0
            ],
            [
              -755999.0,
              -176399.0
            ]
          ]
        ]
      }
    },
    {
      "type": "Feature",
      "properties": {
        "id": "0JWKBJNRHHDEVB7KGWOVWRMVB",
        "gridName": "MainGrid"
      },
      "geometry": {
        "type": "Polygon",
        "coordinates": [
          [
            [
              277201.0,
              -50399.0
            ],
            [
              302399.0,
              -50399.0
            ],
            [
              302399.0,
              -25201.0
            ],
            [
              277201.0,
              -25201.0
            ],
            [
              277201.0,
              -50399.0
            ]
          ]
        ]
      }
    },
    {
      "type": "Feature",
      "properties": {
        "id": "0KQ62M2CGXDIBC130OLANI4C1",
        "gridName": "MainGrid"
      },
      "geometry": {
        "type": "Polygon",
        "coordinates": [
          [
            [
              -50399.0,
              100801.0
            ],
            [
              -25201.0,
              100801.0
            ],
            [
              -25201.0,
              125999.0
            ],
            [
              -50399.0,
              125999.0
            ],
            [
              -50399.0,
              100801.0
            ]
          ]
        ]
      }
    },
    {
      "type": "Feature",
      "properties": {
        "id": "0L2U5Z79Y18LS22VT60R4VQWO",
        "gridName": "MainGrid"
      },
      "geometry": {
        "type": "Polygon",
        "coordinates": [
          [
            [
              245343.97,
              207052.77
            ],
            [
              426166.3,
              207052.77
            ],
            [
              426166.3,
              449135.97
            ],
            [
              245343.97,
              449135.97
            ],
            [
              245343.97,
              207052.77
            ]
          ]
        ]
      }
    },
    {
      "type": "Feature",
      "properties": {
        "id": "0LHKGFL39J4X0EZ79PJFGO0I7",
        "gridName": "MainGrid"
      },
      "geometry": {
        "type": "Polygon",
        "coordinates": [
          [
            [
              -755999.0,
              -302399.0
            ],
            [
              -730801.0,
              -302399.0
            ],
            [
              -730801.0,
              -277201.0
            ],
            [
              -755999.0,
              -277201.0
            ],
            [
              -755999.0,
              -302399.0
            ]
          ]
        ]
      }
    },
    {
      "type": "Feature",
      "properties": {
        "id": "0MVIG8FQHLNET3OCOFYW0HVM0",
        "gridName": "MainGrid"
      },
      "geometry": {
        "type": "Polygon",
        "coordinates": [
          [
            [
              100801.0,
              478801.0
            ],
            [
              125999.0,
              478801.0
            ],
            [
              125999.0,
              503999.0
            ],
            [
              100801.0,
              503999.0
            ],
            [
              100801.0,
              478801.0
            ]
          ]
        ]
      }
    },
    {
      "type": "Feature",
      "properties": {
        "id": "0O9C1THR9X6QP37JLV2I8WZNA",
        "gridName": "MainGrid"
      },
      "geometry": {
        "type": "Polygon",
        "coordinates": [
          [
            [
              225172.0,
              192928.73
            ],
            [
              258254.2,
              192928.73
            ],
            [
              258254.2,
              231447.9
            ],
            [
              225172.0,
              231447.9
            ],
            [
              225172.0,
              192928.73
            ]
          ]
        ]
      }
    },
    {
      "type": "Feature",
      "properties": {
        "id": "0OIDZB25I0PSVK71912OXUK2J",
        "gridName": "MainGrid"
      },
      "geometry": {
        "type": "Polygon",
        "coordinates": [
          [
            [
              -20233.836,
              220487.2
            ],
            [
              -4695.0303,
              220487.2
            ],
            [
              -4695.0303,
              239400.0
            ],
            [
              -20233.836,
              239400.0
            ],
            [
              -20233.836,
              220487.2
            ]
          ]
        ]
      }
    },
    {
      "type": "Feature",
      "properties": {
        "id": "0OMQ2L6JUGB0L08N5RP1XF7MV",
        "gridName": "HLOD0_256m_4095m"
      },
      "geometry": {
        "type": "Polygon",
        "coordinates": [
          [
            [
              252000.0,
              25200.0
            ],
            [
              277200.0,
              25200.0
            ],
            [
              277200.0,
              50400.0
            ],
            [
              252000.0,
              50400.0
            ],
            [
              252000.0,
              25200.0
            ]
          ]
        ]
      }
    },
    {
      "type": "Feature",
      "properties": {
        "id": "0P0FSBV29PG9QZ1LOTWXJL3RW",
        "gridName": "MainGrid"
      },
      "geometry": {
        "type": "Polygon",
        "coordinates": [
          [
            [
              199434.31,
              146283.2
            ],
            [
              231659.7,
              146283.2
            ],
            [
              231659.7,
              176399.0
            ],
            [
              199434.31,
              176399.0
            ],
            [
              199434.31,
              146283.2
            ]
          ]
        ]
      }
    },
    {
      "type": "Feature",
      "properties": {
        "id": "0P3JJQ3YDRSSHRHEWKMI6YGV5",
        "gridName": "MainGrid"
      },
      "geometry": {
        "type": "Polygon",
        "coordinates": [
          [
            [
              303800.0,
              50798.82
            ],
            [
              333256.78,
              50798.82
            ],
            [
              333256.78,
              93905.06
            ],
            [
              303800.0,
              93905.06
            ],
            [
              303800.0,
              50798.82
            ]
          ]
        ]
      }
    },
    {
      "type": "Feature",
      "properties": {
        "id": "0PCF8ER3EI3NRQIZ36M19GX8T",
        "gridName": "MainGrid"
      },
      "geometry": {
        "type": "Polygon",
        "coordinates": [
          [
            [
              -100799.0,
              100801.0
            ],
            [
              -75601.0,
              100801.0
            ],
            [
              -75601.0,
              125999.0
            ],
            [
              -100799.0,
              125999.0
            ],
            [
              -100799.0,
              100801.0
            ]
          ]
        ]
      }
    },
    {
      "type": "Feature",
      "properties": {
        "id": "0PKR2PXHMD6XL9JW0YJXMKMXC",
        "gridName": "MainGrid"
      },
      "geometry": {
        "type": "Polygon",
        "coordinates": [
          [
            [
              253000.0,
              68100.0
            ],
            [
              278400.0,
              68100.0
            ],
            [
              278400.0,
              93500.0
            ],
            [
              253000.0,
              93500.0
            ],
            [
              253000.0,
              68100.0
            ]
          ]
        ]
      }
    },
    {
      "type": "Feature",
      "properties": {
        "id": "0QGCDWHHK93E1ZN0M3YM554EH",
        "gridName": "MainGrid"
      },
      "geometry": {
        "type": "Polygon",
        "coordinates": [
          [
            [
              73546.46,
              169029.86
            ],
            [
              100799.0,
              169029.86
            ],
            [
              100799.0,
              202116.98
            ],
            [
              73546.46,
              202116.98
            ],
            [
              73546.46,
              169029.86
            ]
          ]
        ]
      }
    },
    {
      "type": "Feature",
      "properties": {
        "id": "0R3L67XV2SKZMIRTPID72JZ3E",
        "gridName": "VisualGrid"
      },
      "geometry": {
        "type": "Polygon",
        "coordinates": [
          [
            [
              -714873.5,
              703348.25
            ],
            [
              -685121.5,
              703348.25
            ],
            [
              -685121.5,
              742439.8
            ],
            [
              -714873.5,
              742439.8
            ],
            [
              -714873.5,
              703348.25
            ]
          ]
        ]
      }
    },
    {
      "type": "Feature",
      "properties": {
        "id": "0RF8C1DIZ0PS9HKWRN94TWKQR",
        "gridName": "MainGrid"
      },
      "geometry": {
        "type": "Polygon",
        "coordinates": [
          [
            [
              -151199.0,
              -50399.0
            ],
            [
              -126001.0,
              -50399.0
            ],
            [
              -126001.0,
              -25201.0
            ],
            [
              -151199.0,
              -25201.0
            ],
            [
              -151199.0,
              -50399.0
            ]
          ]
        ]
      }
    },
    {
      "type": "Feature",
      "properties": {
        "id": "0SK48V1M8R8QX34T77VZAVBK8",
        "gridName": "MainGrid"
      },
      "geometry": {
        "type": "Polygon",
        "coordinates": [
          [
            [
              415800.0,
              289800.0
            ],
            [
              415800.0,
              289800.0
            ],
            [
              415800.0,
              289800.0
            ],
            [
              415800.0,
              289800.0
            ],
            [
              415800.0,
              289800.0
            ]
          ]
        ]
      }
    },
    {
      "type": "Feature",
      "properties": {
        "id": "0T9GCI2J0JG3Z5BVVLUGZ3B8Z",
        "gridName": "MainGrid"
      },
      "geometry": {
        "type": "Polygon",
        "coordinates": [
          [
            [
              2568.115,
              415328.53
            ],
            [
              212284.05,
              415328.53
            ],
            [
              212284.05,
              625044.44
            ],
            [
              2568.115,
              625044.44
            ],
            [
              2568.115,
              415328.53
            ]
          ]
        ]
      }
    },
    {
      "type": "Feature",
      "properties": {
        "id": "0TOSJVM7IJYGL37QQ3RYCUMED",
        "gridName": "MainGrid"
      },
      "geometry": {
        "type": "Polygon",
        "coordinates": [
          [
            [
              -292254.47,
              471360.44
            ],
            [
              -3553.9907,
              471360.44
            ],
            [
              -3553.9907,
              787402.8
            ],
            [
              -292254.47,
              787402.8
            ],
            [
              -292254.47,
              471360.44
            ]
          ]
        ]
      }
    },
    {
      "type": "Feature",
      "properties": {
        "id": "0VB6A6LSAEVIJLRT49FZV6PYA",
        "gridName": "HLOD0_256m_4095m"
      },
      "geometry": {
        "type": "Polygon",
        "coordinates": [
          [
            [
              -478800.0,
              -478800.0
            ],
            [
              -453600.0,
              -478800.0
            ],
            [
              -453600.0,
              -453600.0
            ],
            [
              -478800.0,
              -453600.0
            ],
            [
              -478800.0,
              -478800.0
            ]
          ]
        ]
      }
    },
    {
      "type": "Feature",
      "properties": {
        "id": "0VXMKGF4NE8LL0KPQ0QXNL1YZ",
        "gridName": "MainGrid"
      },
      "geometry": {
        "type": "Polygon",
        "coordinates": [
          [
            [
              -529199.0,
              50401.0
            ],
            [
              -504001.0,
              50401.0
            ],
            [
              -504001.0,
              75599.0
            ],
            [
              -529199.0,
              75599.0
            ],
            [
              -529199.0,
              50401.0
            ]
          ]
        ]
      }
    },
    {
      "type": "Feature",
      "properties": {
        "id": "0W670K3K5LBPXSE4EZIO6EKP0",
        "gridName": "MainGrid"
      },
      "geometry": {
        "type": "Polygon",
        "coordinates": [
          [
            [
              303800.0,
              159934.45
            ],
            [
              343599.47,
              159934.45
            ],
            [
              343599.47,
              195100.0
            ],
            [
              303800.0,
              195100.0
            ],
            [
              303800.0,
              159934.45
            ]
          ]
        ]
      }
    },
    {
      "type": "Feature",
      "properties": {
        "id": "0WFJLHM1XB3213CEQ0E519LSS",
        "gridName": "HLOD0_256m_4095m"
      },
      "geometry": {
        "type": "Polygon",
        "coordinates": [
          [
            [
              327600.0,
              226800.0
            ],
            [
              352800.0,
              226800.0
            ],
            [
              352800.0,
              252000.0
            ],
            [
              327600.0,
              252000.0
            ],
            [
              327600.0,
              226800.0
            ]
          ]
        ]
      }
    },
    {
      "type": "Feature",
      "properties": {
        "id": "0XA776XVNVKKX0CRW24QM5MM1",
        "gridName": "MainGrid"
      },
      "geometry": {
        "type": "Polygon",
        "coordinates": [
          [
            [
              48203.453,
              146184.58
            ],
            [
              86214.51,
              146184.58
            ],
            [
              86214.51,
              179067.9
            ],
            [
              48203.453,
              179067.9
            ],
            [
              48203.453,
              146184.58
            ]
          ]
        ]
      }
    },
    {
      "type": "Feature",
      "properties": {
        "id": "0XNTGTS01YIHXFSE7F5K6ZSEZ",
        "gridName": "MainGrid"
      },
      "geometry": {
        "type": "Polygon",
        "coordinates": [
          [
            [
              25201.0,
              252001.0
            ],
            [
              50399.0,
              252001.0
            ],
            [
              50399.0,
              277199.0
            ],
            [
              25201.0,
              277199.0
            ],
            [
              25201.0,
              252001.0
            ]
          ]
        ]
      }
    },
    {
      "type": "Feature",
      "properties": {
        "id": "0XWIGBSS3TVQZ3RUICZ79PILV",
        "gridName": "MainGrid"
      },
      "geometry": {
        "type": "Polygon",
        "coordinates": [
          [
            [
              -529199.0,
              176401.0
            ],
            [
              -504001.0,
              176401.0
            ],
            [
              -504001.0,
              201599.0
            ],
            [
              -529199.0,
              201599.0
            ],
            [
              -529199.0,
              176401.0
            ]
          ]
        ]
      }
    },
    {
      "type": "Feature",
      "properties": {
        "id": "0YCY7RWU9XXVKIWCMAOVZ0FNA",
        "gridName": "MainGrid"
      },
      "geometry": {
        "type": "Polygon",
        "coordinates": [
          [
            [
              195586.72,
              -83272.01
            ],
            [
              234203.66,
              -83272.01
            ],
            [
              234203.66,
              -43080.12
            ],
            [
              195586.72,
              -43080.12
            ],
            [
              195586.72,
              -83272.01
            ]
          ]
        ]
      }
    },
    {
      "type": "Feature",
      "properties": {
        "id": "0YWUY6OF2UBZQY4OEJ57N3Y9U",
        "gridName": "MainGrid"
      },
      "geometry": {
        "type": "Polygon",
        "coordinates": [
          [
            [
              -50399.0,
              126001.0
            ],
            [
              -21362.861,
              126001.0
            ],
            [
              -21362.861,
              151795.7
            ],
            [
              -50399.0,
              151795.7
            ],
            [
              -50399.0,
              126001.0
            ]
          ]
        ]
      }
    },
    {
      "type": "Feature",
      "properties": {
        "id": "0ZLY0FEBA3VAK8PUENT1VCPFY",
        "gridName": "MainGrid"
      },
      "geometry": {
        "type": "Polygon",
        "coordinates": [
          [
            [
              46254.395,
              44473.45
            ],
            [
              82442.19,
              44473.45
            ],
            [
              82442.19,
              85939.95
            ],
            [
              46254.395,
              85939.95
            ],
            [
              46254.395,
              44473.45
            ]
          ]
        ]
      }
    },
    {
      "type": "Feature",
      "properties": {
        "id": "109DICA5YDXNCGDYCMJAO33Q5",
        "gridName": "HLOD0_256m_4095m"
      },
      "geometry": {
        "type": "Polygon",
        "coordinates": [
          [
            [
              -151200.0,
              604800.0
            ],
            [
              -126000.0,
              604800.0
            ],
            [
              -126000.0,
              630000.0
            ],
            [
              -151200.0,
              630000.0
            ],
            [
              -151200.0,
              604800.0
            ]
          ]
        ]
      }
    },
    {
      "type": "Feature",
      "properties": {
        "id": "11UXZYSKJABKDMBFAXDTT8TM2",
        "gridName": "MainGrid"
      },
      "geometry": {
        "type": "Polygon",
        "coordinates": [
          [
            [
              -680399.0,
              756001.0
            ],
            [
              -655201.0,
              756001.0
            ],
            [
              -655201.0,
              781199.0
            ],
            [
              -680399.0,
              781199.0
            ],
            [
              -680399.0,
              756001.0
            ]
          ]
        ]
      }
    },
    {
      "type": "Feature",
      "properties": {
        "id": "1436TSHSD6L5H9TAGOS8O5P2A",
        "gridName": "HLOD0_256m_1999m"
      },
      "geometry": {
        "type": "Polygon",
        "coordinates": [
          [
            [
              151200.0,
              277200.0
            ],
            [
              176400.0,
              277200.0
            ],
            [
              176400.0,
              302400.0
            ],
            [
              151200.0,
              302400.0
            ],
            [
              151200.0,
              277200.0
            ]
          ]
        ]
      }
    },
    {
      "type": "Feature",
      "properties": {
        "id": "14R93PL2KKEM5TBNUIOBXUJD0",
        "gridName": "HLOD0_256m_4095m"
      },
      "geometry": {
        "type": "Polygon",
        "coordinates": [
          [
            [
              -756000.0,
              655200.0
            ],
            [
              -730800.0,
              655200.0
            ],
            [
              -730800.0,
              680400.0
            ],
            [
              -756000.0,
              680400.0
            ],
            [
              -756000.0,
              655200.0
            ]
          ]
        ]
      }
    },
    {
      "type": "Feature",
      "properties": {
        "id": "151C4YYN3GAWJNXUGRSHC0EG6",
        "gridName": "MainGrid"
      },
      "geometry": {
        "type": "Polygon",
        "coordinates": [
          [
            [
              201601.0,
              504001.0
            ],
            [
              226799.0,
              504001.0
            ],
            [
              226799.0,
              529199.0
            ],
            [
              201601.0,
              529199.0
            ],
            [
              201601.0,
              504001.0
            ]
          ]
        ]
      }
    },
    {
      "type": "Feature",
      "properties": {
        "id": "15BV4Q9Y5EEE48ANWMULDHQYU",
        "gridName": "MainGrid"
      },
      "geometry": {
        "type": "Polygon",
        "coordinates": [
          [
            [
              105860.56,
              103121.02
            ],
            [
              201243.0,
              103121.02
            ],
            [
              201243.0,
              197395.92
            ],
            [
              105860.56,
              197395.92
            ],
            [
              105860.56,
              103121.02
            ]
          ]
        ]
      }
    },
    {
      "type": "Feature",
      "properties": {
        "id": "15DGNV4CABLD7070BYB37O7F8",
        "gridName": "HLOD0_256m_4095m"
      },
      "geometry": {
        "type": "Polygon",
        "coordinates": [
          [
            [
              327600.0,
              75600.0
            ],
            [
              352800.0,
              75600.0
            ],
            [
              352800.0,
              100800.0
            ],
            [
              327600.0,
              100800.0
            ],
            [
              327600.0,
              75600.0
            ]
          ]
        ]
      }
    },
    {
      "type": "Feature",
      "properties": {
        "id": "162LXOILNDO3FA6R0BP3XRE80",
        "gridName": "MainGrid"
      },
      "geometry": {
        "type": "Polygon",
        "coordinates": [
          [
            [
              -454937.6,
              -354521.16
            ],
            [
              -428401.0,
              -354521.16
            ],
            [
              -428401.0,
              -294521.16
            ],
            [
              -454937.6,
              -294521.16
            ],
            [
              -454937.6,
              -354521.16
            ]
          ]
        ]
      }
    },
    {
      "type": "Feature",
      "properties": {
        "id": "17VEVPPHVPPNAPM1HW9RRJQX9",
        "gridName": "MainGrid"
      },
      "geometry": {
        "type": "Polygon",
        "coordinates": [
          [
            [
              -273078.0,
              721663.25
            ],
            [
              -233078.0,
              721663.25
            ],
            [
              -233078.0,
              774366.6
            ],
            [
              -273078.0,
              774366.6
            ],
            [
              -273078.0,
              721663.25
            ]
          ]
        ]
      }
    },
    {
      "type": "Feature",
      "properties": {
        "id": "18E938JGHMST8YACP6GE17QAA",
        "gridName": "MainGrid"
      },
      "geometry": {
        "type": "Polygon",
        "coordinates": [
          [
            [
              -680667.3,
              729519.7
            ],
            [
              -655201.0,
              729519.7
            ],
            [
              -655201.0,
              755999.0
            ],
            [
              -680667.3,
              755999.0
            ],
            [
              -680667.3,
              729519.7
            ]
          ]
        ]
      }
    },
    {
      "type": "Feature",
      "properties": {
        "id": "18N244APW4V9L73DO3NLQFG2M",
        "gridName": "HLOD0_256m_4095m"
      },
      "geometry": {
        "type": "Polygon",
        "coordinates": [
          [
            [
              378000.0,
              226800.0
            ],
            [
              403200.0,
              226800.0
            ],
            [
              403200.0,
              252000.0
            ],
            [
              378000.0,
              252000.0
            ],
            [
              378000.0,
              226800.0
            ]
          ]
        ]
      }
    },
    {
      "type": "Feature",
      "properties": {
        "id": "19BI10WC9NP3VWPB3N9ZUVUTE",
        "gridName": "MainGrid"
      },
      "geometry": {
        "type": "Polygon",
        "coordinates": [
          [
            [
              274301.66,
              192863.11
            ],
            [
              312176.94,
              192863.11
            ],
            [
              312176.94,
              234819.75
            ],
            [
              274301.66,
              234819.75
            ],
            [
              274301.66,
              192863.11
            ]
          ]
        ]
      }
    },
    {
      "type": "Feature",
      "properties": {
        "id": "19TJU1A686AC5HZ38MU079D9D",
        "gridName": "MainGrid"
      },
      "geometry": {
        "type": "Polygon",
        "coordinates": [
          [
            [
              202200.0,
              168051.2
            ],
            [
              246571.22,
              168051.2
            ],
            [
              246571.22,
              196353.19
            ],
            [
              202200.0,
              196353.19
            ],
            [
              202200.0,
              168051.2
            ]
          ]
        ]
      }
    },
    {
      "type": "Feature",
      "properties": {
        "id": "1A3Y0P30NIRR0626SJYPS4UHC",
        "gridName": "HLOD0_256m_4095m"
      },
      "geometry": {
        "type": "Polygon",
        "coordinates": [
          [
            [
              -756000.0,
              730800.0
            ],
            [
              -730800.0,
              730800.0
            ],
            [
              -730800.0,
              756000.0
            ],
            [
              -756000.0,
              756000.0
            ],
            [
              -756000.0,
              730800.0
            ]
          ]
        ]
      }
    },
    {
      "type": "Feature",
      "properties": {
        "id": "1AEP5DGD1XXTXYOCR4YCRLQJO",
        "gridName": "MainGrid"
      },
      "geometry": {
        "type": "Polygon",
        "coordinates": [
          [
            [
              188625.02,
              -57774.61
            ],
            [
              233772.92,
              -57774.61
            ],
            [
              233772.92,
              -21556.982
            ],
            [
              188625.02,
              -21556.982
            ],
            [
              188625.02,
              -57774.61
            ]
          ]
        ]
      }
    },
    {
      "type": "Feature",
      "properties": {
        "id": "1B2CQ3FT4FD2FTTZZS3TY0NS1",
        "gridName": "MainGrid"
      },
      "geometry": {
        "type": "Polygon",
        "coordinates": [
          [
            [
              117852.81,
              42537.676
            ],
            [
              151357.98,
              42537.676
            ],
            [
              151357.98,
              78851.93
            ],
            [
              117852.81,
              78851.93
            ],
            [
              117852.81,
              42537.676
            ]
          ]
        ]
      }
    },
    {
      "type": "Feature",
      "properties": {
        "id": "1B9LSUXKS7F74L1Q5YQ3WZO8R",
        "gridName": "MainGrid"
      },
      "geometry": {
        "type": "Polygon",
        "coordinates": [
          [
            [
              -178132.45,
              75601.0
            ],
            [
              -151201.0,
              75601.0
            ],
            [
              -151201.0,
              101058.02
            ],
            [
              -178132.45,
              101058.02
            ],
            [
              -178132.45,
              75601.0
            ]
          ]
        ]
      }
    },
    {
      "type": "Feature",
      "properties": {
        "id": "1BN0S9G346IARENAQ84YP2SJH",
        "gridName": "MainGrid"
      },
      "geometry": {
        "type": "Polygon",
        "coordinates": [
          [
            [
              -12600.0,
              -12600.0
            ],
            [
              -12600.0,
              -12600.0
            ],
            [
              -12600.0,
              -12600.0
            ],
            [
              -12600.0,
              -12600.0
            ],
            [
              -12600.0,
              -12600.0
            ]
          ]
        ]
      }
    },
    {
      "type": "Feature",
      "properties": {
        "id": "1BR01WO3AIY9E7BD5JDLC4XU1",
        "gridName": "HLOD0_256m_4095m"
      },
      "geometry": {
        "type": "Polygon",
        "coordinates": [
          [
            [
              -705600.0,
              705600.0
            ],
            [
              -680400.0,
              705600.0
            ],
            [
              -680400.0,
              730800.0
            ],
            [
              -705600.0,
              730800.0
            ],
            [
              -705600.0,
              705600.0
            ]
          ]
        ]
      }
    },
    {
      "type": "Feature",
      "properties": {
        "id": "1D96VT2UBHLU4FGPLUHRYHJSX",
        "gridName": "MainGrid"
      },
      "geometry": {
        "type": "Polygon",
        "coordinates": [
          [
            [
              -736790.6,
              746384.0
            ],
            [
              -697378.6,
              746384.0
            ],
            [
              -697378.6,
              782262.4
            ],
            [
              -736790.6,
              782262.4
            ],
            [
              -736790.6,
              746384.0
            ]
          ]
        ]
      }
    },
    {
      "type": "Feature",
      "properties": {
        "id": "1DHP8783PVDX93ALEQW9OLG84",
        "gridName": "MainGrid"
      },
      "geometry": {
        "type": "Polygon",
        "coordinates": [
          [
            [
              -478799.0,
              -251999.0
            ],
            [
              -453601.0,
              -251999.0
            ],
            [
              -453601.0,
              -226801.0
            ],
            [
              -478799.0,
              -226801.0
            ],
            [
              -478799.0,
              -251999.0
            ]
          ]
        ]
      }
    },
    {
      "type": "Feature",
      "properties": {
        "id": "1DMMSJLZQ4JNI7637GSF1DTXK",
        "gridName": "MainGrid"
      },
      "geometry": {
        "type": "Polygon",
        "coordinates": [
          [
            [
              294802.75,
              170848.94
            ],
            [
              333132.53,
              170848.94
            ],
            [
              333132.53,
              211339.52
            ],
            [
              294802.75,
              211339.52
            ],
            [
              294802.75,
              170848.94
            ]
          ]
        ]
      }
    },
    {
      "type": "Feature",
      "properties": {
        "id": "1DOIDN0GAKO9GE9RF6A5JNW56",
        "gridName": "MainGrid"
      },
      "geometry": {
        "type": "Polygon",
        "coordinates": [
          [
            [
              -461687.7,
              39000.0
            ],
            [
              -428401.0,
              39000.0
            ],
            [
              -428401.0,
              84000.0
            ],
            [
              -461687.7,
              84000.0
            ],
            [
              -461687.7,
              39000.0
            ]
          ]
        ]
      }
    },
    {
      "type": "Feature",
      "properties": {
        "id": "1DRUXDUMIWXE1LEC7WZQSENQL",
        "gridName": "MainGrid"
      },
      "geometry": {
        "type": "Polygon",
        "coordinates": [
          [
            [
              -781199.0,
              -201599.0
            ],
            [
              -756001.0,
              -201599.0
            ],
            [
              -756001.0,
              -176401.0
            ],
            [
              -781199.0,
              -176401.0
            ],
            [
              -781199.0,
              -201599.0
            ]
          ]
        ]
      }
    },
    {
      "type": "Feature",
      "properties": {
        "id": "1EFIYACTJLKB5CJXIHH0YQIPI",
        "gridName": "MainGrid"
      },
      "geometry": {
        "type": "Polygon",
        "coordinates": [
          [
            [
              -100799.0,
              -75599.0
            ],
            [
              -75601.0,
              -75599.0
            ],
            [
              -75601.0,
              -44151.414
            ],
            [
              -100799.0,
              -44151.414
            ],
            [
              -100799.0,
              -75599.0
            ]
          ]
        ]
      }
    },
    {
      "type": "Feature",
      "properties": {
        "id": "1EP00NKSFW5IPORDK14EP3N2H",
        "gridName": "MainGrid"
      },
      "geometry": {
        "type": "Polygon",
        "coordinates": [
          [
            [
              -786705.44,
              651375.94
            ],
            [
              -751969.06,
              651375.94
            ],
            [
              -751969.06,
              686183.75
            ],
            [
              -786705.44,
              686183.75
            ],
            [
              -786705.44,
              651375.94
            ]
          ]
        ]
      }
    },
    {
      "type": "Feature",
      "properties": {
        "id": "1F0KDQH03KUTRJTQ26UFT2GE8",
        "gridName": "MainGrid"
      },
      "geometry": {
        "type": "Polygon",
        "coordinates": [
          [
            [
              -680399.0,
              -327599.0
            ],
            [
              -655201.0,
              -327599.0
            ],
            [
              -655201.0,
              -302401.0
            ],
            [
              -680399.0,
              -302401.0
            ],
            [
              -680399.0,
              -327599.0
            ]
          ]
        ]
      }
    },
    {
      "type": "Feature",
      "properties": {
        "id": "1FSKDK7ONH0OQR1NZM1LQQ2P1",
        "gridName": "MainGrid"
      },
      "geometry": {
        "type": "Polygon",
        "coordinates": [
          [
            [
              -629999.0,
              -302399.0
            ],
            [
              -604801.0,
              -302399.0
            ],
            [
              -604801.0,
              -277201.0
            ],
            [
              -629999.0,
              -277201.0
            ],
            [
              -629999.0,
              -302399.0
            ]
          ]
        ]
      }
    },
    {
      "type": "Feature",
      "properties": {
        "id": "1FUPW4D2LRCUSLQLNYTM6PJ87",
        "gridName": "MainGrid"
      },
      "geometry": {
        "type": "Polygon",
        "coordinates": [
          [
            [
              74565.36,
              201601.0
            ],
            [
              104978.17,
              201601.0
            ],
            [
              104978.17,
              226799.0
            ],
            [
              74565.36,
              226799.0
            ],
            [
              74565.36,
              201601.0
            ]
          ]
        ]
      }
    },
    {
      "type": "Feature",
      "properties": {
        "id": "1G26TWZVQPPPUIQCFOHARYE6N",
        "gridName": "MainGrid"
      },
      "geometry": {
        "type": "Polygon",
        "coordinates": [
          [
            [
              253399.95,
              518442.1
            ],
            [
              295948.06,
              518442.1
            ],
            [
              295948.06,
              553799.1
            ],
            [
              253399.95,
              553799.1
            ],
            [
              253399.95,
              518442.1
            ]
          ]
        ]
      }
    },
    {
      "type": "Feature",
      "properties": {
        "id": "1GFGNWUWOQ6DJX88OYE1T5LB5",
        "gridName": "MainGrid"
      },
      "geometry": {
        "type": "Polygon",
        "coordinates": [
          [
            [
              -183265.16,
              503900.12
            ],
            [
              -137114.25,
              503900.12
            ],
            [
              -137114.25,
              550052.9
            ],
            [
              -183265.16,
              550052.9
            ],
            [
              -183265.16,
              503900.12
            ]
          ]
        ]
      }
    },
    {
      "type": "Feature",
      "properties": {
        "id": "1HV5ZLKG1GTTNVW205DRRU42C",
        "gridName": "VisualGrid"
      },
      "geometry": {
        "type": "Polygon",
        "coordinates": [
          [
            [
              -749811.5,
              704459.5
            ],
            [
              -723776.7,
              704459.5
            ],
            [
              -723776.7,
              732763.2
            ],
            [
              -749811.5,
              732763.2
            ],
            [
              -749811.5,
              704459.5
            ]
          ]
        ]
      }
    },
    {
      "type": "Feature",
      "properties": {
        "id": "1HWC6BS33CQWZRV6TI7KXITTG",
        "gridName": "MainGrid"
      },
      "geometry": {
        "type": "Polygon",
        "coordinates": [
          [
            [
              -705599.0,
              -327599.0
            ],
            [
              -680401.0,
              -327599.0
            ],
            [
              -680401.0,
              -302401.0
            ],
            [
              -705599.0,
              -302401.0
            ],
            [
              -705599.0,
              -327599.0
            ]
          ]
        ]
      }
    },
    {
      "type": "Feature",
      "properties": {
        "id": "1JD88PWF1MY76XWZ3YHIMCHGY",
        "gridName": "HLOD0_256m_4095m"
      },
      "geometry": {
        "type": "Polygon",
        "coordinates": [
          [
            [
              -25200.0,
              176400.0
            ],
            [
              0.0,
              176400.0
            ],
            [
              0.0,
              201600.0
            ],
            [
              -25200.0,
              201600.0
            ],
            [
              -25200.0,
              176400.0
            ]
          ]
        ]
      }
    },
    {
      "type": "Feature",
      "properties": {
        "id": "1JDO27XCN5CCFRIXW55XECGW2",
        "gridName": "HLOD0_256m_4095m"
      },
      "geometry": {
        "type": "Polygon",
        "coordinates": [
          [
            [
              151200.0,
              -100800.0
            ],
            [
              176400.0,
              -100800.0
            ],
            [
              176400.0,
              -75600.0
            ],
            [
              151200.0,
              -75600.0
            ],
            [
              151200.0,
              -100800.0
            ]
          ]
        ]
      }
    },
    {
      "type": "Feature",
      "properties": {
        "id": "1JMUFJC4EL3ROEI370CBHDN6A",
        "gridName": "MainGrid"
      },
      "geometry": {
        "type": "Polygon",
        "coordinates": [
          [
            [
              -815883.6,
              744824.9
            ],
            [
              -781201.0,
              744824.9
            ],
            [
              -781201.0,
              781199.0
            ],
            [
              -815883.6,
              781199.0
            ],
            [
              -815883.6,
              744824.9
            ]
          ]
        ]
      }
    },
    {
      "type": "Feature",
      "properties": {
        "id": "1JNGUIC8DUAK4VGGRZF7J2XXX",
        "gridName": "HLOD0_256m_4095m"
      },
      "geometry": {
        "type": "Polygon",
        "coordinates": [
          [
            [
              277200.0,
              50400.0
            ],
            [
              302400.0,
              50400.0
            ],
            [
              302400.0,
              75600.0
            ],
            [
              277200.0,
              75600.0
            ],
            [
              277200.0,
              50400.0
            ]
          ]
        ]
      }
    },
    {
      "type": "Feature",
      "properties": {
        "id": "1JTBF3UD7BHSDZCSLNWJJIL8D",
        "gridName": "MainGrid"
      },
      "geometry": {
        "type": "Polygon",
        "coordinates": [
          [
            [
              151201.0,
              226801.0
            ],
            [
              176399.0,
              226801.0
            ],
            [
              176399.0,
              251999.0
            ],
            [
              151201.0,
              251999.0
            ],
            [
              151201.0,
              226801.0
            ]
          ]
        ]
      }
    },
    {
      "type": "Feature",
      "properties": {
        "id": "1JXKPOFVKDHYCZCCFYH10BSEO",
        "gridName": "MainGrid"
      },
      "geometry": {
        "type": "Polygon",
        "coordinates": [
          [
            [
              -290260.22,
              661343.1
            ],
            [
              -250260.23,
              661343.1
            ],
            [
              -250260.23,
              701345.0
            ],
            [
              -290260.22,
              701345.0
            ],
            [
              -290260.22,
              661343.1
            ]
          ]
        ]
      }
    },
    {
      "type": "Feature",
      "properties": {
        "id": "1K3GM16XWFP7ANWWAKUSWHZE9",
        "gridName": "MainGrid"
      },
      "geometry": {
        "type": "Polygon",
        "coordinates": [
          [
            [
              176401.0,
              186259.12
            ],
            [
              208889.83,
              186259.12
            ],
            [
              208889.83,
              232874.6
            ],
            [
              176401.0,
              232874.6
            ],
            [
              176401.0,
              186259.12
            ]
          ]
        ]
      }
    },
    {
      "type": "Feature",
      "properties": {
        "id": "1K51KTL19FAKAKYS8IAL7U65Y",
        "gridName": "MainGrid"
      },
      "geometry": {
        "type": "Polygon",
        "coordinates": [
          [
            [
              -481068.06,
              -129671.99
            ],
            [
              -445771.16,
              -129671.99
            ],
            [
              -445771.16,
              -100801.0
            ],
            [
              -481068.06,
              -100801.0
            ],
            [
              -481068.06,
              -129671.99
            ]
          ]
        ]
      }
    },
    {
      "type": "Feature",
      "properties": {
        "id": "1L1H2HMMGYTXPKGP42FUWRR5X",
        "gridName": "MainGrid"
      },
      "geometry": {
        "type": "Polygon",
        "coordinates": [
          [
            [
              9601.586,
              114385.85
            ],
            [
              90175.945,
              114385.85
            ],
            [
              90175.945,
              201251.02
            ],
            [
              9601.586,
              201251.02
            ],
            [
              9601.586,
              114385.85
            ]
          ]
        ]
      }
    },
    {
      "type": "Feature",
      "properties": {
        "id": "1L7KXFFM3ND4EFWAISSV5X6VL",
        "gridName": "MainGrid"
      },
      "geometry": {
        "type": "Polygon",
        "coordinates": [
          [
            [
              151201.0,
              252001.0
            ],
            [
              176399.0,
              252001.0
            ],
            [
              176399.0,
              277199.0
            ],
            [
              151201.0,
              277199.0
            ],
            [
              151201.0,
              252001.0
            ]
          ]
        ]
      }
    },
    {
      "type": "Feature",
      "properties": {
        "id": "1MFKXZHA25KDVE4NAANG2Q58A",
        "gridName": "MainGrid"
      },
      "geometry": {
        "type": "Polygon",
        "coordinates": [
          [
            [
              -629999.0,
              -151199.0
            ],
            [
              -604801.0,
              -151199.0
            ],
            [
              -604801.0,
              -126001.0
            ],
            [
              -629999.0,
              -126001.0
            ],
            [
              -629999.0,
              -151199.0
            ]
          ]
        ]
      }
    },
    {
      "type": "Feature",
      "properties": {
        "id": "1NB8PTYACXXHCY6PQSF29MO57",
        "gridName": "MainGrid"
      },
      "geometry": {
        "type": "Polygon",
        "coordinates": [
          [
            [
              -554399.0,
              100801.0
            ],
            [
              -529201.0,
              100801.0
            ],
            [
              -529201.0,
              125999.0
            ],
            [
              -554399.0,
              125999.0
            ],
            [
              -554399.0,
              100801.0
            ]
          ]
        ]
      }
    },
    {
      "type": "Feature",
      "properties": {
        "id": "1NOO68QCN6J5Y6H314339OJOB",
        "gridName": "MainGrid"
      },
      "geometry": {
        "type": "Polygon",
        "coordinates": [
          [
            [
              71115.66,
              148471.44
            ],
            [
              107709.086,
              148471.44
            ],
            [
              107709.086,
              184452.84
            ],
            [
              71115.66,
              184452.84
            ],
            [
              71115.66,
              148471.44
            ]
          ]
        ]
      }
    },
    {
      "type": "Feature",
      "properties": {
        "id": "1OO6UEAC95FFSYQ714RQTW5IL",
        "gridName": "MainGrid"
      },
      "geometry": {
        "type": "Polygon",
        "coordinates": [
          [
            [
              424274.8,
              371821.78
            ],
            [
              443264.97,
              371821.78
            ],
            [
              443264.97,
              539821.75
            ],
            [
              424274.8,
              539821.75
            ],
            [
              424274.8,
              371821.78
            ]
          ]
        ]
      }
    },
    {
      "type": "Feature",
      "properties": {
        "id": "1PB98194JW8L4FHWBDWTDS53P",
        "gridName": "MainGrid"
      },
      "geometry": {
        "type": "Polygon",
        "coordinates": [
          [
            [
              -831599.0,
              680401.0
            ],
            [
              -806401.0,
              680401.0
            ],
            [
              -806401.0,
              705599.0
            ],
            [
              -831599.0,
              705599.0
            ],
            [
              -831599.0,
              680401.0
            ]
          ]
        ]
      }
    },
    {
      "type": "Feature",
      "properties": {
        "id": "1PWC2PFGOZS1Q6XB8HPM19HTM",
        "gridName": "MainGrid"
      },
      "geometry": {
        "type": "Polygon",
        "coordinates": [
          [
            [
              226801.0,
              453601.0
            ],
            [
              251999.0,
              453601.0
            ],
            [
              251999.0,
              478799.0
            ],
            [
              226801.0,
              478799.0
            ],
            [
              226801.0,
              453601.0
            ]
          ]
        ]
      }
    },
    {
      "type": "Feature",
      "properties": {
        "id": "1S2EGUWDHU055EFHRNE5X6FX9",
        "gridName": "HLOD0_256m_4095m"
      },
      "geometry": {
        "type": "Polygon",
        "coordinates": [
          [
            [
              378000.0,
              50400.0
            ],
            [
              403200.0,
              50400.0
            ],
            [
              403200.0,
              75600.0
            ],
            [
              378000.0,
              75600.0
            ],
            [
              378000.0,
              50400.0
            ]
          ]
        ]
      }
    },
    {
      "type": "Feature",
      "properties": {
        "id": "1S34ZWMCYM9VZ5JA6WJ1OPNCF",
        "gridName": "MainGrid"
      },
      "geometry": {
        "type": "Polygon",
        "coordinates": [
          [
            [
              100801.0,
              504001.0
            ],
            [
              125999.0,
              504001.0
            ],
            [
              125999.0,
              529199.0
            ],
            [
              100801.0,
              529199.0
            ],
            [
              100801.0,
              504001.0
            ]
          ]
        ]
      }
    },
    {
      "type": "Feature",
      "properties": {
        "id": "1S4KB5A20BL0FF1582JNI2L8S",
        "gridName": "HLOD0_256m_4095m"
      },
      "geometry": {
        "type": "Polygon",
        "coordinates": [
          [
            [
              226800.0,
              151200.0
            ],
            [
              252000.0,
              151200.0
            ],
            [
              252000.0,
              176400.0
            ],
            [
              226800.0,
              176400.0
            ],
            [
              226800.0,
              151200.0
            ]
          ]
        ]
      }
    },
    {
      "type": "Feature",
      "properties": {
        "id": "1SG7QOSA5IA803EM908161XGK",
        "gridName": "HLOD0_256m_4095m"
      },
      "geometry": {
        "type": "Polygon",
        "coordinates": [
          [
            [
              277200.0,
              252000.0
            ],
            [
              302400.0,
              252000.0
            ],
            [
              302400.0,
              277200.0
            ],
            [
              277200.0,
              277200.0
            ],
            [
              277200.0,
              252000.0
            ]
          ]
        ]
      }
    },
    {
      "type": "Feature",
      "properties": {
        "id": "1U5ALQ6K023IL9M1VUFNJ41K5",
        "gridName": "MainGrid"
      },
      "geometry": {
        "type": "Polygon",
        "coordinates": [
          [
            [
              126001.0,
              403201.0
            ],
            [
              151199.0,
              403201.0
            ],
            [
              151199.0,
              428399.0
            ],
            [
              126001.0,
              428399.0
            ],
            [
              126001.0,
              403201.0
            ]
          ]
        ]
      }
    },
    {
      "type": "Feature",
      "properties": {
        "id": "1UDWQCW0HR7M9KKZ12TN875PU",
        "gridName": "MainGrid"
      },
      "geometry": {
        "type": "Polygon",
        "coordinates": [
          [
            [
              176401.0,
              403201.0
            ],
            [
              201599.0,
              403201.0
            ],
            [
              201599.0,
              428399.0
            ],
            [
              176401.0,
              428399.0
            ],
            [
              176401.0,
              403201.0
            ]
          ]
        ]
      }
    },
    {
      "type": "Feature",
      "properties": {
        "id": "1W7IY7V13C7ABZ70039PYAW3P",
        "gridName": "MainGrid"
      },
      "geometry": {
        "type": "Polygon",
        "coordinates": [
          [
            [
              -105969.375,
              50401.0
            ],
            [
              -75601.0,
              50401.0
            ],
            [
              -75601.0,
              75599.0
            ],
            [
              -105969.375,
              75599.0
            ],
            [
              -105969.375,
              50401.0
            ]
          ]
        ]
      }
    },
    {
      "type": "Feature",
      "properties": {
        "id": "1WHOBBE63IQPF8O671ECK79Z8",
        "gridName": "MainGrid"
      },
      "geometry": {
        "type": "Polygon",
        "coordinates": [
          [
            [
              248962.39,
              247672.81
            ],
            [
              299608.12,
              247672.81
            ],
            [
              299608.12,
              277199.0
            ],
            [
              248962.39,
              277199.0
            ],
            [
              248962.39,
              247672.81
            ]
          ]
        ]
      }
    },
    {
      "type": "Feature",
      "properties": {
        "id": "1WS1RXCOH8DSP3TJTK1E5DJRI",
        "gridName": "MainGrid"
      },
      "geometry": {
        "type": "Polygon",
        "coordinates": [
          [
            [
              -125999.0,
              25201.0
            ],
            [
              -96532.66,
              25201.0
            ],
            [
              -96532.66,
              50754.89
            ],
            [
              -125999.0,
              50754.89
            ],
            [
              -125999.0,
              25201.0
            ]
          ]
        ]
      }
    },
    {
      "type": "Feature",
      "properties": {
        "id": "1Z46DCJ34R66M7RLB7YVGQB35",
        "gridName": "MainGrid"
      },
      "geometry": {
        "type": "Polygon",
        "coordinates": [
          [
            [
              -714200.0,
              704788.9
            ],
            [
              -679604.9,
              704788.9
            ],
            [
              -679604.9,
              737224.56
            ],
            [
              -714200.0,
              737224.56
            ],
            [
              -714200.0,
              704788.9
            ]
          ]
        ]
      }
    },
    {
      "type": "Feature",
      "properties": {
        "id": "1ZLTERTU512X9T172T33LQCF0",
        "gridName": "HLOD0_256m_4095m"
      },
      "geometry": {
        "type": "Polygon",
        "coordinates": [
          [
            [
              378000.0,
              100800.0
            ],
            [
              403200.0,
              100800.0
            ],
            [
              403200.0,
              126000.0
            ],
            [
              378000.0,
              126000.0
            ],
            [
              378000.0,
              100800.0
            ]
          ]
        ]
      }
    },
    {
      "type": "Feature",
      "properties": {
        "id": "1ZMIRK70Q00LL27LSRLJVQQU9",
        "gridName": "MainGrid"
      },
      "geometry": {
        "type": "Polygon",
        "coordinates": [
          [
            [
              45567.44,
              -56741.105
            ],
            [
              80587.0,
              -56741.105
            ],
            [
              80587.0,
              -20666.447
            ],
            [
              45567.44,
              -20666.447
            ],
            [
              45567.44,
              -56741.105
            ]
          ]
        ]
      }
    },
    {
      "type": "Feature",
      "properties": {
        "id": "1ZV3DEZH1Z7C4JGRPTSLWLDYT",
        "gridName": "MainGrid"
      },
      "geometry": {
        "type": "Polygon",
        "coordinates": [
          [
            [
              -554399.0,
              -176399.0
            ],
            [
              -529201.0,
              -176399.0
            ],
            [
              -529201.0,
              -151201.0
            ],
            [
              -554399.0,
              -151201.0
            ],
            [
              -554399.0,
              -176399.0
            ]
          ]
        ]
      }
    },
    {
      "type": "Feature",
      "properties": {
        "id": "1ZXIEOON7EIIM8II53NUIC2D2",
        "gridName": "MainGrid"
      },
      "geometry": {
        "type": "Polygon",
        "coordinates": [
          [
            [
              376445.34,
              73017.07
            ],
            [
              403199.0,
              73017.07
            ],
            [
              403199.0,
              115830.05
            ],
            [
              376445.34,
              115830.05
            ],
            [
              376445.34,
              73017.07
            ]
          ]
        ]
      }
    },
    {
      "type": "Feature",
      "properties": {
        "id": "20F3P8MLCHXHM9SWSIHIT2MD0",
        "gridName": "HLOD0_256m_4095m"
      },
      "geometry": {
        "type": "Polygon",
        "coordinates": [
          [
            [
              126000.0,
              -100800.0
            ],
            [
              151200.0,
              -100800.0
            ],
            [
              151200.0,
              -75600.0
            ],
            [
              126000.0,
              -75600.0
            ],
            [
              126000.0,
              -100800.0
            ]
          ]
        ]
      }
    },
    {
      "type": "Feature",
      "properties": {
        "id": "20JD4QH6M5ZIZKAY8XQVY9ROP",
        "gridName": "HLOD0_256m_4095m"
      },
      "geometry": {
        "type": "Polygon",
        "coordinates": [
          [
            [
              -50400.0,
              176400.0
            ],
            [
              -25200.0,
              176400.0
            ],
            [
              -25200.0,
              201600.0
            ],
            [
              -50400.0,
              201600.0
            ],
            [
              -50400.0,
              176400.0
            ]
          ]
        ]
      }
    },
    {
      "type": "Feature",
      "properties": {
        "id": "21AFZTDKRK5F22YGWR67WGHMD",
        "gridName": "MainGrid"
      },
      "geometry": {
        "type": "Polygon",
        "coordinates": [
          [
            [
              151400.0,
              202946.3
            ],
            [
              197966.78,
              202946.3
            ],
            [
              197966.78,
              245900.0
            ],
            [
              151400.0,
              245900.0
            ],
            [
              151400.0,
              202946.3
            ]
          ]
        ]
      }
    },
    {
      "type": "Feature",
      "properties": {
        "id": "244LRRXDEFIG5FVJZV9CDLKLY",
        "gridName": "MainGrid"
      },
      "geometry": {
        "type": "Polygon",
        "coordinates": [
          [
            [
              148114.67,
              -781337.75
            ],
            [
              148336.0,
              -781337.75
            ],
            [
              148336.0,
              -781095.5
            ],
            [
              148114.67,
              -781095.5
            ],
            [
              148114.67,
              -781337.75
            ]
          ]
        ]
      }
    },
    {
      "type": "Feature",
      "properties": {
        "id": "24MG3D1C2GJRN9CALY7J7APUE",
        "gridName": "MainGrid"
      },
      "geometry": {
        "type": "Polygon",
        "coordinates": [
          [
            [
              117141.19,
              19989.47
            ],
            [
              154674.06,
              19989.47
            ],
            [
              154674.06,
              57587.383
            ],
            [
              117141.19,
              57587.383
            ],
            [
              117141.19,
              19989.47
            ]
          ]
        ]
      }
    },
    {
      "type": "Feature",
      "properties": {
        "id": "25BJ7OLXZ20LJTRIHSF1YLHCT",
        "gridName": "MainGrid"
      },
      "geometry": {
        "type": "Polygon",
        "coordinates": [
          [
            [
              -806841.1,
              630001.0
            ],
            [
              -781201.0,
              630001.0
            ],
            [
              -781201.0,
              655199.0
            ],
            [
              -806841.1,
              655199.0
            ],
            [
              -806841.1,
              630001.0
            ]
          ]
        ]
      }
    },
    {
      "type": "Feature",
      "properties": {
        "id": "25K48HH4Q3MFEACTE7HUZOHMJ",
        "gridName": "MainGrid"
      },
      "geometry": {
        "type": "Polygon",
        "coordinates": [
          [
            [
              -705599.0,
              -125999.0
            ],
            [
              -680401.0,
              -125999.0
            ],
            [
              -680401.0,
              -100801.0
            ],
            [
              -705599.0,
              -100801.0
            ],
            [
              -705599.0,
              -125999.0
            ]
          ]
        ]
      }
    },
    {
      "type": "Feature",
      "properties": {
        "id": "25RQDFENY2YHX6UX6MNS97E6Y",
        "gridName": "MainGrid"
      },
      "geometry": {
        "type": "Polygon",
        "coordinates": [
          [
            [
              151201.0,
              201601.0
            ],
            [
              176399.0,
              201601.0
            ],
            [
              176399.0,
              226799.0
            ],
            [
              151201.0,
              226799.0
            ],
            [
              151201.0,
              201601.0
            ]
          ]
        ]
      }
    },
    {
      "type": "Feature",
      "properties": {
        "id": "25Y9339H1ADFNHXQUH60JE8DB",
        "gridName": "VisualGrid"
      },
      "geometry": {
        "type": "Polygon",
        "coordinates": [
          [
            [
              136336.33,
              103008.34
            ],
            [
              147090.45,
              103008.34
            ],
            [
              147090.45,
              112358.51
            ],
            [
              136336.33,
              112358.51
            ],
            [
              136336.33,
              103008.34
            ]
          ]
        ]
      }
    },
    {
      "type": "Feature",
      "properties": {
        "id": "261JL7C1DHO3Y9457P274WM08",
        "gridName": "MainGrid"
      },
      "geometry": {
        "type": "Polygon",
        "coordinates": [
          [
            [
              -503999.0,
              -201599.0
            ],
            [
              -478801.0,
              -201599.0
            ],
            [
              -478801.0,
              -176401.0
            ],
            [
              -503999.0,
              -176401.0
            ],
            [
              -503999.0,
              -201599.0
            ]
          ]
        ]
      }
    },
    {
      "type": "Feature",
      "properties": {
        "id": "277ZS2E2QFDI8IMRS3E5HYT4I",
        "gridName": "MainGrid"
      },
      "geometry": {
        "type": "Polygon",
        "coordinates": [
          [
            [
              -705599.0,
              -176399.0
            ],
            [
              -680401.0,
              -176399.0
            ],
            [
              -680401.0,
              -151201.0
            ],
            [
              -705599.0,
              -151201.0
            ],
            [
              -705599.0,
              -176399.0
            ]
          ]
        ]
      }
    },
    {
      "type": "Feature",
      "properties": {
        "id": "27LNFP9VYUHSVJKVJCI0G27BD",
        "gridName": "HLOD0_256m_1999m"
      },
      "geometry": {
        "type": "Polygon",
        "coordinates": [
          [
            [
              277200.0,
              277200.0
            ],
            [
              302400.0,
              277200.0
            ],
            [
              302400.0,
              302400.0
            ],
            [
              277200.0,
              302400.0
            ],
            [
              277200.0,
              277200.0
            ]
          ]
        ]
      }
    },
    {
      "type": "Feature",
      "properties": {
        "id": "2865A4OS51GP3NG0O17RMWEJ9",
        "gridName": "MainGrid"
      },
      "geometry": {
        "type": "Polygon",
        "coordinates": [
          [
            [
              -503999.0,
              75601.0
            ],
            [
              -478801.0,
              75601.0
            ],
            [
              -478801.0,
              100799.0
            ],
            [
              -503999.0,
              100799.0
            ],
            [
              -503999.0,
              75601.0
            ]
          ]
        ]
      }
    },
    {
      "type": "Feature",
      "properties": {
        "id": "287UGMQJL20CK5J6VBG1J2FJP",
        "gridName": "MainGrid"
      },
      "geometry": {
        "type": "Polygon",
        "coordinates": [
          [
            [
              225723.38,
              124536.625
            ],
            [
              251999.0,
              124536.625
            ],
            [
              251999.0,
              161297.14
            ],
            [
              225723.38,
              161297.14
            ],
            [
              225723.38,
              124536.625
            ]
          ]
        ]
      }
    },
    {
      "type": "Feature",
      "properties": {
        "id": "28SBK6MYX4U9X9TST7OV336B0",
        "gridName": "MainGrid"
      },
      "geometry": {
        "type": "Polygon",
        "coordinates": [
          [
            [
              121949.53,
              147566.9
            ],
            [
              151199.0,
              147566.9
            ],
            [
              151199.0,
              176399.0
            ],
            [
              121949.53,
              176399.0
            ],
            [
              121949.53,
              147566.9
            ]
          ]
        ]
      }
    },
    {
      "type": "Feature",
      "properties": {
        "id": "29B6G59QG5HZKI4DSP6S2LZ36",
        "gridName": "MainGrid"
      },
      "geometry": {
        "type": "Polygon",
        "coordinates": [
          [
            [
              -838264.25,
              700318.44
            ],
            [
              -806401.0,
              700318.44
            ],
            [
              -806401.0,
              736566.3
            ],
            [
              -838264.25,
              736566.3
            ],
            [
              -838264.25,
              700318.44
            ]
          ]
        ]
      }
    },
    {
      "type": "Feature",
      "properties": {
        "id": "2ASJ8QIBQWZPMMDFCC4L6IQZS",
        "gridName": "MainGrid"
      },
      "geometry": {
        "type": "Polygon",
        "coordinates": [
          [
            [
              -781199.0,
              630001.0
            ],
            [
              -756001.0,
              630001.0
            ],
            [
              -756001.0,
              655199.0
            ],
            [
              -781199.0,
              655199.0
            ],
            [
              -781199.0,
              630001.0
            ]
          ]
        ]
      }
    },
    {
      "type": "Feature",
      "properties": {
        "id": "2BA4E45F59GU7FHJI5WP9NGV7",
        "gridName": "MainGrid"
      },
      "geometry": {
        "type": "Polygon",
        "coordinates": [
          [
            [
              253000.0,
              271300.0
            ],
            [
              278400.0,
              271300.0
            ],
            [
              278400.0,
              296700.0
            ],
            [
              253000.0,
              296700.0
            ],
            [
              253000.0,
              271300.0
            ]
          ]
        ]
      }
    },
    {
      "type": "Feature",
      "properties": {
        "id": "2BNU72GG25ORK2KCDPQTNTQ76",
        "gridName": "MainGrid"
      },
      "geometry": {
        "type": "Polygon",
        "coordinates": [
          [
            [
              280519.7,
              547222.0
            ],
            [
              296419.7,
              547222.0
            ],
            [
              296419.7,
              563122.0
            ],
            [
              280519.7,
              563122.0
            ],
            [
              280519.7,
              547222.0
            ]
          ]
        ]
      }
    },
    {
      "type": "Feature",
      "properties": {
        "id": "2C3XKK39VDOYW2SNNCBVWBPT7",
        "gridName": "HLOD0_256m_4095m"
      },
      "geometry": {
        "type": "Polygon",
        "coordinates": [
          [
            [
              25200.0,
              100800.0
            ],
            [
              50400.0,
              100800.0
            ],
            [
              50400.0,
              126000.0
            ],
            [
              25200.0,
              126000.0
            ],
            [
              25200.0,
              100800.0
            ]
          ]
        ]
      }
    },
    {
      "type": "Feature",
      "properties": {
        "id": "2C413UVL9HYGSIKBVSWHH0FNU",
        "gridName": "MainGrid"
      },
      "geometry": {
        "type": "Polygon",
        "coordinates": [
          [
            [
              -529199.0,
              100801.0
            ],
            [
              -504001.0,
              100801.0
            ],
            [
              -504001.0,
              125999.0
            ],
            [
              -529199.0,
              125999.0
            ],
            [
              -529199.0,
              100801.0
            ]
          ]
        ]
      }
    },
    {
      "type": "Feature",
      "properties": {
        "id": "2C98CBRMFU489LUOLC3WV5WD4",
        "gridName": "MainGrid"
      },
      "geometry": {
        "type": "Polygon",
        "coordinates": [
          [
            [
              -659551.25,
              -251999.0
            ],
            [
              -630001.0,
              -251999.0
            ],
            [
              -630001.0,
              -223972.22
            ],
            [
              -659551.25,
              -223972.22
            ],
            [
              -659551.25,
              -251999.0
            ]
          ]
        ]
      }
    },
    {
      "type": "Feature",
      "properties": {
        "id": "2CKDGQ7DAKVQ5IORE31KK7T1H",
        "gridName": "HLOD0_256m_4095m"
      },
      "geometry": {
        "type": "Polygon",
        "coordinates": [
          [
            [
              176400.0,
              50400.0
            ],
            [
              201600.0,
              50400.0
            ],
            [
              201600.0,
              75600.0
            ],
            [
              176400.0,
              75600.0
            ],
            [
              176400.0,
              50400.0
            ]
          ]
        ]
      }
    },
    {
      "type": "Feature",
      "properties": {
        "id": "2CVZKC5F50J69DB0K85L2NCY5",
        "gridName": "MainGrid"
      },
      "geometry": {
        "type": "Polygon",
        "coordinates": [
          [
            [
              100801.0,
              23172.025
            ],
            [
              132243.05,
              23172.025
            ],
            [
              132243.05,
              56084.508
            ],
            [
              100801.0,
              56084.508
            ],
            [
              100801.0,
              23172.025
            ]
          ]
        ]
      }
    },
    {
      "type": "Feature",
      "properties": {
        "id": "2D5L95NWFZ3MQ5AT1B61SS7UF",
        "gridName": "HLOD0_256m_4095m"
      },
      "geometry": {
        "type": "Polygon",
        "coordinates": [
          [
            [
              -453600.0,
              -327600.0
            ],
            [
              -428400.0,
              -327600.0
            ],
            [
              -428400.0,
              -302400.0
            ],
            [
              -453600.0,
              -302400.0
            ],
            [
              -453600.0,
              -327600.0
            ]
          ]
        ]
      }
    },
    {
      "type": "Feature",
      "properties": {
        "id": "2D7H9O4M9T77KI0M634QW5F3J",
        "gridName": "HLOD0_256m_4095m"
      },
      "geometry": {
        "type": "Polygon",
        "coordinates": [
          [
            [
              352800.0,
              75600.0
            ],
            [
              378000.0,
              75600.0
            ],
            [
              378000.0,
              100800.0
            ],
            [
              352800.0,
              100800.0
            ],
            [
              352800.0,
              75600.0
            ]
          ]
        ]
      }
    },
    {
      "type": "Feature",
      "properties": {
        "id": "2DV42UEYYVNG0TCPHWPBM8BHX",
        "gridName": "HLOD0_256m_4095m"
      },
      "geometry": {
        "type": "Polygon",
        "coordinates": [
          [
            [
              352800.0,
              25200.0
            ],
            [
              378000.0,
              25200.0
            ],
            [
              378000.0,
              50400.0
            ],
            [
              352800.0,
              50400.0
            ],
            [
              352800.0,
              25200.0
            ]
          ]
        ]
      }
    },
    {
      "type": "Feature",
      "properties": {
        "id": "2EHSRZVXD2WXH5VDW40MQS61G",
        "gridName": "MainGrid"
      },
      "geometry": {
        "type": "Polygon",
        "coordinates": [
          [
            [
              72193.75,
              -9782.952
            ],
            [
              110687.12,
              -9782.952
            ],
            [
              110687.12,
              25199.0
            ],
            [
              72193.75,
              25199.0
            ],
            [
              72193.75,
              -9782.952
            ]
          ]
        ]
      }
    },
    {
      "type": "Feature",
      "properties": {
        "id": "2ETT3UVT19ZRN3ULP5AQQEMOR",
        "gridName": "HLOD0_256m_4095m"
      },
      "geometry": {
        "type": "Polygon",
        "coordinates": [
          [
            [
              -453600.0,
              -352800.0
            ],
            [
              -428400.0,
              -352800.0
            ],
            [
              -428400.0,
              -327600.0
            ],
            [
              -453600.0,
              -327600.0
            ],
            [
              -453600.0,
              -352800.0
            ]
          ]
        ]
      }
    },
    {
      "type": "Feature",
      "properties": {
        "id": "2EZDVI8Q8B7A19UOIUYL7QVFF",
        "gridName": "MainGrid"
      },
      "geometry": {
        "type": "Polygon",
        "coordinates": [
          [
            [
              112768.26,
              123619.71
            ],
            [
              151199.0,
              123619.71
            ],
            [
              151199.0,
              156434.61
            ],
            [
              112768.26,
              156434.61
            ],
            [
              112768.26,
              123619.71
            ]
          ]
        ]
      }
    },
    {
      "type": "Feature",
      "properties": {
        "id": "2FE5GAM0V73QVCZI5G0TBJOHM",
        "gridName": "MainGrid"
      },
      "geometry": {
        "type": "Polygon",
        "coordinates": [
          [
            [
              -875564.8,
              -234814.66
            ],
            [
              -841038.8,
              -234814.66
            ],
            [
              -841038.8,
              -202371.31
            ],
            [
              -875564.8,
              -202371.31
            ],
            [
              -875564.8,
              -234814.66
            ]
          ]
        ]
      }
    },
    {
      "type": "Feature",
      "properties": {
        "id": "2FQ8SZB0H05O83YLU6YXUI6UH",
        "gridName": "MainGrid"
      },
      "geometry": {
        "type": "Polygon",
        "coordinates": [
          [
            [
              -453599.0,
              100801.0
            ],
            [
              -428401.0,
              100801.0
            ],
            [
              -428401.0,
              125999.0
            ],
            [
              -453599.0,
              125999.0
            ],
            [
              -453599.0,
              100801.0
            ]
          ]
        ]
      }
    },
    {
      "type": "Feature",
      "properties": {
        "id": "2FWCZM5ED81V1UZJ60937EQMK",
        "gridName": "MainGrid"
      },
      "geometry": {
        "type": "Polygon",
        "coordinates": [
          [
            [
              -680399.0,
              -352799.0
            ],
            [
              -655201.0,
              -352799.0
            ],
            [
              -655201.0,
              -327601.0
            ],
            [
              -680399.0,
              -327601.0
            ],
            [
              -680399.0,
              -352799.0
            ]
          ]
        ]
      }
    },
    {
      "type": "Feature",
      "properties": {
        "id": "2GQWBF68K26C7LNZIMFJUVU68",
        "gridName": "VisualGrid"
      },
      "geometry": {
        "type": "Polygon",
        "coordinates": [
          [
            [
              350049.28,
              119882.45
            ],
            [
              354314.1,
              119882.45
            ],
            [
              354314.1,
              123932.99
            ],
            [
              350049.28,
              123932.99
            ],
            [
              350049.28,
              119882.45
            ]
          ]
        ]
      }
    },
    {
      "type": "Feature",
      "properties": {
        "id": "2HVKOVQF3OTYDOHKMYD3RNYQ9",
        "gridName": "HLOD0_256m_4095m"
      },
      "geometry": {
        "type": "Polygon",
        "coordinates": [
          [
            [
              201600.0,
              -75600.0
            ],
            [
              226800.0,
              -75600.0
            ],
            [
              226800.0,
              -50400.0
            ],
            [
              201600.0,
              -50400.0
            ],
            [
              201600.0,
              -75600.0
            ]
          ]
        ]
      }
    },
    {
      "type": "Feature",
      "properties": {
        "id": "2ICV5T784EGOYRJELUHGL6VPX",
        "gridName": "HLOD0_256m_4095m"
      },
      "geometry": {
        "type": "Polygon",
        "coordinates": [
          [
            [
              -50400.0,
              201600.0
            ],
            [
              -25200.0,
              201600.0
            ],
            [
              -25200.0,
              226800.0
            ],
            [
              -50400.0,
              226800.0
            ],
            [
              -50400.0,
              201600.0
            ]
          ]
        ]
      }
    },
    {
      "type": "Feature",
      "properties": {
        "id": "2J4IUZBFM1F69VUUCXQBGW5IT",
        "gridName": "HLOD0_256m_4095m"
      },
      "geometry": {
        "type": "Polygon",
        "coordinates": [
          [
            [
              302400.0,
              75600.0
            ],
            [
              327600.0,
              75600.0
            ],
            [
              327600.0,
              100800.0
            ],
            [
              302400.0,
              100800.0
            ],
            [
              302400.0,
              75600.0
            ]
          ]
        ]
      }
    },
    {
      "type": "Feature",
      "properties": {
        "id": "2JF5GXFVMHLIUEHBQ2ZOPF446",
        "gridName": "MainGrid"
      },
      "geometry": {
        "type": "Polygon",
        "coordinates": [
          [
            [
              -755999.0,
              -327599.0
            ],
            [
              -730801.0,
              -327599.0
            ],
            [
              -730801.0,
              -302401.0
            ],
            [
              -755999.0,
              -302401.0
            ],
            [
              -755999.0,
              -327599.0
            ]
          ]
        ]
      }
    },
    {
      "type": "Feature",
      "properties": {
        "id": "2JGB9L68XET109RUZ310AESSR",
        "gridName": "HLOD0_256m_4095m"
      },
      "geometry": {
        "type": "Polygon",
        "coordinates": [
          [
            [
              75600.0,
              -75600.0
            ],
            [
              100800.0,
              -75600.0
            ],
            [
              100800.0,
              -50400.0
            ],
            [
              75600.0,
              -50400.0
            ],
            [
              75600.0,
              -75600.0
            ]
          ]
        ]
      }
    },
    {
      "type": "Feature",
      "properties": {
        "id": "2KA7PFU7XA0JWAMQ0BAMYH04D",
        "gridName": "HLOD0_256m_4095m"
      },
      "geometry": {
        "type": "Polygon",
        "coordinates": [
          [
            [
              352800.0,
              151200.0
            ],
            [
              378000.0,
              151200.0
            ],
            [
              378000.0,
              176400.0
            ],
            [
              352800.0,
              176400.0
            ],
            [
              352800.0,
              151200.0
            ]
          ]
        ]
      }
    },
    {
      "type": "Feature",
      "properties": {
        "id": "2KD0Z8ODS5GV5DVHQQQG7ZGBU",
        "gridName": "MainGrid"
      },
      "geometry": {
        "type": "Polygon",
        "coordinates": [
          [
            [
              343445.62,
              250430.75
            ],
            [
              377999.0,
              250430.75
            ],
            [
              377999.0,
              277199.0
            ],
            [
              343445.62,
              277199.0
            ],
            [
              343445.62,
              250430.75
            ]
          ]
        ]
      }
    },
    {
      "type": "Feature",
      "properties": {
        "id": "2LI0UWZVKPFTPL2BHBZ5LH2Z4",
        "gridName": "MainGrid"
      },
      "geometry": {
        "type": "Polygon",
        "coordinates": [
          [
            [
              23752.299,
              199908.83
            ],
            [
              50399.0,
              199908.83
            ],
            [
              50399.0,
              226799.0
            ],
            [
              23752.299,
              226799.0
            ],
            [
              23752.299,
              199908.83
            ]
          ]
        ]
      }
    },
    {
      "type": "Feature",
      "properties": {
        "id": "2LPA0B3DGSHE2UEYG4IBNENOU",
        "gridName": "MainGrid"
      },
      "geometry": {
        "type": "Polygon",
        "coordinates": [
          [
            [
              -655199.0,
              -302399.0
            ],
            [
              -630001.0,
              -302399.0
            ],
            [
              -630001.0,
              -277201.0
            ],
            [
              -655199.0,
              -277201.0
            ],
            [
              -655199.0,
              -302399.0
            ]
          ]
        ]
      }
    },
    {
      "type": "Feature",
      "properties": {
        "id": "2N1533PDJI30YZ8N035HQ3XT3",
        "gridName": "MainGrid"
      },
      "geometry": {
        "type": "Polygon",
        "coordinates": [
          [
            [
              -808695.06,
              730801.0
            ],
            [
              -781201.0,
              730801.0
            ],
            [
              -781201.0,
              757232.1
            ],
            [
              -808695.06,
              757232.1
            ],
            [
              -808695.06,
              730801.0
            ]
          ]
        ]
      }
    },
    {
      "type": "Feature",
      "properties": {
        "id": "2NM2MOL1JA4FG4EQUR9HP1WVO",
        "gridName": "MainGrid"
      },
      "geometry": {
        "type": "Polygon",
        "coordinates": [
          [
            [
              6554.7876,
              -91692.0
            ],
            [
              100658.195,
              -91692.0
            ],
            [
              100658.195,
              -6312.1304
            ],
            [
              6554.7876,
              -6312.1304
            ],
            [
              6554.7876,
              -91692.0
            ]
          ]
        ]
      }
    },
    {
      "type": "Feature",
      "properties": {
        "id": "2NN30QATLF5MD4SZC4N2GLVZX",
        "gridName": "MainGrid"
      },
      "geometry": {
        "type": "Polygon",
        "coordinates": [
          [
            [
              -12600.0,
              -37800.0
            ],
            [
              -12600.0,
              -37800.0
            ],
            [
              -12600.0,
              -37800.0
            ],
            [
              -12600.0,
              -37800.0
            ],
            [
              -12600.0,
              -37800.0
            ]
          ]
        ]
      }
    },
    {
      "type": "Feature",
      "properties": {
        "id": "2OXM5QN9L3SWWW0U3T06L5LI1",
        "gridName": "VisualGrid"
      },
      "geometry": {
        "type": "Polygon",
        "coordinates": [
          [
            [
              171236.16,
              613.42035
            ],
            [
              417049.1,
              613.42035
            ],
            [
              417049.1,
              277947.84
            ],
            [
              171236.16,
              277947.84
            ],
            [
              171236.16,
              613.42035
            ]
          ]
        ]
      }
    },
    {
      "type": "Feature",
      "properties": {
        "id": "2P0WVX9M7MTB1NIC5A8UB2HCC",
        "gridName": "MainGrid"
      },
      "geometry": {
        "type": "Polygon",
        "coordinates": [
          [
            [
              303800.0,
              102617.6
            ],
            [
              399055.12,
              102617.6
            ],
            [
              399055.12,
              195100.0
            ],
            [
              303800.0,
              195100.0
            ],
            [
              303800.0,
              102617.6
            ]
          ]
        ]
      }
    },
    {
      "type": "Feature",
      "properties": {
        "id": "2P26C1ZE7V840WJ9IMPVYTMJD",
        "gridName": "HLOD0_256m_4095m"
      },
      "geometry": {
        "type": "Polygon",
        "coordinates": [
          [
            [
              25200.0,
              151200.0
            ],
            [
              50400.0,
              151200.0
            ],
            [
              50400.0,
              176400.0
            ],
            [
              25200.0,
              176400.0
            ],
            [
              25200.0,
              151200.0
            ]
          ]
        ]
      }
    },
    {
      "type": "Feature",
      "properties": {
        "id": "2P33IH1SJPYL6X1CH1KA7FZ45",
        "gridName": "MainGrid"
      },
      "geometry": {
        "type": "Polygon",
        "coordinates": [
          [
            [
              151201.0,
              25201.0
            ],
            [
              182466.53,
              25201.0
            ],
            [
              182466.53,
              56236.797
            ],
            [
              151201.0,
              56236.797
            ],
            [
              151201.0,
              25201.0
            ]
          ]
        ]
      }
    },
    {
      "type": "Feature",
      "properties": {
        "id": "2QCVVP7WZVY13C20HXF01W67E",
        "gridName": "HLOD0_256m_4095m"
      },
      "geometry": {
        "type": "Polygon",
        "coordinates": [
          [
            [
              352800.0,
              0.0
            ],
            [
              378000.0,
              0.0
            ],
            [
              378000.0,
              25200.0
            ],
            [
              352800.0,
              25200.0
            ],
            [
              352800.0,
              0.0
            ]
          ]
        ]
      }
    },
    {
      "type": "Feature",
      "properties": {
        "id": "2RAWZ1DRKFQHGJARDC09WI4FK",
        "gridName": "VisualGrid"
      },
      "geometry": {
        "type": "Polygon",
        "coordinates": [
          [
            [
              108634.86,
              130020.75
            ],
            [
              136355.12,
              130020.75
            ],
            [
              136355.12,
              175930.98
            ],
            [
              108634.86,
              175930.98
            ],
            [
              108634.86,
              130020.75
            ]
          ]
        ]
      }
    },
    {
      "type": "Feature",
      "properties": {
        "id": "2RMHC81Z1ASJQPCZHCHJ5X2BX",
        "gridName": "MainGrid"
      },
      "geometry": {
        "type": "Polygon",
        "coordinates": [
          [
            [
              119340.46,
              -57774.61
            ],
            [
              154944.02,
              -57774.61
            ],
            [
              154944.02,
              -19560.0
            ],
            [
              119340.46,
              -19560.0
            ],
            [
              119340.46,
              -57774.61
            ]
          ]
        ]
      }
    },
    {
      "type": "Feature",
      "properties": {
        "id": "2RTU8943YQSCY1J97YW8TBMA5",
        "gridName": "HLOD0_256m_4095m"
      },
      "geometry": {
        "type": "Polygon",
        "coordinates": [
          [
            [
              25200.0,
              50400.0
            ],
            [
              50400.0,
              50400.0
            ],
            [
              50400.0,
              75600.0
            ],
            [
              25200.0,
              75600.0
            ],
            [
              25200.0,
              50400.0
            ]
          ]
        ]
      }
    },
    {
      "type": "Feature",
      "properties": {
        "id": "2SH45UI3REJNIUVND9TQ94B4T",
        "gridName": "MainGrid"
      },
      "geometry": {
        "type": "Polygon",
        "coordinates": [
          [
            [
              -486132.28,
              -484772.2
            ],
            [
              -453601.0,
              -484772.2
            ],
            [
              -453601.0,
              -452325.3
            ],
            [
              -486132.28,
              -452325.3
            ],
            [
              -486132.28,
              -484772.2
            ]
          ]
        ]
      }
    },
    {
      "type": "Feature",
      "properties": {
        "id": "2SLHK5GA9ZABUFQJ0C9ZAWGZ7",
        "gridName": "MainGrid"
      },
      "geometry": {
        "type": "Polygon",
        "coordinates": [
          [
            [
              -478799.0,
              126001.0
            ],
            [
              -453601.0,
              126001.0
            ],
            [
              -453601.0,
              151199.0
            ],
            [
              -478799.0,
              151199.0
            ],
            [
              -478799.0,
              126001.0
            ]
          ]
        ]
      }
    },
    {
      "type": "Feature",
      "properties": {
        "id": "2TA6N1YK3QCYSL85QAMDE6ORT",
        "gridName": "HLOD0_256m_4095m"
      },
      "geometry": {
        "type": "Polygon",
        "coordinates": [
          [
            [
              327600.0,
              25200.0
            ],
            [
              352800.0,
              25200.0
            ],
            [
              352800.0,
              50400.0
            ],
            [
              327600.0,
              50400.0
            ],
            [
              327600.0,
              25200.0
            ]
          ]
        ]
      }
    },
    {
      "type": "Feature",
      "properties": {
        "id": "2TCDPE2K91S0Y7YEB4PHOH87R",
        "gridName": "MainGrid"
      },
      "geometry": {
        "type": "Polygon",
        "coordinates": [
          [
            [
              292054.53,
              215972.28
            ],
            [
              333129.22,
              215972.28
            ],
            [
              333129.22,
              262145.9
            ],
            [
              292054.53,
              262145.9
            ],
            [
              292054.53,
              215972.28
            ]
          ]
        ]
      }
    },
    {
      "type": "Feature",
      "properties": {
        "id": "2TJP6D7SZNDFASL4Y1L9P6YBI",
        "gridName": "HLOD0_256m_4095m"
      },
      "geometry": {
        "type": "Polygon",
        "coordinates": [
          [
            [
              126000.0,
              25200.0
            ],
            [
              151200.0,
              25200.0
            ],
            [
              151200.0,
              50400.0
            ],
            [
              126000.0,
              50400.0
            ],
            [
              126000.0,
              25200.0
            ]
          ]
        ]
      }
    },
    {
      "type": "Feature",
      "properties": {
        "id": "2TQ0BBJIZ6PYQBT7WL1GG05AC",
        "gridName": "HLOD0_256m_4095m"
      },
      "geometry": {
        "type": "Polygon",
        "coordinates": [
          [
            [
              226800.0,
              25200.0
            ],
            [
              252000.0,
              25200.0
            ],
            [
              252000.0,
              50400.0
            ],
            [
              226800.0,
              50400.0
            ],
            [
              226800.0,
              25200.0
            ]
          ]
        ]
      }
    },
    {
      "type": "Feature",
      "properties": {
        "id": "2ULVWIDKDUQL8SXNMDDWA1OCM",
        "gridName": "MainGrid"
      },
      "geometry": {
        "type": "Polygon",
        "coordinates": [
          [
            [
              321915.8,
              223220.36
            ],
            [
              359153.25,
              223220.36
            ],
            [
              359153.25,
              259990.4
            ],
            [
              321915.8,
              259990.4
            ],
            [
              321915.8,
              223220.36
            ]
          ]
        ]
      }
    },
    {
      "type": "Feature",
      "properties": {
        "id": "2UPFFN7M82YGOTOCBCK7VK4U7",
        "gridName": "HLOD0_256m_4095m"
      },
      "geometry": {
        "type": "Polygon",
        "coordinates": [
          [
            [
              201600.0,
              25200.0
            ],
            [
              226800.0,
              25200.0
            ],
            [
              226800.0,
              50400.0
            ],
            [
              201600.0,
              50400.0
            ],
            [
              201600.0,
              25200.0
            ]
          ]
        ]
      }
    },
    {
      "type": "Feature",
      "properties": {
        "id": "2VK1K3J5FE23ITP7PLNKFIDUP",
        "gridName": "MainGrid"
      },
      "geometry": {
        "type": "Polygon",
        "coordinates": [
          [
            [
              354594.66,
              118900.0
            ],
            [
              380000.0,
              118900.0
            ],
            [
              380000.0,
              144300.0
            ],
            [
              354594.66,
              144300.0
            ],
            [
              354594.66,
              118900.0
            ]
          ]
        ]
      }
    },
    {
      "type": "Feature",
      "properties": {
        "id": "2W0U6IW2AQEWBL5JJ0OXZ9FGB",
        "gridName": "HLOD0_256m_4095m"
      },
      "geometry": {
        "type": "Polygon",
        "coordinates": [
          [
            [
              100800.0,
              176400.0
            ],
            [
              126000.0,
              176400.0
            ],
            [
              126000.0,
              201600.0
            ],
            [
              100800.0,
              201600.0
            ],
            [
              100800.0,
              176400.0
            ]
          ]
        ]
      }
    },
    {
      "type": "Feature",
      "properties": {
        "id": "2W1VFF83IKME4657EC6O99IFW",
        "gridName": "MainGrid"
      },
      "geometry": {
        "type": "Polygon",
        "coordinates": [
          [
            [
              196122.62,
              92007.69
            ],
            [
              232259.89,
              92007.69
            ],
            [
              232259.89,
              135342.94
            ],
            [
              196122.62,
              135342.94
            ],
            [
              196122.62,
              92007.69
            ]
          ]
        ]
      }
    },
    {
      "type": "Feature",
      "properties": {
        "id": "2WKDS8C342JHGCW6JR7DC1M8B",
        "gridName": "HLOD0_256m_4095m"
      },
      "geometry": {
        "type": "Polygon",
        "coordinates": [
          [
            [
              403200.0,
              453600.0
            ],
            [
              428400.0,
              453600.0
            ],
            [
              428400.0,
              478800.0
            ],
            [
              403200.0,
              478800.0
            ],
            [
              403200.0,
              453600.0
            ]
          ]
        ]
      }
    },
    {
      "type": "Feature",
      "properties": {
        "id": "2WPDBN5HLQF9L87NYZPHPVHOP",
        "gridName": "MainGrid"
      },
      "geometry": {
        "type": "Polygon",
        "coordinates": [
          [
            [
              277201.0,
              -100799.0
            ],
            [
              302399.0,
              -100799.0
            ],
            [
              302399.0,
              -75601.0
            ],
            [
              277201.0,
              -75601.0
            ],
            [
              277201.0,
              -100799.0
            ]
          ]
        ]
      }
    },
    {
      "type": "Feature",
      "properties": {
        "id": "2WQ0RUT1LWLOCMQMK8UGIMGHP",
        "gridName": "MainGrid"
      },
      "geometry": {
        "type": "Polygon",
        "coordinates": [
          [
            [
              -781199.0,
              -277199.0
            ],
            [
              -756001.0,
              -277199.0
            ],
            [
              -756001.0,
              -252001.0
            ],
            [
              -781199.0,
              -252001.0
            ],
            [
              -781199.0,
              -277199.0
            ]
          ]
        ]
      }
    },
    {
      "type": "Feature",
      "properties": {
        "id": "2WT8WE21YKCZECW0NQ9UL9OC1",
        "gridName": "MainGrid"
      },
      "geometry": {
        "type": "Polygon",
        "coordinates": [
          [
            [
              64164.066,
              115801.13
            ],
            [
              108837.27,
              115801.13
            ],
            [
              108837.27,
              157086.47
            ],
            [
              64164.066,
              157086.47
            ],
            [
              64164.066,
              115801.13
            ]
          ]
        ]
      }
    },
    {
      "type": "Feature",
      "properties": {
        "id": "2X28DYMFKXERS52TWCU4AU7Z6",
        "gridName": "HLOD0_256m_4095m"
      },
      "geometry": {
        "type": "Polygon",
        "coordinates": [
          [
            [
              100800.0,
              126000.0
            ],
            [
              126000.0,
              126000.0
            ],
            [
              126000.0,
              151200.0
            ],
            [
              100800.0,
              151200.0
            ],
            [
              100800.0,
              126000.0
            ]
          ]
        ]
      }
    },
    {
      "type": "Feature",
      "properties": {
        "id": "2X9DYTSI1T04UJGZYHBVPNQYS",
        "gridName": "MainGrid"
      },
      "geometry": {
        "type": "Polygon",
        "coordinates": [
          [
            [
              92790.66,
              -30360.193
            ],
            [
              130338.445,
              -30360.193
            ],
            [
              130338.445,
              6877.119
            ],
            [
              92790.66,
              6877.119
            ],
            [
              92790.66,
              -30360.193
            ]
          ]
        ]
      }
    },
    {
      "type": "Feature",
      "properties": {
        "id": "2YQSCFA9FT4KJSEFFUEKJC8QM",
        "gridName": "MainGrid"
      },
      "geometry": {
        "type": "Polygon",
        "coordinates": [
          [
            [
              224697.94,
              151201.0
            ],
            [
              254769.94,
              151201.0
            ],
            [
              254769.94,
              176537.03
            ],
            [
              224697.94,
              176537.03
            ],
            [
              224697.94,
              151201.0
            ]
          ]
        ]
      }
    },
    {
      "type": "Feature",
      "properties": {
        "id": "2Z1MAHUTSOVKD5XQ1HOUZFDDC",
        "gridName": "MainGrid"
      },
      "geometry": {
        "type": "Polygon",
        "coordinates": [
          [
            [
              202200.0,
              271300.0
            ],
            [
              227600.0,
              271300.0
            ],
            [
              227600.0,
              296700.0
            ],
            [
              202200.0,
              296700.0
            ],
            [
              202200.0,
              271300.0
            ]
          ]
        ]
      }
    },
    {
      "type": "Feature",
      "properties": {
        "id": "2Z4N208D98Q7TYID69JIL5ECD",
        "gridName": "HLOD0_256m_4095m"
      },
      "geometry": {
        "type": "Polygon",
        "coordinates": [
          [
            [
              50400.0,
              151200.0
            ],
            [
              75600.0,
              151200.0
            ],
            [
              75600.0,
              176400.0
            ],
            [
              50400.0,
              176400.0
            ],
            [
              50400.0,
              151200.0
            ]
          ]
        ]
      }
    },
    {
      "type": "Feature",
      "properties": {
        "id": "2Z601EH4KGO7TPLBSB5U59Q9W",
        "gridName": "MainGrid"
      },
      "geometry": {
        "type": "Polygon",
        "coordinates": [
          [
            [
              -478799.0,
              -277199.0
            ],
            [
              -453601.0,
              -277199.0
            ],
            [
              -453601.0,
              -252001.0
            ],
            [
              -478799.0,
              -252001.0
            ],
            [
              -478799.0,
              -277199.0
            ]
          ]
        ]
      }
    },
    {
      "type": "Feature",
      "properties": {
        "id": "2ZF8DBFUWR6P2R07OLD9Z8S3E",
        "gridName": "MainGrid"
      },
      "geometry": {
        "type": "Polygon",
        "coordinates": [
          [
            [
              224719.4,
              223947.81
            ],
            [
              252192.69,
              223947.81
            ],
            [
              252192.69,
              253578.33
            ],
            [
              224719.4,
              253578.33
            ],
            [
              224719.4,
              223947.81
            ]
          ]
        ]
      }
    },
    {
      "type": "Feature",
      "properties": {
        "id": "30ROHE44OC0MI1A04TE5SF05L",
        "gridName": "MainGrid"
      },
      "geometry": {
        "type": "Polygon",
        "coordinates": [
          [
            [
              -797165.94,
              -262201.84
            ],
            [
              -518494.47,
              -262201.84
            ],
            [
              -518494.47,
              -187947.84
            ],
            [
              -797165.94,
              -187947.84
            ],
            [
              -797165.94,
              -262201.84
            ]
          ]
        ]
      }
    },
    {
      "type": "Feature",
      "properties": {
        "id": "313XVWAUVD3M4CM44T1G9I88N",
        "gridName": "MainGrid"
      },
      "geometry": {
        "type": "Polygon",
        "coordinates": [
          [
            [
              249318.48,
              223386.39
            ],
            [
              277199.0,
              223386.39
            ],
            [
              277199.0,
              257008.17
            ],
            [
              249318.48,
              257008.17
            ],
            [
              249318.48,
              223386.39
            ]
          ]
        ]
      }
    },
    {
      "type": "Feature",
      "properties": {
        "id": "31WIHYNIFCP8YAO7O2OWW8CSO",
        "gridName": "MainGrid"
      },
      "geometry": {
        "type": "Polygon",
        "coordinates": [
          [
            [
              -629999.0,
              -201599.0
            ],
            [
              -604801.0,
              -201599.0
            ],
            [
              -604801.0,
              -176401.0
            ],
            [
              -629999.0,
              -176401.0
            ],
            [
              -629999.0,
              -201599.0
            ]
          ]
        ]
      }
    },
    {
      "type": "Feature",
      "properties": {
        "id": "326TZEIKF13ECMI36NGAOIUKG",
        "gridName": "MainGrid"
      },
      "geometry": {
        "type": "Polygon",
        "coordinates": [
          [
            [
              277201.0,
              -75599.0
            ],
            [
              302399.0,
              -75599.0
            ],
            [
              302399.0,
              -50401.0
            ],
            [
              277201.0,
              -50401.0
            ],
            [
              277201.0,
              -75599.0
            ]
          ]
        ]
      }
    },
    {
      "type": "Feature",
      "properties": {
        "id": "32LBK1TV24W3BC7T9MYOCJ415",
        "gridName": "HLOD0_256m_4095m"
      },
      "geometry": {
        "type": "Polygon",
        "coordinates": [
          [
            [
              -50400.0,
              151200.0
            ],
            [
              -25200.0,
              151200.0
            ],
            [
              -25200.0,
              176400.0
            ],
            [
              -50400.0,
              176400.0
            ],
            [
              -50400.0,
              151200.0
            ]
          ]
        ]
      }
    },
    {
      "type": "Feature",
      "properties": {
        "id": "32RHGN94KCIN8E1X9J99CCJQ0",
        "gridName": "MainGrid"
      },
      "geometry": {
        "type": "Polygon",
        "coordinates": [
          [
            [
              -481499.75,
              25201.0
            ],
            [
              -436499.75,
              25201.0
            ],
            [
              -436499.75,
              59659.133
            ],
            [
              -481499.75,
              59659.133
            ],
            [
              -481499.75,
              25201.0
            ]
          ]
        ]
      }
    },
    {
      "type": "Feature",
      "properties": {
        "id": "33AAZ1R2M24T44Q1NOEY364SF",
        "gridName": "MainGrid"
      },
      "geometry": {
        "type": "Polygon",
        "coordinates": [
          [
            [
              -35132.375,
              122539.766
            ],
            [
              4448.08,
              122539.766
            ],
            [
              4448.08,
              159306.72
            ],
            [
              -35132.375,
              159306.72
            ],
            [
              -35132.375,
              122539.766
            ]
          ]
        ]
      }
    },
    {
      "type": "Feature",
      "properties": {
        "id": "33CVUKUHDSZNEBJLG66XHB2AP",
        "gridName": "HLOD0_256m_4095m"
      },
      "geometry": {
        "type": "Polygon",
        "coordinates": [
          [
            [
              352800.0,
              0.0
            ],
            [
              403200.0,
              0.0
            ],
            [
              403200.0,
              50400.0
            ],
            [
              352800.0,
              50400.0
            ],
            [
              352800.0,
              0.0
            ]
          ]
        ]
      }
    },
    {
      "type": "Feature",
      "properties": {
        "id": "34GTHO2ZQ0WMUOBY86Q33C943",
        "gridName": "MainGrid"
      },
      "geometry": {
        "type": "Polygon",
        "coordinates": [
          [
            [
              -579599.0,
              -302399.0
            ],
            [
              -554401.0,
              -302399.0
            ],
            [
              -554401.0,
              -277201.0
            ],
            [
              -579599.0,
              -277201.0
            ],
            [
              -579599.0,
              -302399.0
            ]
          ]
        ]
      }
    },
    {
      "type": "Feature",
      "properties": {
        "id": "353OIP8I1H4H7P08OWMY7BYO6",
        "gridName": "HLOD0_256m_1999m"
      },
      "geometry": {
        "type": "Polygon",
        "coordinates": [
          [
            [
              176400.0,
              277200.0
            ],
            [
              201600.0,
              277200.0
            ],
            [
              201600.0,
              302400.0
            ],
            [
              176400.0,
              302400.0
            ],
            [
              176400.0,
              277200.0
            ]
          ]
        ]
      }
    },
    {
      "type": "Feature",
      "properties": {
        "id": "35ENCXBOJIVO0DYFJANJ3FDQ6",
        "gridName": "HLOD0_256m_4095m"
      },
      "geometry": {
        "type": "Polygon",
        "coordinates": [
          [
            [
              151200.0,
              126000.0
            ],
            [
              176400.0,
              126000.0
            ],
            [
              176400.0,
              151200.0
            ],
            [
              151200.0,
              151200.0
            ],
            [
              151200.0,
              126000.0
            ]
          ]
        ]
      }
    },
    {
      "type": "Feature",
      "properties": {
        "id": "363TW4PCRMEB6SKZY262KB1SC",
        "gridName": "HLOD0_256m_4095m"
      },
      "geometry": {
        "type": "Polygon",
        "coordinates": [
          [
            [
              277200.0,
              100800.0
            ],
            [
              302400.0,
              100800.0
            ],
            [
              302400.0,
              126000.0
            ],
            [
              277200.0,
              126000.0
            ],
            [
              277200.0,
              100800.0
            ]
          ]
        ]
      }
    },
    {
      "type": "Feature",
      "properties": {
        "id": "36GFKTD5039UB6298PSEHHO6P",
        "gridName": "HLOD0_256m_4095m"
      },
      "geometry": {
        "type": "Polygon",
        "coordinates": [
          [
            [
              378000.0,
              151200.0
            ],
            [
              403200.0,
              151200.0
            ],
            [
              403200.0,
              176400.0
            ],
            [
              378000.0,
              176400.0
            ],
            [
              378000.0,
              151200.0
            ]
          ]
        ]
      }
    },
    {
      "type": "Feature",
      "properties": {
        "id": "398MGKF5HAPGIXKHAVY1ITFE8",
        "gridName": "MainGrid"
      },
      "geometry": {
        "type": "Polygon",
        "coordinates": [
          [
            [
              201601.0,
              403201.0
            ],
            [
              226799.0,
              403201.0
            ],
            [
              226799.0,
              428399.0
            ],
            [
              201601.0,
              428399.0
            ],
            [
              201601.0,
              403201.0
            ]
          ]
        ]
      }
    },
    {
      "type": "Feature",
      "properties": {
        "id": "39S86A7MEMPCUTNR1FK0DC2UM",
        "gridName": "MainGrid"
      },
      "geometry": {
        "type": "Polygon",
        "coordinates": [
          [
            [
              226801.0,
              478801.0
            ],
            [
              251999.0,
              478801.0
            ],
            [
              251999.0,
              503999.0
            ],
            [
              226801.0,
              503999.0
            ],
            [
              226801.0,
              478801.0
            ]
          ]
        ]
      }
    },
    {
      "type": "Feature",
      "properties": {
        "id": "3AJS12XPKZQACKXU08GX8OLY0",
        "gridName": "MainGrid"
      },
      "geometry": {
        "type": "Polygon",
        "coordinates": [
          [
            [
              322610.25,
              121060.97
            ],
            [
              359837.0,
              121060.97
            ],
            [
              359837.0,
              157790.08
            ],
            [
              322610.25,
              157790.08
            ],
            [
              322610.25,
              121060.97
            ]
          ]
        ]
      }
    },
    {
      "type": "Feature",
      "properties": {
        "id": "3AO6EY8EGMITJSFRHTXPZ13TC",
        "gridName": "MainGrid"
      },
      "geometry": {
        "type": "Polygon",
        "coordinates": [
          [
            [
              252001.0,
              478801.0
            ],
            [
              286848.06,
              478801.0
            ],
            [
              286848.06,
              513277.34
            ],
            [
              252001.0,
              513277.34
            ],
            [
              252001.0,
              478801.0
            ]
          ]
        ]
      }
    },
    {
      "type": "Feature",
      "properties": {
        "id": "3BDGJG70MBPN2ROKCYLCN3VEC",
        "gridName": "MainGrid"
      },
      "geometry": {
        "type": "Polygon",
        "coordinates": [
          [
            [
              415800.0,
              -88200.0
            ],
            [
              415800.0,
              -88200.0
            ],
            [
              415800.0,
              -88200.0
            ],
            [
              415800.0,
              -88200.0
            ],
            [
              415800.0,
              -88200.0
            ]
          ]
        ]
      }
    },
    {
      "type": "Feature",
      "properties": {
        "id": "3BURAM2FSPIZVQ7PYWN135VRV",
        "gridName": "MainGrid"
      },
      "geometry": {
        "type": "Polygon",
        "coordinates": [
          [
            [
              395687.4,
              413022.88
            ],
            [
              405687.4,
              413022.88
            ],
            [
              405687.4,
              463022.88
            ],
            [
              395687.4,
              463022.88
            ],
            [
              395687.4,
              413022.88
            ]
          ]
        ]
      }
    },
    {
      "type": "Feature",
      "properties": {
        "id": "3C2G5H6E214G78CUOT373L3G7",
        "gridName": "HLOD0_256m_4095m"
      },
      "geometry": {
        "type": "Polygon",
        "coordinates": [
          [
            [
              -806400.0,
              680400.0
            ],
            [
              -781200.0,
              680400.0
            ],
            [
              -781200.0,
              705600.0
            ],
            [
              -806400.0,
              705600.0
            ],
            [
              -806400.0,
              680400.0
            ]
          ]
        ]
      }
    },
    {
      "type": "Feature",
      "properties": {
        "id": "3DUBDK2GGC1IUU8OU6CYFSNTW",
        "gridName": "MainGrid"
      },
      "geometry": {
        "type": "Polygon",
        "coordinates": [
          [
            [
              277201.0,
              478801.0
            ],
            [
              302399.0,
              478801.0
            ],
            [
              302399.0,
              503999.0
            ],
            [
              277201.0,
              503999.0
            ],
            [
              277201.0,
              478801.0
            ]
          ]
        ]
      }
    },
    {
      "type": "Feature",
      "properties": {
        "id": "3EA51YT7FQJSV9BRK6FNYOM1Y",
        "gridName": "MainGrid"
      },
      "geometry": {
        "type": "Polygon",
        "coordinates": [
          [
            [
              415800.0,
              -12600.0
            ],
            [
              415800.0,
              -12600.0
            ],
            [
              415800.0,
              -12600.0
            ],
            [
              415800.0,
              -12600.0
            ],
            [
              415800.0,
              -12600.0
            ]
          ]
        ]
      }
    },
    {
      "type": "Feature",
      "properties": {
        "id": "3EKQUZ0N5Y3HTZYWJQN64CAY5",
        "gridName": "MainGrid"
      },
      "geometry": {
        "type": "Polygon",
        "coordinates": [
          [
            [
              -818414.2,
              671538.5
            ],
            [
              -771250.06,
              671538.5
            ],
            [
              -771250.06,
              709487.4
            ],
            [
              -818414.2,
              709487.4
            ],
            [
              -818414.2,
              671538.5
            ]
          ]
        ]
      }
    },
    {
      "type": "Feature",
      "properties": {
        "id": "3ENHYHS2LJECD5YTNDVXNISA2",
        "gridName": "MainGrid"
      },
      "geometry": {
        "type": "Polygon",
        "coordinates": [
          [
            [
              -125999.0,
              75601.0
            ],
            [
              -100801.0,
              75601.0
            ],
            [
              -100801.0,
              100799.0
            ],
            [
              -125999.0,
              100799.0
            ],
            [
              -125999.0,
              75601.0
            ]
          ]
        ]
      }
    },
    {
      "type": "Feature",
      "properties": {
        "id": "3EVD9FKNNTCFZ6OC4LR4LGFD6",
        "gridName": "MainGrid"
      },
      "geometry": {
        "type": "Polygon",
        "coordinates": [
          [
            [
              -730799.0,
              -251999.0
            ],
            [
              -705601.0,
              -251999.0
            ],
            [
              -705601.0,
              -226801.0
            ],
            [
              -730799.0,
              -226801.0
            ],
            [
              -730799.0,
              -251999.0
            ]
          ]
        ]
      }
    },
    {
      "type": "Feature",
      "properties": {
        "id": "3FWTSLR1O6HTCE49YC59NL18T",
        "gridName": "HLOD0_256m_4095m"
      },
      "geometry": {
        "type": "Polygon",
        "coordinates": [
          [
            [
              277200.0,
              151200.0
            ],
            [
              302400.0,
              151200.0
            ],
            [
              302400.0,
              176400.0
            ],
            [
              277200.0,
              176400.0
            ],
            [
              277200.0,
              151200.0
            ]
          ]
        ]
      }
    },
    {
      "type": "Feature",
      "properties": {
        "id": "3G7LKHP4KV6ZU7H2OAA8L5J9J",
        "gridName": "MainGrid"
      },
      "geometry": {
        "type": "Polygon",
        "coordinates": [
          [
            [
              -180955.98,
              91674.64
            ],
            [
              -151201.0,
              91674.64
            ],
            [
              -151201.0,
              125999.0
            ],
            [
              -180955.98,
              125999.0
            ],
            [
              -180955.98,
              91674.64
            ]
          ]
        ]
      }
    },
    {
      "type": "Feature",
      "properties": {
        "id": "3GDV6VANKB1O8S3GJFI9I87AZ",
        "gridName": "MainGrid"
      },
      "geometry": {
        "type": "Polygon",
        "coordinates": [
          [
            [
              67357.39,
              25201.0
            ],
            [
              105904.5,
              25201.0
            ],
            [
              105904.5,
              54237.184
            ],
            [
              67357.39,
              54237.184
            ],
            [
              67357.39,
              25201.0
            ]
          ]
        ]
      }
    },
    {
      "type": "Feature",
      "properties": {
        "id": "3GPIK3RYZ0CJKQUEED9LBK5C2",
        "gridName": "MainGrid"
      },
      "geometry": {
        "type": "Polygon",
        "coordinates": [
          [
            [
              -50399.0,
              50401.0
            ],
            [
              -25201.0,
              50401.0
            ],
            [
              -25201.0,
              75599.0
            ],
            [
              -50399.0,
              75599.0
            ],
            [
              -50399.0,
              50401.0
            ]
          ]
        ]
      }
    },
    {
      "type": "Feature",
      "properties": {
        "id": "3IBSJHP9EHPT62ITG1W9E8SA7",
        "gridName": "HLOD0_256m_4095m"
      },
      "geometry": {
        "type": "Polygon",
        "coordinates": [
          [
            [
              201600.0,
              226800.0
            ],
            [
              226800.0,
              226800.0
            ],
            [
              226800.0,
              252000.0
            ],
            [
              201600.0,
              252000.0
            ],
            [
              201600.0,
              226800.0
            ]
          ]
        ]
      }
    },
    {
      "type": "Feature",
      "properties": {
        "id": "3IYRCK41SSR78WRJ13G064UCY",
        "gridName": "VisualGrid"
      },
      "geometry": {
        "type": "Polygon",
        "coordinates": [
          [
            [
              224694.52,
              8957.603
            ],
            [
              258277.78,
              8957.603
            ],
            [
              258277.78,
              25874.164
            ],
            [
              224694.52,
              25874.164
            ],
            [
              224694.52,
              8957.603
            ]
          ]
        ]
      }
    },
    {
      "type": "Feature",
      "properties": {
        "id": "3JP6JO9PUM8NB886CNJQS94FU",
        "gridName": "HLOD0_256m_4095m"
      },
      "geometry": {
        "type": "Polygon",
        "coordinates": [
          [
            [
              352800.0,
              50400.0
            ],
            [
              378000.0,
              50400.0
            ],
            [
              378000.0,
              75600.0
            ],
            [
              352800.0,
              75600.0
            ],
            [
              352800.0,
              50400.0
            ]
          ]
        ]
      }
    },
    {
      "type": "Feature",
      "properties": {
        "id": "3JV0N6R8Q5T77YL7OI89GV9H8",
        "gridName": "MainGrid"
      },
      "geometry": {
        "type": "Polygon",
        "coordinates": [
          [
            [
              -75599.0,
              176401.0
            ],
            [
              -50401.0,
              176401.0
            ],
            [
              -50401.0,
              201599.0
            ],
            [
              -75599.0,
              201599.0
            ],
            [
              -75599.0,
              176401.0
            ]
          ]
        ]
      }
    },
    {
      "type": "Feature",
      "properties": {
        "id": "3K90L1KDEOB9GQZR2E45STSW1",
        "gridName": "MainGrid"
      },
      "geometry": {
        "type": "Polygon",
        "coordinates": [
          [
            [
              277201.0,
              23326.809
            ],
            [
              305995.66,
              23326.809
            ],
            [
              305995.66,
              66064.54
            ],
            [
              277201.0,
              66064.54
            ],
            [
              277201.0,
              23326.809
            ]
          ]
        ]
      }
    },
    {
      "type": "Feature",
      "properties": {
        "id": "3L0202EK7OKBP2JT0LVENMQT7",
        "gridName": "MainGrid"
      },
      "geometry": {
        "type": "Polygon",
        "coordinates": [
          [
            [
              1.0,
              25201.0
            ],
            [
              25199.0,
              25201.0
            ],
            [
              25199.0,
              52101.33
            ],
            [
              1.0,
              52101.33
            ],
            [
              1.0,
              25201.0
            ]
          ]
        ]
      }
    },
    {
      "type": "Feature",
      "properties": {
        "id": "3L5J5KXAPK5AEPWW37HC9U2EQ",
        "gridName": "HLOD0_256m_4095m"
      },
      "geometry": {
        "type": "Polygon",
        "coordinates": [
          [
            [
              126000.0,
              -75600.0
            ],
            [
              151200.0,
              -75600.0
            ],
            [
              151200.0,
              -50400.0
            ],
            [
              126000.0,
              -50400.0
            ],
            [
              126000.0,
              -75600.0
            ]
          ]
        ]
      }
    },
    {
      "type": "Feature",
      "properties": {
        "id": "3LYOV7KMY5SPHP7MNDDV71XRG",
        "gridName": "HLOD0_256m_4095m"
      },
      "geometry": {
        "type": "Polygon",
        "coordinates": [
          [
            [
              -831600.0,
              705600.0
            ],
            [
              -781200.0,
              705600.0
            ],
            [
              -781200.0,
              730800.0
            ],
            [
              -831600.0,
              730800.0
            ],
            [
              -831600.0,
              705600.0
            ]
          ]
        ]
      }
    },
    {
      "type": "Feature",
      "properties": {
        "id": "3NM3UXN13MBBXGWUOV9XU5TM3",
        "gridName": "MainGrid"
      },
      "geometry": {
        "type": "Polygon",
        "coordinates": [
          [
            [
              126001.0,
              176401.0
            ],
            [
              151199.0,
              176401.0
            ],
            [
              151199.0,
              201599.0
            ],
            [
              126001.0,
              201599.0
            ],
            [
              126001.0,
              176401.0
            ]
          ]
        ]
      }
    },
    {
      "type": "Feature",
      "properties": {
        "id": "3O5Y9ZH305ILLDWLQXDN3VBQG",
        "gridName": "MainGrid"
      },
      "geometry": {
        "type": "Polygon",
        "coordinates": [
          [
            [
              -655199.0,
              -176399.0
            ],
            [
              -630001.0,
              -176399.0
            ],
            [
              -630001.0,
              -151201.0
            ],
            [
              -655199.0,
              -151201.0
            ],
            [
              -655199.0,
              -176399.0
            ]
          ]
        ]
      }
    },
    {
      "type": "Feature",
      "properties": {
        "id": "3OOWNHDNL847XVWO3I78J0SW4",
        "gridName": "MainGrid"
      },
      "geometry": {
        "type": "Polygon",
        "coordinates": [
          [
            [
              245926.44,
              -129273.164
            ],
            [
              277199.0,
              -129273.164
            ],
            [
              277199.0,
              10726.839
            ],
            [
              245926.44,
              10726.839
            ],
            [
              245926.44,
              -129273.164
            ]
          ]
        ]
      }
    },
    {
      "type": "Feature",
      "properties": {
        "id": "3OTU7R7QPGSBOH8QLW2K8BS47",
        "gridName": "MainGrid"
      },
      "geometry": {
        "type": "Polygon",
        "coordinates": [
          [
            [
              278400.0,
              271300.0
            ],
            [
              303800.0,
              271300.0
            ],
            [
              303800.0,
              296700.0
            ],
            [
              278400.0,
              296700.0
            ],
            [
              278400.0,
              271300.0
            ]
          ]
        ]
      }
    },
    {
      "type": "Feature",
      "properties": {
        "id": "3PGJP8QCBPK2OU8EQOSD6ZDQ9",
        "gridName": "MainGrid"
      },
      "geometry": {
        "type": "Polygon",
        "coordinates": [
          [
            [
              -503999.0,
              -151199.0
            ],
            [
              -478801.0,
              -151199.0
            ],
            [
              -478801.0,
              -109228.8
            ],
            [
              -503999.0,
              -109228.8
            ],
            [
              -503999.0,
              -151199.0
            ]
          ]
        ]
      }
    },
    {
      "type": "Feature",
      "properties": {
        "id": "3PN1S5UA0QAXMEATD3VJ2HIDO",
        "gridName": "HLOD0_256m_1999m"
      },
      "geometry": {
        "type": "Polygon",
        "coordinates": [
          [
            [
              226800.0,
              25200.0
            ],
            [
              252000.0,
              25200.0
            ],
            [
              252000.0,
              50400.0
            ],
            [
              226800.0,
              50400.0
            ],
            [
              226800.0,
              25200.0
            ]
          ]
        ]
      }
    },
    {
      "type": "Feature",
      "properties": {
        "id": "3PV2BRFRTLKWD8QFXTA1MAP8U",
        "gridName": "MainGrid"
      },
      "geometry": {
        "type": "Polygon",
        "coordinates": [
          [
            [
              -705599.0,
              -226799.0
            ],
            [
              -680401.0,
              -226799.0
            ],
            [
              -680401.0,
              -201601.0
            ],
            [
              -705599.0,
              -201601.0
            ],
            [
              -705599.0,
              -226799.0
            ]
          ]
        ]
      }
    },
    {
      "type": "Feature",
      "properties": {
        "id": "3QI8BMENNH7K6SXHKQ4CBKVBJ",
        "gridName": "MainGrid"
      },
      "geometry": {
        "type": "Polygon",
        "coordinates": [
          [
            [
              -1272448.6,
              209465.73
            ],
            [
              -313494.2,
              209465.73
            ],
            [
              -313494.2,
              1164818.1
            ],
            [
              -1272448.6,
              1164818.1
            ],
            [
              -1272448.6,
              209465.73
            ]
          ]
        ]
      }
    },
    {
      "type": "Feature",
      "properties": {
        "id": "3R2XR22S6F2PJHG1400VWN8TT",
        "gridName": "HLOD0_256m_4095m"
      },
      "geometry": {
        "type": "Polygon",
        "coordinates": [
          [
            [
              -756000.0,
              680400.0
            ],
            [
              -730800.0,
              680400.0
            ],
            [
              -730800.0,
              705600.0
            ],
            [
              -756000.0,
              705600.0
            ],
            [
              -756000.0,
              680400.0
            ]
          ]
        ]
      }
    },
    {
      "type": "Feature",
      "properties": {
        "id": "3RTR6WWLSUR7HIT7Z0Y2J4T6V",
        "gridName": "MainGrid"
      },
      "geometry": {
        "type": "Polygon",
        "coordinates": [
          [
            [
              324926.06,
              1.0
            ],
            [
              372169.3,
              1.0
            ],
            [
              372169.3,
              25991.84
            ],
            [
              324926.06,
              25991.84
            ],
            [
              324926.06,
              1.0
            ]
          ]
        ]
      }
    },
    {
      "type": "Feature",
      "properties": {
        "id": "3RXAPZU3KCLQRWZKPWLL6U66E",
        "gridName": "HLOD0_256m_4095m"
      },
      "geometry": {
        "type": "Polygon",
        "coordinates": [
          [
            [
              -680400.0,
              705600.0
            ],
            [
              -655200.0,
              705600.0
            ],
            [
              -655200.0,
              730800.0
            ],
            [
              -680400.0,
              730800.0
            ],
            [
              -680400.0,
              705600.0
            ]
          ]
        ]
      }
    },
    {
      "type": "Feature",
      "properties": {
        "id": "3S54V77BCCNQS5J4BMKFAIUN6",
        "gridName": "VisualGrid"
      },
      "geometry": {
        "type": "Polygon",
        "coordinates": [
          [
            [
              29713.404,
              7812.7876
            ],
            [
              150087.81,
              7812.7876
            ],
            [
              150087.81,
              120936.21
            ],
            [
              29713.404,
              120936.21
            ],
            [
              29713.404,
              7812.7876
            ]
          ]
        ]
      }
    },
    {
      "type": "Feature",
      "properties": {
        "id": "3T5V4EVZ1EXXXYNEO3EV6Y5OQ",
        "gridName": "HLOD0_256m_4095m"
      },
      "geometry": {
        "type": "Polygon",
        "coordinates": [
          [
            [
              176400.0,
              -75600.0
            ],
            [
              201600.0,
              -75600.0
            ],
            [
              201600.0,
              -50400.0
            ],
            [
              176400.0,
              -50400.0
            ],
            [
              176400.0,
              -75600.0
            ]
          ]
        ]
      }
    },
    {
      "type": "Feature",
      "properties": {
        "id": "3TGXCKY7724CT1SZZGZEPAHQS",
        "gridName": "HLOD0_256m_4095m"
      },
      "geometry": {
        "type": "Polygon",
        "coordinates": [
          [
            [
              252000.0,
              252000.0
            ],
            [
              277200.0,
              252000.0
            ],
            [
              277200.0,
              277200.0
            ],
            [
              252000.0,
              277200.0
            ],
            [
              252000.0,
              252000.0
            ]
          ]
        ]
      }
    },
    {
      "type": "Feature",
      "properties": {
        "id": "3TNMGKTQYP9UM39F8XNGZ9Z42",
        "gridName": "MainGrid"
      },
      "geometry": {
        "type": "Polygon",
        "coordinates": [
          [
            [
              47560.72,
              71861.68
            ],
            [
              80360.0,
              71861.68
            ],
            [
              80360.0,
              106926.46
            ],
            [
              47560.72,
              106926.46
            ],
            [
              47560.72,
              71861.68
            ]
          ]
        ]
      }
    },
    {
      "type": "Feature",
      "properties": {
        "id": "3TPQ000R84Y9S8D6OUWS3H5IO",
        "gridName": "MainGrid"
      },
      "geometry": {
        "type": "Polygon",
        "coordinates": [
          [
            [
              201600.0,
              1125.4896
            ],
            [
              299500.47,
              1125.4896
            ],
            [
              299500.47,
              95414.945
            ],
            [
              201600.0,
              95414.945
            ],
            [
              201600.0,
              1125.4896
            ]
          ]
        ]
      }
    },
    {
      "type": "Feature",
      "properties": {
        "id": "3UFKIJ7AKHXA9SPF3OS3X4ROU",
        "gridName": "MainGrid"
      },
      "geometry": {
        "type": "Polygon",
        "coordinates": [
          [
            [
              -158886.84,
              604081.56
            ],
            [
              -117885.49,
              604081.56
            ],
            [
              -117885.49,
              639663.4
            ],
            [
              -158886.84,
              639663.4
            ],
            [
              -158886.84,
              604081.56
            ]
          ]
        ]
      }
    },
    {
      "type": "Feature",
      "properties": {
        "id": "3UJTCFQZ9J3TORZFNDQGBNAGG",
        "gridName": "MainGrid"
      },
      "geometry": {
        "type": "Polygon",
        "coordinates": [
          [
            [
              302401.0,
              -25199.0
            ],
            [
              327599.0,
              -25199.0
            ],
            [
              327599.0,
              -1.0
            ],
            [
              302401.0,
              -1.0
            ],
            [
              302401.0,
              -25199.0
            ]
          ]
        ]
      }
    },
    {
      "type": "Feature",
      "properties": {
        "id": "3UU0TGEK840A11QNPZ17Q6QQL",
        "gridName": "MainGrid"
      },
      "geometry": {
        "type": "Polygon",
        "coordinates": [
          [
            [
              38174.027,
              -80989.74
            ],
            [
              81791.28,
              -80989.74
            ],
            [
              81791.28,
              -45839.7
            ],
            [
              38174.027,
              -45839.7
            ],
            [
              38174.027,
              -80989.74
            ]
          ]
        ]
      }
    },
    {
      "type": "Feature",
      "properties": {
        "id": "3VFFM77H3NC99PTXP76MFI6EU",
        "gridName": "HLOD0_256m_4095m"
      },
      "geometry": {
        "type": "Polygon",
        "coordinates": [
          [
            [
              -25200.0,
              226800.0
            ],
            [
              0.0,
              226800.0
            ],
            [
              0.0,
              252000.0
            ],
            [
              -25200.0,
              252000.0
            ],
            [
              -25200.0,
              226800.0
            ]
          ]
        ]
      }
    },
    {
      "type": "Feature",
      "properties": {
        "id": "3W53YYM4F0DH5R1TSM5V9ZBP4",
        "gridName": "MainGrid"
      },
      "geometry": {
        "type": "Polygon",
        "coordinates": [
          [
            [
              415800.0,
              264600.0
            ],
            [
              415800.0,
              264600.0
            ],
            [
              415800.0,
              264600.0
            ],
            [
              415800.0,
              264600.0
            ],
            [
              415800.0,
              264600.0
            ]
          ]
        ]
      }
    },
    {
      "type": "Feature",
      "properties": {
        "id": "3X29Y4KXJ6JCFJ3KU1CBOGLLL",
        "gridName": "HLOD0_256m_4095m"
      },
      "geometry": {
        "type": "Polygon",
        "coordinates": [
          [
            [
              25200.0,
              176400.0
            ],
            [
              50400.0,
              176400.0
            ],
            [
              50400.0,
              201600.0
            ],
            [
              25200.0,
              201600.0
            ],
            [
              25200.0,
              176400.0
            ]
          ]
        ]
      }
    },
    {
      "type": "Feature",
      "properties": {
        "id": "3XCZSJ208KOTDHV30ERJ4UXQK",
        "gridName": "MainGrid"
      },
      "geometry": {
        "type": "Polygon",
        "coordinates": [
          [
            [
              -775564.8,
              -234814.66
            ],
            [
              -741038.8,
              -234814.66
            ],
            [
              -741038.8,
              -202371.31
            ],
            [
              -775564.8,
              -202371.31
            ],
            [
              -775564.8,
              -234814.66
            ]
          ]
        ]
      }
    },
    {
      "type": "Feature",
      "properties": {
        "id": "3XHIE6F7QP0FP7X5TIB1S2V52",
        "gridName": "MainGrid"
      },
      "geometry": {
        "type": "Polygon",
        "coordinates": [
          [
            [
              95443.445,
              -81518.914
            ],
            [
              131008.18,
              -81518.914
            ],
            [
              131008.18,
              -45641.61
            ],
            [
              95443.445,
              -45641.61
            ],
            [
              95443.445,
              -81518.914
            ]
          ]
        ]
      }
    },
    {
      "type": "Feature",
      "properties": {
        "id": "3XPOQPFW85VHEFA4FJZ0TJIID",
        "gridName": "MainGrid"
      },
      "geometry": {
        "type": "Polygon",
        "coordinates": [
          [
            [
              149316.05,
              112248.266
            ],
            [
              177778.48,
              112248.266
            ],
            [
              177778.48,
              162259.75
            ],
            [
              149316.05,
              162259.75
            ],
            [
              149316.05,
              112248.266
            ]
          ]
        ]
      }
    },
    {
      "type": "Feature",
      "properties": {
        "id": "3YHS08MZVZMX5ZCPSM3BV8GH4",
        "gridName": "MainGrid"
      },
      "geometry": {
        "type": "Polygon",
        "coordinates": [
          [
            [
              -201599.0,
              93602.93
            ],
            [
              -176029.36,
              93602.93
            ],
            [
              -176029.36,
              125999.0
            ],
            [
              -201599.0,
              125999.0
            ],
            [
              -201599.0,
              93602.93
            ]
          ]
        ]
      }
    },
    {
      "type": "Feature",
      "properties": {
        "id": "3YLAFCNB91SQ8N6J3DDHJVQ40",
        "gridName": "HLOD0_256m_4095m"
      },
      "geometry": {
        "type": "Polygon",
        "coordinates": [
          [
            [
              151200.0,
              151200.0
            ],
            [
              176400.0,
              151200.0
            ],
            [
              176400.0,
              176400.0
            ],
            [
              151200.0,
              176400.0
            ],
            [
              151200.0,
              151200.0
            ]
          ]
        ]
      }
    },
    {
      "type": "Feature",
      "properties": {
        "id": "3YWEDGXXUG2WBKGTPJU805KIV",
        "gridName": "MainGrid"
      },
      "geometry": {
        "type": "Polygon",
        "coordinates": [
          [
            [
              -185292.16,
              604801.0
            ],
            [
              -147609.69,
              604801.0
            ],
            [
              -147609.69,
              637514.9
            ],
            [
              -185292.16,
              637514.9
            ],
            [
              -185292.16,
              604801.0
            ]
          ]
        ]
      }
    },
    {
      "type": "Feature",
      "properties": {
        "id": "3YXGX2S0K2JVNNORPWH3T7OM1",
        "gridName": "MainGrid"
      },
      "geometry": {
        "type": "Polygon",
        "coordinates": [
          [
            [
              63840.0,
              182580.0
            ],
            [
              68660.0,
              182580.0
            ],
            [
              68660.0,
              184350.0
            ],
            [
              63840.0,
              184350.0
            ],
            [
              63840.0,
              182580.0
            ]
          ]
        ]
      }
    },
    {
      "type": "Feature",
      "properties": {
        "id": "3Z0V7YD9Y1BVTS4XYAF3SS6EM",
        "gridName": "MainGrid"
      },
      "geometry": {
        "type": "Polygon",
        "coordinates": [
          [
            [
              -680399.0,
              -151199.0
            ],
            [
              -655201.0,
              -151199.0
            ],
            [
              -655201.0,
              -126001.0
            ],
            [
              -680399.0,
              -126001.0
            ],
            [
              -680399.0,
              -151199.0
            ]
          ]
        ]
      }
    },
    {
      "type": "Feature",
      "properties": {
        "id": "40NLV1TRAOTCXAAXUGYKXCUZ8",
        "gridName": "MainGrid"
      },
      "geometry": {
        "type": "Polygon",
        "coordinates": [
          [
            [
              109883.875,
              58035.71
            ],
            [
              136115.92,
              58035.71
            ],
            [
              136115.92,
              99229.06
            ],
            [
              109883.875,
              99229.06
            ],
            [
              109883.875,
              58035.71
            ]
          ]
        ]
      }
    },
    {
      "type": "Feature",
      "properties": {
        "id": "413WUREWFWPJU3AHYF3HQ6DZ1",
        "gridName": "MainGrid"
      },
      "geometry": {
        "type": "Polygon",
        "coordinates": [
          [
            [
              343418.66,
              94381.234
            ],
            [
              379024.66,
              94381.234
            ],
            [
              379024.66,
              134840.73
            ],
            [
              343418.66,
              134840.73
            ],
            [
              343418.66,
              94381.234
            ]
          ]
        ]
      }
    },
    {
      "type": "Feature",
      "properties": {
        "id": "41AEJS42NF6O5YS3CIMTI8OH4",
        "gridName": "MainGrid"
      },
      "geometry": {
        "type": "Polygon",
        "coordinates": [
          [
            [
              96162.78,
              96050.03
            ],
            [
              131180.5,
              96050.03
            ],
            [
              131180.5,
              132212.9
            ],
            [
              96162.78,
              132212.9
            ],
            [
              96162.78,
              96050.03
            ]
          ]
        ]
      }
    },
    {
      "type": "Feature",
      "properties": {
        "id": "41H8EE8NNYAIXEHN5570HRA2Z",
        "gridName": "MainGrid"
      },
      "geometry": {
        "type": "Polygon",
        "coordinates": [
          [
            [
              -604799.0,
              -302399.0
            ],
            [
              -579601.0,
              -302399.0
            ],
            [
              -579601.0,
              -277201.0
            ],
            [
              -604799.0,
              -277201.0
            ],
            [
              -604799.0,
              -302399.0
            ]
          ]
        ]
      }
    },
    {
      "type": "Feature",
      "properties": {
        "id": "42ZF6O8W7KTQYOQXQ24UJ38NA",
        "gridName": "MainGrid"
      },
      "geometry": {
        "type": "Polygon",
        "coordinates": [
          [
            [
              -454470.88,
              -128671.97
            ],
            [
              -428401.0,
              -128671.97
            ],
            [
              -428401.0,
              -100801.0
            ],
            [
              -454470.88,
              -100801.0
            ],
            [
              -454470.88,
              -128671.97
            ]
          ]
        ]
      }
    },
    {
      "type": "Feature",
      "properties": {
        "id": "43DX34ERB5H1BA5MGQHP32GMA",
        "gridName": "MainGrid"
      },
      "geometry": {
        "type": "Polygon",
        "coordinates": [
          [
            [
              -478799.0,
              -226799.0
            ],
            [
              -453601.0,
              -226799.0
            ],
            [
              -453601.0,
              -201601.0
            ],
            [
              -478799.0,
              -201601.0
            ],
            [
              -478799.0,
              -226799.0
            ]
          ]
        ]
      }
    },
    {
      "type": "Feature",
      "properties": {
        "id": "43UMP6LSCQUQZPEMX05WPVFEI",
        "gridName": "HLOD0_256m_4095m"
      },
      "geometry": {
        "type": "Polygon",
        "coordinates": [
          [
            [
              -50400.0,
              126000.0
            ],
            [
              -25200.0,
              126000.0
            ],
            [
              -25200.0,
              151200.0
            ],
            [
              -50400.0,
              151200.0
            ],
            [
              -50400.0,
              126000.0
            ]
          ]
        ]
      }
    },
    {
      "type": "Feature",
      "properties": {
        "id": "448D31JWU08SZJ97F0ZZH411M",
        "gridName": "MainGrid"
      },
      "geometry": {
        "type": "Polygon",
        "coordinates": [
          [
            [
              220770.1,
              57136.777
            ],
            [
              248540.42,
              57136.777
            ],
            [
              248540.42,
              84608.266
            ],
            [
              220770.1,
              84608.266
            ],
            [
              220770.1,
              57136.777
            ]
          ]
        ]
      }
    },
    {
      "type": "Feature",
      "properties": {
        "id": "44LMVRPQ56G22WCX0LS8ZGQQ7",
        "gridName": "HLOD0_256m_4095m"
      },
      "geometry": {
        "type": "Polygon",
        "coordinates": [
          [
            [
              201600.0,
              50400.0
            ],
            [
              226800.0,
              50400.0
            ],
            [
              226800.0,
              75600.0
            ],
            [
              201600.0,
              75600.0
            ],
            [
              201600.0,
              50400.0
            ]
          ]
        ]
      }
    },
    {
      "type": "Feature",
      "properties": {
        "id": "44UARPF3XQIJOXWEY66P2X51P",
        "gridName": "MainGrid"
      },
      "geometry": {
        "type": "Polygon",
        "coordinates": [
          [
            [
              -176399.0,
              -54145.48
            ],
            [
              -151201.0,
              -54145.48
            ],
            [
              -151201.0,
              -25201.0
            ],
            [
              -176399.0,
              -25201.0
            ],
            [
              -176399.0,
              -54145.48
            ]
          ]
        ]
      }
    },
    {
      "type": "Feature",
      "properties": {
        "id": "46C7972SYFKTAN2G16B2RLGJ9",
        "gridName": "MainGrid"
      },
      "geometry": {
        "type": "Polygon",
        "coordinates": [
          [
            [
              247205.22,
              45104.36
            ],
            [
              282738.72,
              45104.36
            ],
            [
              282738.72,
              80393.375
            ],
            [
              247205.22,
              80393.375
            ],
            [
              247205.22,
              45104.36
            ]
          ]
        ]
      }
    },
    {
      "type": "Feature",
      "properties": {
        "id": "46C7ZDSEOAF6IQUFT91GIBTV5",
        "gridName": "MainGrid"
      },
      "geometry": {
        "type": "Polygon",
        "coordinates": [
          [
            [
              -151199.0,
              75601.0
            ],
            [
              -126001.0,
              75601.0
            ],
            [
              -126001.0,
              100799.0
            ],
            [
              -151199.0,
              100799.0
            ],
            [
              -151199.0,
              75601.0
            ]
          ]
        ]
      }
    },
    {
      "type": "Feature",
      "properties": {
        "id": "4759UR7LC6E2BSVAKGNV7Y46N",
        "gridName": "VisualGrid"
      },
      "geometry": {
        "type": "Polygon",
        "coordinates": [
          [
            [
              -790935.75,
              686389.6
            ],
            [
              -767096.4,
              686389.6
            ],
            [
              -767096.4,
              715562.94
            ],
            [
              -790935.75,
              715562.94
            ],
            [
              -790935.75,
              686389.6
            ]
          ]
        ]
      }
    },
    {
      "type": "Feature",
      "properties": {
        "id": "47OBCSESS90GOPZWSR6D7RW6C",
        "gridName": "MainGrid"
      },
      "geometry": {
        "type": "Polygon",
        "coordinates": [
          [
            [
              -130879.484,
              615568.1
            ],
            [
              -101180.25,
              615568.1
            ],
            [
              -101180.25,
              641685.56
            ],
            [
              -130879.484,
              641685.56
            ],
            [
              -130879.484,
              615568.1
            ]
          ]
        ]
      }
    },
    {
      "type": "Feature",
      "properties": {
        "id": "47ZK7WPK3A5GU7Z0241B5QCFL",
        "gridName": "MainGrid"
      },
      "geometry": {
        "type": "Polygon",
        "coordinates": [
          [
            [
              30737.795,
              176776.34
            ],
            [
              34200.742,
              176776.34
            ],
            [
              34200.742,
              178776.34
            ],
            [
              30737.795,
              178776.34
            ],
            [
              30737.795,
              176776.34
            ]
          ]
        ]
      }
    },
    {
      "type": "Feature",
      "properties": {
        "id": "480N1FYWI1C5I5HYSZE8DCJDB",
        "gridName": "MainGrid"
      },
      "geometry": {
        "type": "Polygon",
        "coordinates": [
          [
            [
              -478799.0,
              -302399.0
            ],
            [
              -453601.0,
              -302399.0
            ],
            [
              -453601.0,
              -277201.0
            ],
            [
              -478799.0,
              -277201.0
            ],
            [
              -478799.0,
              -302399.0
            ]
          ]
        ]
      }
    },
    {
      "type": "Feature",
      "properties": {
        "id": "483XDXBKP0QLJ6U712MSS02XK",
        "gridName": "MainGrid"
      },
      "geometry": {
        "type": "Polygon",
        "coordinates": [
          [
            [
              -503999.0,
              -125999.0
            ],
            [
              -478801.0,
              -125999.0
            ],
            [
              -478801.0,
              -100801.0
            ],
            [
              -503999.0,
              -100801.0
            ],
            [
              -503999.0,
              -125999.0
            ]
          ]
        ]
      }
    },
    {
      "type": "Feature",
      "properties": {
        "id": "48FJQFP5K2M7ML9MBVBMU4H6A",
        "gridName": "VisualGrid"
      },
      "geometry": {
        "type": "Polygon",
        "coordinates": [
          [
            [
              243048.06,
              99467.25
            ],
            [
              253082.64,
              99467.25
            ],
            [
              253082.64,
              118561.76
            ],
            [
              243048.06,
              118561.76
            ],
            [
              243048.06,
              99467.25
            ]
          ]
        ]
      }
    },
    {
      "type": "Feature",
      "properties": {
        "id": "48LMQZ0VBF50R9FXZNJAR56KL",
        "gridName": "MainGrid"
      },
      "geometry": {
        "type": "Polygon",
        "coordinates": [
          [
            [
              -478799.0,
              176401.0
            ],
            [
              -448536.38,
              176401.0
            ],
            [
              -448536.38,
              204745.55
            ],
            [
              -478799.0,
              204745.55
            ],
            [
              -478799.0,
              176401.0
            ]
          ]
        ]
      }
    },
    {
      "type": "Feature",
      "properties": {
        "id": "495PCPB53E80MXZ4BTLDO890O",
        "gridName": "MainGrid"
      },
      "geometry": {
        "type": "Polygon",
        "coordinates": [
          [
            [
              196434.36,
              -100799.0
            ],
            [
              226799.0,
              -100799.0
            ],
            [
              226799.0,
              -72113.51
            ],
            [
              196434.36,
              -72113.51
            ],
            [
              196434.36,
              -100799.0
            ]
          ]
        ]
      }
    },
    {
      "type": "Feature",
      "properties": {
        "id": "49LPDC3KQ16UJA5GBHGCEZCXN",
        "gridName": "HLOD0_256m_4095m"
      },
      "geometry": {
        "type": "Polygon",
        "coordinates": [
          [
            [
              -25200.0,
              151200.0
            ],
            [
              0.0,
              151200.0
            ],
            [
              0.0,
              176400.0
            ],
            [
              -25200.0,
              176400.0
            ],
            [
              -25200.0,
              151200.0
            ]
          ]
        ]
      }
    },
    {
      "type": "Feature",
      "properties": {
        "id": "4AOAB6K1D75HEMCHVQCR7MZ38",
        "gridName": "HLOD0_256m_4095m"
      },
      "geometry": {
        "type": "Polygon",
        "coordinates": [
          [
            [
              -705600.0,
              680400.0
            ],
            [
              -680400.0,
              680400.0
            ],
            [
              -680400.0,
              705600.0
            ],
            [
              -705600.0,
              705600.0
            ],
            [
              -705600.0,
              680400.0
            ]
          ]
        ]
      }
    },
    {
      "type": "Feature",
      "properties": {
        "id": "4B4WXN83TZR56QRSSH9Q1KJDQ",
        "gridName": "MainGrid"
      },
      "geometry": {
        "type": "Polygon",
        "coordinates": [
          [
            [
              -604799.0,
              -251999.0
            ],
            [
              -579601.0,
              -251999.0
            ],
            [
              -579601.0,
              -226801.0
            ],
            [
              -604799.0,
              -226801.0
            ],
            [
              -604799.0,
              -251999.0
            ]
          ]
        ]
      }
    },
    {
      "type": "Feature",
      "properties": {
        "id": "4BAJX7EMDHTSYMMJA5PTKEQN1",
        "gridName": "MainGrid"
      },
      "geometry": {
        "type": "Polygon",
        "coordinates": [
          [
            [
              303800.0,
              220500.0
            ],
            [
              329200.0,
              220500.0
            ],
            [
              329200.0,
              245900.0
            ],
            [
              303800.0,
              245900.0
            ],
            [
              303800.0,
              220500.0
            ]
          ]
        ]
      }
    },
    {
      "type": "Feature",
      "properties": {
        "id": "4BKXT0P704XBYSKW7ZPWHOJGX",
        "gridName": "MainGrid"
      },
      "geometry": {
        "type": "Polygon",
        "coordinates": [
          [
            [
              -579599.0,
              49301.727
            ],
            [
              -552357.44,
              49301.727
            ],
            [
              -552357.44,
              75599.0
            ],
            [
              -579599.0,
              75599.0
            ],
            [
              -579599.0,
              49301.727
            ]
          ]
        ]
      }
    },
    {
      "type": "Feature",
      "properties": {
        "id": "4BYAGS3QNUC8QSG25MOWWIUHW",
        "gridName": "MainGrid"
      },
      "geometry": {
        "type": "Polygon",
        "coordinates": [
          [
            [
              -579599.0,
              -327599.0
            ],
            [
              -554401.0,
              -327599.0
            ],
            [
              -554401.0,
              -302401.0
            ],
            [
              -579599.0,
              -302401.0
            ],
            [
              -579599.0,
              -327599.0
            ]
          ]
        ]
      }
    },
    {
      "type": "Feature",
      "properties": {
        "id": "4BZTL43PUEIBFEMNS0BYJP9Y9",
        "gridName": "MainGrid"
      },
      "geometry": {
        "type": "Polygon",
        "coordinates": [
          [
            [
              -478799.0,
              -176399.0
            ],
            [
              -453601.0,
              -176399.0
            ],
            [
              -453601.0,
              -151201.0
            ],
            [
              -478799.0,
              -151201.0
            ],
            [
              -478799.0,
              -176399.0
            ]
          ]
        ]
      }
    },
    {
      "type": "Feature",
      "properties": {
        "id": "4CEZLAJEY427TK6U4TNQURB6K",
        "gridName": "HLOD0_256m_4095m"
      },
      "geometry": {
        "type": "Polygon",
        "coordinates": [
          [
            [
              277200.0,
              176400.0
            ],
            [
              302400.0,
              176400.0
            ],
            [
              302400.0,
              201600.0
            ],
            [
              277200.0,
              201600.0
            ],
            [
              277200.0,
              176400.0
            ]
          ]
        ]
      }
    },
    {
      "type": "Feature",
      "properties": {
        "id": "4CMRQ6R9KHK0BN3QGYNJGITQP",
        "gridName": "MainGrid"
      },
      "geometry": {
        "type": "Polygon",
        "coordinates": [
          [
            [
              -100799.0,
              -53499.41
            ],
            [
              -75601.0,
              -53499.41
            ],
            [
              -75601.0,
              -25201.0
            ],
            [
              -100799.0,
              -25201.0
            ],
            [
              -100799.0,
              -53499.41
            ]
          ]
        ]
      }
    },
    {
      "type": "Feature",
      "properties": {
        "id": "4E5VPWMN5JTISTCI2JEXQ3RGR",
        "gridName": "MainGrid"
      },
      "geometry": {
        "type": "Polygon",
        "coordinates": [
          [
            [
              -529199.0,
              -327599.0
            ],
            [
              -504001.0,
              -327599.0
            ],
            [
              -504001.0,
              -302401.0
            ],
            [
              -529199.0,
              -302401.0
            ],
            [
              -529199.0,
              -327599.0
            ]
          ]
        ]
      }
    },
    {
      "type": "Feature",
      "properties": {
        "id": "4E6RXEY409FA3V5VPCLWKC21M",
        "gridName": "MainGrid"
      },
      "geometry": {
        "type": "Polygon",
        "coordinates": [
          [
            [
              -495984.94,
              -162249.19
            ],
            [
              -428458.03,
              -162249.19
            ],
            [
              -428458.03,
              -94722.28
            ],
            [
              -495984.94,
              -94722.28
            ],
            [
              -495984.94,
              -162249.19
            ]
          ]
        ]
      }
    },
    {
      "type": "Feature",
      "properties": {
        "id": "4EXOUMFCAZ2O45GIOKM6ABBP7",
        "gridName": "MainGrid"
      },
      "geometry": {
        "type": "Polygon",
        "coordinates": [
          [
            [
              -12600.0,
              -88200.0
            ],
            [
              -12600.0,
              -88200.0
            ],
            [
              -12600.0,
              -88200.0
            ],
            [
              -12600.0,
              -88200.0
            ],
            [
              -12600.0,
              -88200.0
            ]
          ]
        ]
      }
    },
    {
      "type": "Feature",
      "properties": {
        "id": "4F2L0T2T55CR0LB8RSTBVUUUA",
        "gridName": "MainGrid"
      },
      "geometry": {
        "type": "Polygon",
        "coordinates": [
          [
            [
              322071.56,
              69824.55
            ],
            [
              357944.5,
              69824.55
            ],
            [
              357944.5,
              109103.93
            ],
            [
              322071.56,
              109103.93
            ],
            [
              322071.56,
              69824.55
            ]
          ]
        ]
      }
    },
    {
      "type": "Feature",
      "properties": {
        "id": "4FHUS016KCD35BT0NBBXN5W3X",
        "gridName": "MainGrid"
      },
      "geometry": {
        "type": "Polygon",
        "coordinates": [
          [
            [
              138600.0,
              289800.0
            ],
            [
              138600.0,
              289800.0
            ],
            [
              138600.0,
              289800.0
            ],
            [
              138600.0,
              289800.0
            ],
            [
              138600.0,
              289800.0
            ]
          ]
        ]
      }
    },
    {
      "type": "Feature",
      "properties": {
        "id": "4FUGYJPF9UCVP12J9VSP23NMZ",
        "gridName": "MainGrid"
      },
      "geometry": {
        "type": "Polygon",
        "coordinates": [
          [
            [
              -456010.0,
              -151199.0
            ],
            [
              -428401.0,
              -151199.0
            ],
            [
              -428401.0,
              -108660.87
            ],
            [
              -456010.0,
              -108660.87
            ],
            [
              -456010.0,
              -151199.0
            ]
          ]
        ]
      }
    },
    {
      "type": "Feature",
      "properties": {
        "id": "4H1F4432UKOQKS9GES15Q46M7",
        "gridName": "MainGrid"
      },
      "geometry": {
        "type": "Polygon",
        "coordinates": [
          [
            [
              -177471.42,
              23020.754
            ],
            [
              -151201.0,
              23020.754
            ],
            [
              -151201.0,
              50399.0
            ],
            [
              -177471.42,
              50399.0
            ],
            [
              -177471.42,
              23020.754
            ]
          ]
        ]
      }
    },
    {
      "type": "Feature",
      "properties": {
        "id": "4H9SQJU77B2EURQN6I856JB4Y",
        "gridName": "VisualGrid"
      },
      "geometry": {
        "type": "Polygon",
        "coordinates": [
          [
            [
              3265.1575,
              185158.5
            ],
            [
              8922.052,
              185158.5
            ],
            [
              8922.052,
              190778.17
            ],
            [
              3265.1575,
              190778.17
            ],
            [
              3265.1575,
              185158.5
            ]
          ]
        ]
      }
    },
    {
      "type": "Feature",
      "properties": {
        "id": "4I402XO3ZSI9MXNP9Y5UI6K5J",
        "gridName": "MainGrid"
      },
      "geometry": {
        "type": "Polygon",
        "coordinates": [
          [
            [
              -675564.8,
              -234814.66
            ],
            [
              -641038.8,
              -234814.66
            ],
            [
              -641038.8,
              -202371.31
            ],
            [
              -675564.8,
              -202371.31
            ],
            [
              -675564.8,
              -234814.66
            ]
          ]
        ]
      }
    },
    {
      "type": "Feature",
      "properties": {
        "id": "4ISVN5G58EEM2SXVIVJZZ8G25",
        "gridName": "MainGrid"
      },
      "geometry": {
        "type": "Polygon",
        "coordinates": [
          [
            [
              327601.0,
              -100799.0
            ],
            [
              352799.0,
              -100799.0
            ],
            [
              352799.0,
              -75601.0
            ],
            [
              327601.0,
              -75601.0
            ],
            [
              327601.0,
              -100799.0
            ]
          ]
        ]
      }
    },
    {
      "type": "Feature",
      "properties": {
        "id": "4IYK465A7MTLDAHO4SNT3VJDS",
        "gridName": "MainGrid"
      },
      "geometry": {
        "type": "Polygon",
        "coordinates": [
          [
            [
              42014.25,
              221220.95
            ],
            [
              79867.7,
              221220.95
            ],
            [
              79867.7,
              251999.0
            ],
            [
              42014.25,
              251999.0
            ],
            [
              42014.25,
              221220.95
            ]
          ]
        ]
      }
    },
    {
      "type": "Feature",
      "properties": {
        "id": "4J4WK5G5PT1PFR9ORMZKI3P8D",
        "gridName": "MainGrid"
      },
      "geometry": {
        "type": "Polygon",
        "coordinates": [
          [
            [
              -75599.0,
              100801.0
            ],
            [
              -50401.0,
              100801.0
            ],
            [
              -50401.0,
              125999.0
            ],
            [
              -75599.0,
              125999.0
            ],
            [
              -75599.0,
              100801.0
            ]
          ]
        ]
      }
    },
    {
      "type": "Feature",
      "properties": {
        "id": "4JDC2MHLZCIURWZWS1ZW47JIN",
        "gridName": "HLOD0_256m_4095m"
      },
      "geometry": {
        "type": "Polygon",
        "coordinates": [
          [
            [
              252000.0,
              0.0
            ],
            [
              277200.0,
              0.0
            ],
            [
              277200.0,
              25200.0
            ],
            [
              252000.0,
              25200.0
            ],
            [
              252000.0,
              0.0
            ]
          ]
        ]
      }
    },
    {
      "type": "Feature",
      "properties": {
        "id": "4JN73ZF43LI3Y03XND68S9LUN",
        "gridName": "VisualGrid"
      },
      "geometry": {
        "type": "Polygon",
        "coordinates": [
          [
            [
              -800468.1,
              690836.9
            ],
            [
              -771020.0,
              690836.9
            ],
            [
              -771020.0,
              715240.3
            ],
            [
              -800468.1,
              715240.3
            ],
            [
              -800468.1,
              690836.9
            ]
          ]
        ]
      }
    },
    {
      "type": "Feature",
      "properties": {
        "id": "4LC6QH9U1SURJNI9RBJZSH19R",
        "gridName": "MainGrid"
      },
      "geometry": {
        "type": "Polygon",
        "coordinates": [
          [
            [
              -790400.0,
              704509.2
            ],
            [
              -756001.0,
              704509.2
            ],
            [
              -756001.0,
              735588.25
            ],
            [
              -790400.0,
              735588.25
            ],
            [
              -790400.0,
              704509.2
            ]
          ]
        ]
      }
    },
    {
      "type": "Feature",
      "properties": {
        "id": "4LLOFWVBD9APP24AIFS0L6HXS",
        "gridName": "HLOD0_256m_4095m"
      },
      "geometry": {
        "type": "Polygon",
        "coordinates": [
          [
            [
              176400.0,
              25200.0
            ],
            [
              201600.0,
              25200.0
            ],
            [
              201600.0,
              50400.0
            ],
            [
              176400.0,
              50400.0
            ],
            [
              176400.0,
              25200.0
            ]
          ]
        ]
      }
    },
    {
      "type": "Feature",
      "properties": {
        "id": "4LXZSXYV4V69TLV3OVG4F46Y6",
        "gridName": "MainGrid"
      },
      "geometry": {
        "type": "Polygon",
        "coordinates": [
          [
            [
              -655199.0,
              -352799.0
            ],
            [
              -630001.0,
              -352799.0
            ],
            [
              -630001.0,
              -327601.0
            ],
            [
              -655199.0,
              -327601.0
            ],
            [
              -655199.0,
              -352799.0
            ]
          ]
        ]
      }
    },
    {
      "type": "Feature",
      "properties": {
        "id": "4LYDGYE1O8NLYLL2B2CZLYAAC",
        "gridName": "MainGrid"
      },
      "geometry": {
        "type": "Polygon",
        "coordinates": [
          [
            [
              -705599.0,
              630001.0
            ],
            [
              -680401.0,
              630001.0
            ],
            [
              -680401.0,
              655199.0
            ],
            [
              -705599.0,
              655199.0
            ],
            [
              -705599.0,
              630001.0
            ]
          ]
        ]
      }
    },
    {
      "type": "Feature",
      "properties": {
        "id": "4M0OWZD1OSVODYN0QT78IMNOU",
        "gridName": "MainGrid"
      },
      "geometry": {
        "type": "Polygon",
        "coordinates": [
          [
            [
              -781199.0,
              -151199.0
            ],
            [
              -756001.0,
              -151199.0
            ],
            [
              -756001.0,
              -126001.0
            ],
            [
              -781199.0,
              -126001.0
            ],
            [
              -781199.0,
              -151199.0
            ]
          ]
        ]
      }
    },
    {
      "type": "Feature",
      "properties": {
        "id": "4M14Z6Y0631NH61ZKTW5N4QH9",
        "gridName": "VisualGrid"
      },
      "geometry": {
        "type": "Polygon",
        "coordinates": [
          [
            [
              869523.3,
              -660178.8
            ],
            [
              897775.9,
              -660178.8
            ],
            [
              897775.9,
              -631896.44
            ],
            [
              869523.3,
              -631896.44
            ],
            [
              869523.3,
              -660178.8
            ]
          ]
        ]
      }
    },
    {
      "type": "Feature",
      "properties": {
        "id": "4M8GNG8GLAII3JJ1S7U1X4DXA",
        "gridName": "HLOD0_256m_4095m"
      },
      "geometry": {
        "type": "Polygon",
        "coordinates": [
          [
            [
              176400.0,
              100800.0
            ],
            [
              201600.0,
              100800.0
            ],
            [
              201600.0,
              126000.0
            ],
            [
              176400.0,
              126000.0
            ],
            [
              176400.0,
              100800.0
            ]
          ]
        ]
      }
    },
    {
      "type": "Feature",
      "properties": {
        "id": "4M90GF84R63EN51DGL3M4Z5EP",
        "gridName": "MainGrid"
      },
      "geometry": {
        "type": "Polygon",
        "coordinates": [
          [
            [
              -201599.0,
              630001.0
            ],
            [
              -176401.0,
              630001.0
            ],
            [
              -176401.0,
              655199.0
            ],
            [
              -201599.0,
              655199.0
            ],
            [
              -201599.0,
              630001.0
            ]
          ]
        ]
      }
    },
    {
      "type": "Feature",
      "properties": {
        "id": "4MM73XDVKMSOR1VU10YATUQ3T",
        "gridName": "VisualGrid"
      },
      "geometry": {
        "type": "Polygon",
        "coordinates": [
          [
            [
              -735942.1,
              698874.1
            ],
            [
              -701496.25,
              698874.1
            ],
            [
              -701496.25,
              743718.8
            ],
            [
              -735942.1,
              743718.8
            ],
            [
              -735942.1,
              698874.1
            ]
          ]
        ]
      }
    },
    {
      "type": "Feature",
      "properties": {
        "id": "4NDP9FZZE8IJA7BBBWWVMXUQP",
        "gridName": "MainGrid"
      },
      "geometry": {
        "type": "Polygon",
        "coordinates": [
          [
            [
              -476610.9,
              179254.56
            ],
            [
              -445659.3,
              179254.56
            ],
            [
              -445659.3,
              210206.17
            ],
            [
              -476610.9,
              210206.17
            ],
            [
              -476610.9,
              179254.56
            ]
          ]
        ]
      }
    },
    {
      "type": "Feature",
      "properties": {
        "id": "4NQGOLBFT84F32QTTZJ42EGSN",
        "gridName": "MainGrid"
      },
      "geometry": {
        "type": "Polygon",
        "coordinates": [
          [
            [
              415800.0,
              138600.0
            ],
            [
              415800.0,
              138600.0
            ],
            [
              415800.0,
              138600.0
            ],
            [
              415800.0,
              138600.0
            ],
            [
              415800.0,
              138600.0
            ]
          ]
        ]
      }
    },
    {
      "type": "Feature",
      "properties": {
        "id": "4PFLVHOYKUNA5S2C09Q6DX739",
        "gridName": "MainGrid"
      },
      "geometry": {
        "type": "Polygon",
        "coordinates": [
          [
            [
              -529199.0,
              151201.0
            ],
            [
              -504001.0,
              151201.0
            ],
            [
              -504001.0,
              176399.0
            ],
            [
              -529199.0,
              176399.0
            ],
            [
              -529199.0,
              151201.0
            ]
          ]
        ]
      }
    },
    {
      "type": "Feature",
      "properties": {
        "id": "4PLCMTUWTNHY2QWILE795NE4K",
        "gridName": "HLOD0_256m_4095m"
      },
      "geometry": {
        "type": "Polygon",
        "coordinates": [
          [
            [
              75600.0,
              -25200.0
            ],
            [
              100800.0,
              -25200.0
            ],
            [
              100800.0,
              0.0
            ],
            [
              75600.0,
              0.0
            ],
            [
              75600.0,
              -25200.0
            ]
          ]
        ]
      }
    },
    {
      "type": "Feature",
      "properties": {
        "id": "4Q39CZMJMWM9XDTRBMTU9L5US",
        "gridName": "MainGrid"
      },
      "geometry": {
        "type": "Polygon",
        "coordinates": [
          [
            [
              -710237.4,
              680401.0
            ],
            [
              -680401.0,
              680401.0
            ],
            [
              -680401.0,
              707488.7
            ],
            [
              -710237.4,
              707488.7
            ],
            [
              -710237.4,
              680401.0
            ]
          ]
        ]
      }
    },
    {
      "type": "Feature",
      "properties": {
        "id": "4QA1SPARNDAWLYH0L63J536UA",
        "gridName": "HLOD0_256m_4095m"
      },
      "geometry": {
        "type": "Polygon",
        "coordinates": [
          [
            [
              176400.0,
              226800.0
            ],
            [
              201600.0,
              226800.0
            ],
            [
              201600.0,
              252000.0
            ],
            [
              176400.0,
              252000.0
            ],
            [
              176400.0,
              226800.0
            ]
          ]
        ]
      }
    },
    {
      "type": "Feature",
      "properties": {
        "id": "4QEV2ZIR2C3XOXIOMEDJGNJBF",
        "gridName": "HLOD0_256m_4095m"
      },
      "geometry": {
        "type": "Polygon",
        "coordinates": [
          [
            [
              226800.0,
              50400.0
            ],
            [
              252000.0,
              50400.0
            ],
            [
              252000.0,
              75600.0
            ],
            [
              226800.0,
              75600.0
            ],
            [
              226800.0,
              50400.0
            ]
          ]
        ]
      }
    },
    {
      "type": "Feature",
      "properties": {
        "id": "4RE82B4U06ZN53BZI8KPEMKWG",
        "gridName": "HLOD0_256m_4095m"
      },
      "geometry": {
        "type": "Polygon",
        "coordinates": [
          [
            [
              75600.0,
              100800.0
            ],
            [
              100800.0,
              100800.0
            ],
            [
              100800.0,
              126000.0
            ],
            [
              75600.0,
              126000.0
            ],
            [
              75600.0,
              100800.0
            ]
          ]
        ]
      }
    },
    {
      "type": "Feature",
      "properties": {
        "id": "4RRH5NFWO87AALCXXDS4NBF89",
        "gridName": "MainGrid"
      },
      "geometry": {
        "type": "Polygon",
        "coordinates": [
          [
            [
              45828.254,
              -32811.996
            ],
            [
              84637.65,
              -32811.996
            ],
            [
              84637.65,
              6075.0444
            ],
            [
              45828.254,
              6075.0444
            ],
            [
              45828.254,
              -32811.996
            ]
          ]
        ]
      }
    },
    {
      "type": "Feature",
      "properties": {
        "id": "4SDX998MKQLZQDGJQ3H59LFCW",
        "gridName": "HLOD0_256m_1999m"
      },
      "geometry": {
        "type": "Polygon",
        "coordinates": [
          [
            [
              252000.0,
              277200.0
            ],
            [
              277200.0,
              277200.0
            ],
            [
              277200.0,
              302400.0
            ],
            [
              252000.0,
              302400.0
            ],
            [
              252000.0,
              277200.0
            ]
          ]
        ]
      }
    },
    {
      "type": "Feature",
      "properties": {
        "id": "4SOR791EQBXV3H6GJP77LUFO0",
        "gridName": "HLOD0_256m_767m"
      },
      "geometry": {
        "type": "Polygon",
        "coordinates": [
          [
            [
              25200.0,
              100800.0
            ],
            [
              50400.0,
              100800.0
            ],
            [
              50400.0,
              126000.0
            ],
            [
              25200.0,
              126000.0
            ],
            [
              25200.0,
              100800.0
            ]
          ]
        ]
      }
    },
    {
      "type": "Feature",
      "properties": {
        "id": "4TGF63TTRTUEN4IZ276K4ZQJO",
        "gridName": "MainGrid"
      },
      "geometry": {
        "type": "Polygon",
        "coordinates": [
          [
            [
              -25199.0,
              100801.0
            ],
            [
              -1.0,
              100801.0
            ],
            [
              -1.0,
              125999.0
            ],
            [
              -25199.0,
              125999.0
            ],
            [
              -25199.0,
              100801.0
            ]
          ]
        ]
      }
    },
    {
      "type": "Feature",
      "properties": {
        "id": "4TJ982BXJPY9BUA7EYG3PLXBV",
        "gridName": "MainGrid"
      },
      "geometry": {
        "type": "Polygon",
        "coordinates": [
          [
            [
              -12600.0,
              289800.0
            ],
            [
              -12600.0,
              289800.0
            ],
            [
              -12600.0,
              289800.0
            ],
            [
              -12600.0,
              289800.0
            ],
            [
              -12600.0,
              289800.0
            ]
          ]
        ]
      }
    },
    {
      "type": "Feature",
      "properties": {
        "id": "4TR5ENM0FZIOOKCDP2OTI8X94",
        "gridName": "MainGrid"
      },
      "geometry": {
        "type": "Polygon",
        "coordinates": [
          [
            [
              -125999.0,
              176401.0
            ],
            [
              -100801.0,
              176401.0
            ],
            [
              -100801.0,
              201599.0
            ],
            [
              -125999.0,
              201599.0
            ],
            [
              -125999.0,
              176401.0
            ]
          ]
        ]
      }
    },
    {
      "type": "Feature",
      "properties": {
        "id": "4U7MM17A31W1ZGHH69LYZZ2YW",
        "gridName": "MainGrid"
      },
      "geometry": {
        "type": "Polygon",
        "coordinates": [
          [
            [
              50401.0,
              1.0
            ],
            [
              75599.0,
              1.0
            ],
            [
              75599.0,
              25199.0
            ],
            [
              50401.0,
              25199.0
            ],
            [
              50401.0,
              1.0
            ]
          ]
        ]
      }
    },
    {
      "type": "Feature",
      "properties": {
        "id": "4UT9YG6XDQU5RMAVFU1TQCADR",
        "gridName": "MainGrid"
      },
      "geometry": {
        "type": "Polygon",
        "coordinates": [
          [
            [
              75601.0,
              504001.0
            ],
            [
              100799.0,
              504001.0
            ],
            [
              100799.0,
              529199.0
            ],
            [
              75601.0,
              529199.0
            ],
            [
              75601.0,
              504001.0
            ]
          ]
        ]
      }
    },
    {
      "type": "Feature",
      "properties": {
        "id": "4V695WCNI82RX00W3QUKLX3ML",
        "gridName": "HLOD0_256m_4095m"
      },
      "geometry": {
        "type": "Polygon",
        "coordinates": [
          [
            [
              -478800.0,
              -504000.0
            ],
            [
              -453600.0,
              -504000.0
            ],
            [
              -453600.0,
              -478800.0
            ],
            [
              -478800.0,
              -478800.0
            ],
            [
              -478800.0,
              -504000.0
            ]
          ]
        ]
      }
    },
    {
      "type": "Feature",
      "properties": {
        "id": "4V7KGEIMO9PFMSEIFMEVJ9UXR",
        "gridName": "MainGrid"
      },
      "geometry": {
        "type": "Polygon",
        "coordinates": [
          [
            [
              -781199.0,
              -352799.0
            ],
            [
              -756001.0,
              -352799.0
            ],
            [
              -756001.0,
              -327601.0
            ],
            [
              -781199.0,
              -327601.0
            ],
            [
              -781199.0,
              -352799.0
            ]
          ]
        ]
      }
    },
    {
      "type": "Feature",
      "properties": {
        "id": "4VYL5SLD0TBZ66MTVHSHS8F87",
        "gridName": "MainGrid"
      },
      "geometry": {
        "type": "Polygon",
        "coordinates": [
          [
            [
              -125999.0,
              604801.0
            ],
            [
              -100801.0,
              604801.0
            ],
            [
              -100801.0,
              629999.0
            ],
            [
              -125999.0,
              629999.0
            ],
            [
              -125999.0,
              604801.0
            ]
          ]
        ]
      }
    },
    {
      "type": "Feature",
      "properties": {
        "id": "4W6LE4SUN03PNSI5C3H2VA2CB",
        "gridName": "MainGrid"
      },
      "geometry": {
        "type": "Polygon",
        "coordinates": [
          [
            [
              176401.0,
              428401.0
            ],
            [
              201599.0,
              428401.0
            ],
            [
              201599.0,
              453599.0
            ],
            [
              176401.0,
              453599.0
            ],
            [
              176401.0,
              428401.0
            ]
          ]
        ]
      }
    },
    {
      "type": "Feature",
      "properties": {
        "id": "4WCGKQUZ5OMZRXF0FEPGMUHUZ",
        "gridName": "MainGrid"
      },
      "geometry": {
        "type": "Polygon",
        "coordinates": [
          [
            [
              50400.0,
              -100799.0
            ],
            [
              75599.0,
              -100799.0
            ],
            [
              75599.0,
              -71202.22
            ],
            [
              50400.0,
              -71202.22
            ],
            [
              50400.0,
              -100799.0
            ]
          ]
        ]
      }
    },
    {
      "type": "Feature",
      "properties": {
        "id": "4WGQ7LQ6EVDZWAYO2EVEZYUXO",
        "gridName": "MainGrid"
      },
      "geometry": {
        "type": "Polygon",
        "coordinates": [
          [
            [
              -96577.38,
              532077.1
            ],
            [
              -21091.943,
              532077.1
            ],
            [
              -21091.943,
              599435.2
            ],
            [
              -96577.38,
              599435.2
            ],
            [
              -96577.38,
              532077.1
            ]
          ]
        ]
      }
    },
    {
      "type": "Feature",
      "properties": {
        "id": "4WHKV15WLZ30RY69LTMQIN31E",
        "gridName": "HLOD0_256m_4095m"
      },
      "geometry": {
        "type": "Polygon",
        "coordinates": [
          [
            [
              126000.0,
              50400.0
            ],
            [
              151200.0,
              50400.0
            ],
            [
              151200.0,
              75600.0
            ],
            [
              126000.0,
              75600.0
            ],
            [
              126000.0,
              50400.0
            ]
          ]
        ]
      }
    },
    {
      "type": "Feature",
      "properties": {
        "id": "4WOAYYBCH85TMJFP48QP50MF5",
        "gridName": "MainGrid"
      },
      "geometry": {
        "type": "Polygon",
        "coordinates": [
          [
            [
              -529199.0,
              -201599.0
            ],
            [
              -504001.0,
              -201599.0
            ],
            [
              -504001.0,
              -176401.0
            ],
            [
              -529199.0,
              -176401.0
            ],
            [
              -529199.0,
              -201599.0
            ]
          ]
        ]
      }
    },
    {
      "type": "Feature",
      "properties": {
        "id": "4WX5QTBH2C14UEMWJOWBFACYB",
        "gridName": "HLOD0_256m_4095m"
      },
      "geometry": {
        "type": "Polygon",
        "coordinates": [
          [
            [
              327600.0,
              126000.0
            ],
            [
              352800.0,
              126000.0
            ],
            [
              352800.0,
              151200.0
            ],
            [
              327600.0,
              151200.0
            ],
            [
              327600.0,
              126000.0
            ]
          ]
        ]
      }
    },
    {
      "type": "Feature",
      "properties": {
        "id": "4X4X2LVG7C70DIK32VQW5WWOK",
        "gridName": "MainGrid"
      },
      "geometry": {
        "type": "Polygon",
        "coordinates": [
          [
            [
              -629999.0,
              -176399.0
            ],
            [
              -604801.0,
              -176399.0
            ],
            [
              -604801.0,
              -151201.0
            ],
            [
              -629999.0,
              -151201.0
            ],
            [
              -629999.0,
              -176399.0
            ]
          ]
        ]
      }
    },
    {
      "type": "Feature",
      "properties": {
        "id": "4Y11HTIPVWZOD9WKB8ZPWPFSW",
        "gridName": "MainGrid"
      },
      "geometry": {
        "type": "Polygon",
        "coordinates": [
          [
            [
              126001.0,
              529201.0
            ],
            [
              151199.0,
              529201.0
            ],
            [
              151199.0,
              554399.0
            ],
            [
              126001.0,
              554399.0
            ],
            [
              126001.0,
              529201.0
            ]
          ]
        ]
      }
    },
    {
      "type": "Feature",
      "properties": {
        "id": "503ZCG3MO3U37BRWWNNILU65R",
        "gridName": "MainGrid"
      },
      "geometry": {
        "type": "Polygon",
        "coordinates": [
          [
            [
              105649.984,
              -39848.188
            ],
            [
              145415.94,
              -39848.188
            ],
            [
              145415.94,
              -993.21576
            ],
            [
              105649.984,
              -993.21576
            ],
            [
              105649.984,
              -39848.188
            ]
          ]
        ]
      }
    },
    {
      "type": "Feature",
      "properties": {
        "id": "51F70W95PVUE7QR92XAU1KAD2",
        "gridName": "MainGrid"
      },
      "geometry": {
        "type": "Polygon",
        "coordinates": [
          [
            [
              -495579.12,
              -342464.62
            ],
            [
              -435579.1,
              -342464.62
            ],
            [
              -435579.1,
              -302464.62
            ],
            [
              -495579.12,
              -302464.62
            ],
            [
              -495579.12,
              -342464.62
            ]
          ]
        ]
      }
    },
    {
      "type": "Feature",
      "properties": {
        "id": "51YQ72IZG66A6727T334U4JV6",
        "gridName": "MainGrid"
      },
      "geometry": {
        "type": "Polygon",
        "coordinates": [
          [
            [
              -201599.0,
              25201.0
            ],
            [
              -176220.83,
              25201.0
            ],
            [
              -176220.83,
              50399.0
            ],
            [
              -201599.0,
              50399.0
            ],
            [
              -201599.0,
              25201.0
            ]
          ]
        ]
      }
    },
    {
      "type": "Feature",
      "properties": {
        "id": "52KMKKV5FR9YQAHHDDZPRG7BO",
        "gridName": "MainGrid"
      },
      "geometry": {
        "type": "Polygon",
        "coordinates": [
          [
            [
              -125999.0,
              50401.0
            ],
            [
              -100801.0,
              50401.0
            ],
            [
              -100801.0,
              75599.0
            ],
            [
              -125999.0,
              75599.0
            ],
            [
              -125999.0,
              50401.0
            ]
          ]
        ]
      }
    },
    {
      "type": "Feature",
      "properties": {
        "id": "5398FO8WDGIQVQS393PBFUNSU",
        "gridName": "HLOD0_256m_4095m"
      },
      "geometry": {
        "type": "Polygon",
        "coordinates": [
          [
            [
              0.0,
              176400.0
            ],
            [
              25200.0,
              176400.0
            ],
            [
              25200.0,
              201600.0
            ],
            [
              0.0,
              201600.0
            ],
            [
              0.0,
              176400.0
            ]
          ]
        ]
      }
    },
    {
      "type": "Feature",
      "properties": {
        "id": "551MBUL3KU2MFJI7WL9ZZGYIX",
        "gridName": "MainGrid"
      },
      "geometry": {
        "type": "Polygon",
        "coordinates": [
          [
            [
              -705599.0,
              -352799.0
            ],
            [
              -680401.0,
              -352799.0
            ],
            [
              -680401.0,
              -327601.0
            ],
            [
              -705599.0,
              -327601.0
            ],
            [
              -705599.0,
              -352799.0
            ]
          ]
        ]
      }
    },
    {
      "type": "Feature",
      "properties": {
        "id": "55SPF1TSZN65EU7JBO0CVAHGQ",
        "gridName": "MainGrid"
      },
      "geometry": {
        "type": "Polygon",
        "coordinates": [
          [
            [
              -201599.0,
              50401.0
            ],
            [
              -176401.0,
              50401.0
            ],
            [
              -176401.0,
              75599.0
            ],
            [
              -201599.0,
              75599.0
            ],
            [
              -201599.0,
              50401.0
            ]
          ]
        ]
      }
    },
    {
      "type": "Feature",
      "properties": {
        "id": "56FE33JLSYMI8L7S78JAVDGQJ",
        "gridName": "MainGrid"
      },
      "geometry": {
        "type": "Polygon",
        "coordinates": [
          [
            [
              252001.0,
              529201.0
            ],
            [
              277286.03,
              529201.0
            ],
            [
              277286.03,
              554399.0
            ],
            [
              252001.0,
              554399.0
            ],
            [
              252001.0,
              529201.0
            ]
          ]
        ]
      }
    },
    {
      "type": "Feature",
      "properties": {
        "id": "58S1H0LFS081MPH4I8XX6PTN2",
        "gridName": "MainGrid"
      },
      "geometry": {
        "type": "Polygon",
        "coordinates": [
          [
            [
              116237.96,
              -13746.489
            ],
            [
              158799.53,
              -13746.489
            ],
            [
              158799.53,
              32559.379
            ],
            [
              116237.96,
              32559.379
            ],
            [
              116237.96,
              -13746.489
            ]
          ]
        ]
      }
    },
    {
      "type": "Feature",
      "properties": {
        "id": "58T161ZYY784L07WYZ11LUKM2",
        "gridName": "MainGrid"
      },
      "geometry": {
        "type": "Polygon",
        "coordinates": [
          [
            [
              318345.88,
              194861.17
            ],
            [
              357741.03,
              194861.17
            ],
            [
              357741.03,
              234046.25
            ],
            [
              318345.88,
              234046.25
            ],
            [
              318345.88,
              194861.17
            ]
          ]
        ]
      }
    },
    {
      "type": "Feature",
      "properties": {
        "id": "59F9IH0WJHON26FTTWHRL1YV0",
        "gridName": "MainGrid"
      },
      "geometry": {
        "type": "Polygon",
        "coordinates": [
          [
            [
              150919.77,
              -1634.5513
            ],
            [
              176399.0,
              -1634.5513
            ],
            [
              176399.0,
              25199.0
            ],
            [
              150919.77,
              25199.0
            ],
            [
              150919.77,
              -1634.5513
            ]
          ]
        ]
      }
    },
    {
      "type": "Feature",
      "properties": {
        "id": "59R6JIVY0FR1L2ZDK4BB9V25W",
        "gridName": "MainGrid"
      },
      "geometry": {
        "type": "Polygon",
        "coordinates": [
          [
            [
              -503999.0,
              -484732.16
            ],
            [
              -476999.0,
              -484732.16
            ],
            [
              -476999.0,
              -453601.0
            ],
            [
              -503999.0,
              -453601.0
            ],
            [
              -503999.0,
              -484732.16
            ]
          ]
        ]
      }
    },
    {
      "type": "Feature",
      "properties": {
        "id": "5A1ZMMJX204PSPS9SU497AB85",
        "gridName": "MainGrid"
      },
      "geometry": {
        "type": "Polygon",
        "coordinates": [
          [
            [
              277201.0,
              -25199.0
            ],
            [
              302399.0,
              -25199.0
            ],
            [
              302399.0,
              -1.0
            ],
            [
              277201.0,
              -1.0
            ],
            [
              277201.0,
              -25199.0
            ]
          ]
        ]
      }
    },
    {
      "type": "Feature",
      "properties": {
        "id": "5A5C6JN4HHM4MZARXM97UVV08",
        "gridName": "HLOD0_256m_4095m"
      },
      "geometry": {
        "type": "Polygon",
        "coordinates": [
          [
            [
              75600.0,
              -50400.0
            ],
            [
              100800.0,
              -50400.0
            ],
            [
              100800.0,
              -25200.0
            ],
            [
              75600.0,
              -25200.0
            ],
            [
              75600.0,
              -50400.0
            ]
          ]
        ]
      }
    },
    {
      "type": "Feature",
      "properties": {
        "id": "5BYNOX3ZOO7WJ0FXKC1R1Q9N4",
        "gridName": "MainGrid"
      },
      "geometry": {
        "type": "Polygon",
        "coordinates": [
          [
            [
              -733356.2,
              680168.4
            ],
            [
              -700507.94,
              680168.4
            ],
            [
              -700507.94,
              705891.5
            ],
            [
              -733356.2,
              705891.5
            ],
            [
              -733356.2,
              680168.4
            ]
          ]
        ]
      }
    },
    {
      "type": "Feature",
      "properties": {
        "id": "5CEPE40Y5C6R536VS0S21X1CF",
        "gridName": "MainGrid"
      },
      "geometry": {
        "type": "Polygon",
        "coordinates": [
          [
            [
              252001.0,
              504001.0
            ],
            [
              277199.0,
              504001.0
            ],
            [
              277199.0,
              536207.44
            ],
            [
              252001.0,
              536207.44
            ],
            [
              252001.0,
              504001.0
            ]
          ]
        ]
      }
    },
    {
      "type": "Feature",
      "properties": {
        "id": "5CH1Y5MFOH26M9B76XGVALEWM",
        "gridName": "MainGrid"
      },
      "geometry": {
        "type": "Polygon",
        "coordinates": [
          [
            [
              -604799.0,
              -327599.0
            ],
            [
              -579601.0,
              -327599.0
            ],
            [
              -579601.0,
              -302401.0
            ],
            [
              -604799.0,
              -302401.0
            ],
            [
              -604799.0,
              -327599.0
            ]
          ]
        ]
      }
    },
    {
      "type": "Feature",
      "properties": {
        "id": "5CNFPEW9OMCEG1IO6GJRXIN1X",
        "gridName": "MainGrid"
      },
      "geometry": {
        "type": "Polygon",
        "coordinates": [
          [
            [
              -739600.0,
              709100.44
            ],
            [
              -714200.0,
              709100.44
            ],
            [
              -714200.0,
              735304.06
            ],
            [
              -739600.0,
              735304.06
            ],
            [
              -739600.0,
              709100.44
            ]
          ]
        ]
      }
    },
    {
      "type": "Feature",
      "properties": {
        "id": "5CR9WIPL5APKMK1EZG6FH1IF5",
        "gridName": "MainGrid"
      },
      "geometry": {
        "type": "Polygon",
        "coordinates": [
          [
            [
              201601.0,
              453601.0
            ],
            [
              226799.0,
              453601.0
            ],
            [
              226799.0,
              478799.0
            ],
            [
              201601.0,
              478799.0
            ],
            [
              201601.0,
              453601.0
            ]
          ]
        ]
      }
    },
    {
      "type": "Feature",
      "properties": {
        "id": "5DE2Q7722I32URAIIDX90NY5T",
        "gridName": "MainGrid"
      },
      "geometry": {
        "type": "Polygon",
        "coordinates": [
          [
            [
              -2547.4324,
              171468.8
            ],
            [
              28417.805,
              171468.8
            ],
            [
              28417.805,
              202489.73
            ],
            [
              -2547.4324,
              202489.73
            ],
            [
              -2547.4324,
              171468.8
            ]
          ]
        ]
      }
    },
    {
      "type": "Feature",
      "properties": {
        "id": "5E4NAEBN97TFHZKKOA5PKR7VD",
        "gridName": "HLOD0_256m_4095m"
      },
      "geometry": {
        "type": "Polygon",
        "coordinates": [
          [
            [
              201600.0,
              201600.0
            ],
            [
              226800.0,
              201600.0
            ],
            [
              226800.0,
              226800.0
            ],
            [
              201600.0,
              226800.0
            ],
            [
              201600.0,
              201600.0
            ]
          ]
        ]
      }
    },
    {
      "type": "Feature",
      "properties": {
        "id": "5EDW5IJ9TTJPJHN5SL313JC5W",
        "gridName": "MainGrid"
      },
      "geometry": {
        "type": "Polygon",
        "coordinates": [
          [
            [
              -856799.0,
              705601.0
            ],
            [
              -823421.3,
              705601.0
            ],
            [
              -823421.3,
              730799.0
            ],
            [
              -856799.0,
              730799.0
            ],
            [
              -856799.0,
              705601.0
            ]
          ]
        ]
      }
    },
    {
      "type": "Feature",
      "properties": {
        "id": "5EMWAUYMOLUUA0CUM6R66MY2Y",
        "gridName": "MainGrid"
      },
      "geometry": {
        "type": "Polygon",
        "coordinates": [
          [
            [
              -173912.47,
              607953.56
            ],
            [
              -46514.496,
              607953.56
            ],
            [
              -46514.496,
              782942.8
            ],
            [
              -173912.47,
              782942.8
            ],
            [
              -173912.47,
              607953.56
            ]
          ]
        ]
      }
    },
    {
      "type": "Feature",
      "properties": {
        "id": "5F25705Q6ZNKJNQU5TY6UTLW0",
        "gridName": "HLOD0_256m_4095m"
      },
      "geometry": {
        "type": "Polygon",
        "coordinates": [
          [
            [
              201600.0,
              100800.0
            ],
            [
              226800.0,
              100800.0
            ],
            [
              226800.0,
              126000.0
            ],
            [
              201600.0,
              126000.0
            ],
            [
              201600.0,
              100800.0
            ]
          ]
        ]
      }
    },
    {
      "type": "Feature",
      "properties": {
        "id": "5FBRLPCRU5JIOOC8L0R4345FD",
        "gridName": "MainGrid"
      },
      "geometry": {
        "type": "Polygon",
        "coordinates": [
          [
            [
              -503999.0,
              176401.0
            ],
            [
              -478801.0,
              176401.0
            ],
            [
              -478801.0,
              201599.0
            ],
            [
              -503999.0,
              201599.0
            ],
            [
              -503999.0,
              176401.0
            ]
          ]
        ]
      }
    },
    {
      "type": "Feature",
      "properties": {
        "id": "5G2DRM1U0Q8AW77E69DTLEZKO",
        "gridName": "MainGrid"
      },
      "geometry": {
        "type": "Polygon",
        "coordinates": [
          [
            [
              151201.0,
              478801.0
            ],
            [
              176399.0,
              478801.0
            ],
            [
              176399.0,
              503999.0
            ],
            [
              151201.0,
              503999.0
            ],
            [
              151201.0,
              478801.0
            ]
          ]
        ]
      }
    },
    {
      "type": "Feature",
      "properties": {
        "id": "5GELOB2H35A4S2HQ9YL199END",
        "gridName": "HLOD0_256m_4095m"
      },
      "geometry": {
        "type": "Polygon",
        "coordinates": [
          [
            [
              50400.0,
              176400.0
            ],
            [
              75600.0,
              176400.0
            ],
            [
              75600.0,
              201600.0
            ],
            [
              50400.0,
              201600.0
            ],
            [
              50400.0,
              176400.0
            ]
          ]
        ]
      }
    },
    {
      "type": "Feature",
      "properties": {
        "id": "5GNAQFO28A0VV4HNWL27DT4LT",
        "gridName": "HLOD0_256m_4095m"
      },
      "geometry": {
        "type": "Polygon",
        "coordinates": [
          [
            [
              75600.0,
              25200.0
            ],
            [
              100800.0,
              25200.0
            ],
            [
              100800.0,
              50400.0
            ],
            [
              75600.0,
              50400.0
            ],
            [
              75600.0,
              25200.0
            ]
          ]
        ]
      }
    },
    {
      "type": "Feature",
      "properties": {
        "id": "5GYEGRJ8PBG8V46ESSS3R6RNG",
        "gridName": "MainGrid"
      },
      "geometry": {
        "type": "Polygon",
        "coordinates": [
          [
            [
              -782057.5,
              -233685.94
            ],
            [
              -749121.2,
              -233685.94
            ],
            [
              -749121.2,
              -195943.81
            ],
            [
              -782057.5,
              -195943.81
            ],
            [
              -782057.5,
              -233685.94
            ]
          ]
        ]
      }
    },
    {
      "type": "Feature",
      "properties": {
        "id": "5GZF5TVE5QFH91TDV3WVV41MU",
        "gridName": "MainGrid"
      },
      "geometry": {
        "type": "Polygon",
        "coordinates": [
          [
            [
              -705599.0,
              -251999.0
            ],
            [
              -680401.0,
              -251999.0
            ],
            [
              -680401.0,
              -226801.0
            ],
            [
              -705599.0,
              -226801.0
            ],
            [
              -705599.0,
              -251999.0
            ]
          ]
        ]
      }
    },
    {
      "type": "Feature",
      "properties": {
        "id": "5HU7FMWDH5SM4ZR8XK8N8X89I",
        "gridName": "MainGrid"
      },
      "geometry": {
        "type": "Polygon",
        "coordinates": [
          [
            [
              -50399.0,
              25201.0
            ],
            [
              -25201.0,
              25201.0
            ],
            [
              -25201.0,
              50399.0
            ],
            [
              -50399.0,
              50399.0
            ],
            [
              -50399.0,
              25201.0
            ]
          ]
        ]
      }
    },
    {
      "type": "Feature",
      "properties": {
        "id": "5I872NPP5SXCSNXPUZXN0ITKP",
        "gridName": "HLOD0_256m_4095m"
      },
      "geometry": {
        "type": "Polygon",
        "coordinates": [
          [
            [
              100800.0,
              75600.0
            ],
            [
              126000.0,
              75600.0
            ],
            [
              126000.0,
              100800.0
            ],
            [
              100800.0,
              100800.0
            ],
            [
              100800.0,
              75600.0
            ]
          ]
        ]
      }
    },
    {
      "type": "Feature",
      "properties": {
        "id": "5IB3AJRC86JIRP7EAG2XYZAIC",
        "gridName": "MainGrid"
      },
      "geometry": {
        "type": "Polygon",
        "coordinates": [
          [
            [
              -453599.0,
              151201.0
            ],
            [
              -428401.0,
              151201.0
            ],
            [
              -428401.0,
              176399.0
            ],
            [
              -453599.0,
              176399.0
            ],
            [
              -453599.0,
              151201.0
            ]
          ]
        ]
      }
    },
    {
      "type": "Feature",
      "properties": {
        "id": "5JBEG0U6DPF24B9ZN9JYWMXR6",
        "gridName": "MainGrid"
      },
      "geometry": {
        "type": "Polygon",
        "coordinates": [
          [
            [
              271023.97,
              50401.0
            ],
            [
              311307.34,
              50401.0
            ],
            [
              311307.34,
              78489.69
            ],
            [
              271023.97,
              78489.69
            ],
            [
              271023.97,
              50401.0
            ]
          ]
        ]
      }
    },
    {
      "type": "Feature",
      "properties": {
        "id": "5JN8Y3QUM74MC5MM3OTFPYQ7K",
        "gridName": "MainGrid"
      },
      "geometry": {
        "type": "Polygon",
        "coordinates": [
          [
            [
              -298195.1,
              501146.97
            ],
            [
              -250669.12,
              501146.97
            ],
            [
              -250669.12,
              548674.8
            ],
            [
              -298195.1,
              548674.8
            ],
            [
              -298195.1,
              501146.97
            ]
          ]
        ]
      }
    },
    {
      "type": "Feature",
      "properties": {
        "id": "5JRAT8UTDHYHEHJ5TV4IHSWU6",
        "gridName": "MainGrid"
      },
      "geometry": {
        "type": "Polygon",
        "coordinates": [
          [
            [
              -755999.0,
              -352799.0
            ],
            [
              -730801.0,
              -352799.0
            ],
            [
              -730801.0,
              -327601.0
            ],
            [
              -755999.0,
              -327601.0
            ],
            [
              -755999.0,
              -352799.0
            ]
          ]
        ]
      }
    },
    {
      "type": "Feature",
      "properties": {
        "id": "5KNDSNL4LNRIEB03QL0XOHEBQ",
        "gridName": "HLOD0_256m_4095m"
      },
      "geometry": {
        "type": "Polygon",
        "coordinates": [
          [
            [
              302400.0,
              226800.0
            ],
            [
              327600.0,
              226800.0
            ],
            [
              327600.0,
              252000.0
            ],
            [
              302400.0,
              252000.0
            ],
            [
              302400.0,
              226800.0
            ]
          ]
        ]
      }
    },
    {
      "type": "Feature",
      "properties": {
        "id": "5LUYUZ6SUS7V96M5FARNJZ0V6",
        "gridName": "MainGrid"
      },
      "geometry": {
        "type": "Polygon",
        "coordinates": [
          [
            [
              50401.0,
              201293.28
            ],
            [
              80315.11,
              201293.28
            ],
            [
              80315.11,
              226799.0
            ],
            [
              50401.0,
              226799.0
            ],
            [
              50401.0,
              201293.28
            ]
          ]
        ]
      }
    },
    {
      "type": "Feature",
      "properties": {
        "id": "5M7OZW56Q52H8XQQTKQ9Q4SVB",
        "gridName": "HLOD0_256m_4095m"
      },
      "geometry": {
        "type": "Polygon",
        "coordinates": [
          [
            [
              226800.0,
              201600.0
            ],
            [
              252000.0,
              201600.0
            ],
            [
              252000.0,
              226800.0
            ],
            [
              226800.0,
              226800.0
            ],
            [
              226800.0,
              201600.0
            ]
          ]
        ]
      }
    },
    {
      "type": "Feature",
      "properties": {
        "id": "5MXN468E04M0IND0MP7UPRU9O",
        "gridName": "MainGrid"
      },
      "geometry": {
        "type": "Polygon",
        "coordinates": [
          [
            [
              6504.013,
              0.0
            ],
            [
              403037.88,
              0.0
            ],
            [
              403037.88,
              367026.53
            ],
            [
              6504.013,
              367026.53
            ],
            [
              6504.013,
              0.0
            ]
          ]
        ]
      }
    },
    {
      "type": "Feature",
      "properties": {
        "id": "5P1MSGOY1RQJP2FSWLF8DRDUN",
        "gridName": "MainGrid"
      },
      "geometry": {
        "type": "Polygon",
        "coordinates": [
          [
            [
              -705599.0,
              -302399.0
            ],
            [
              -680401.0,
              -302399.0
            ],
            [
              -680401.0,
              -277201.0
            ],
            [
              -705599.0,
              -277201.0
            ],
            [
              -705599.0,
              -302399.0
            ]
          ]
        ]
      }
    },
    {
      "type": "Feature",
      "properties": {
        "id": "5P5W5DA3T8WMNNDU8F0DE111U",
        "gridName": "MainGrid"
      },
      "geometry": {
        "type": "Polygon",
        "coordinates": [
          [
            [
              226801.0,
              -100799.0
            ],
            [
              251999.0,
              -100799.0
            ],
            [
              251999.0,
              -75601.0
            ],
            [
              226801.0,
              -75601.0
            ],
            [
              226801.0,
              -100799.0
            ]
          ]
        ]
      }
    },
    {
      "type": "Feature",
      "properties": {
        "id": "5P8ZQXJHFMR272VRQXX7AANE8",
        "gridName": "HLOD0_256m_4095m"
      },
      "geometry": {
        "type": "Polygon",
        "coordinates": [
          [
            [
              352800.0,
              176400.0
            ],
            [
              378000.0,
              176400.0
            ],
            [
              378000.0,
              201600.0
            ],
            [
              352800.0,
              201600.0
            ],
            [
              352800.0,
              176400.0
            ]
          ]
        ]
      }
    },
    {
      "type": "Feature",
      "properties": {
        "id": "5Q12CLPAURIWMPBRHC6TIIAK0",
        "gridName": "MainGrid"
      },
      "geometry": {
        "type": "Polygon",
        "coordinates": [
          [
            [
              -680722.0,
              680401.0
            ],
            [
              -655201.0,
              680401.0
            ],
            [
              -655201.0,
              705599.0
            ],
            [
              -680722.0,
              705599.0
            ],
            [
              -680722.0,
              680401.0
            ]
          ]
        ]
      }
    },
    {
      "type": "Feature",
      "properties": {
        "id": "5QJ70X09235C5SHWXA2QRIXBH",
        "gridName": "MainGrid"
      },
      "geometry": {
        "type": "Polygon",
        "coordinates": [
          [
            [
              252001.0,
              126001.0
            ],
            [
              277199.0,
              126001.0
            ],
            [
              277199.0,
              153478.22
            ],
            [
              252001.0,
              153478.22
            ],
            [
              252001.0,
              126001.0
            ]
          ]
        ]
      }
    },
    {
      "type": "Feature",
      "properties": {
        "id": "5R53U881S1G419A13SFXSNC2W",
        "gridName": "MainGrid"
      },
      "geometry": {
        "type": "Polygon",
        "coordinates": [
          [
            [
              321295.75,
              250290.8
            ],
            [
              357099.62,
              250290.8
            ],
            [
              357099.62,
              285533.84
            ],
            [
              321295.75,
              285533.84
            ],
            [
              321295.75,
              250290.8
            ]
          ]
        ]
      }
    },
    {
      "type": "Feature",
      "properties": {
        "id": "5SENJ5IS17UGXL719ETXG9Y5A",
        "gridName": "HLOD0_256m_4095m"
      },
      "geometry": {
        "type": "Polygon",
        "coordinates": [
          [
            [
              126000.0,
              -50400.0
            ],
            [
              151200.0,
              -50400.0
            ],
            [
              151200.0,
              -25200.0
            ],
            [
              126000.0,
              -25200.0
            ],
            [
              126000.0,
              -50400.0
            ]
          ]
        ]
      }
    },
    {
      "type": "Feature",
      "properties": {
        "id": "5SWBGZ157DINT4MXPEC0YQ0JQ",
        "gridName": "HLOD0_256m_4095m"
      },
      "geometry": {
        "type": "Polygon",
        "coordinates": [
          [
            [
              25200.0,
              -75600.0
            ],
            [
              50400.0,
              -75600.0
            ],
            [
              50400.0,
              -50400.0
            ],
            [
              25200.0,
              -50400.0
            ],
            [
              25200.0,
              -75600.0
            ]
          ]
        ]
      }
    },
    {
      "type": "Feature",
      "properties": {
        "id": "5TFBA3UTZXZSKJ8BIEV1L2NVD",
        "gridName": "MainGrid"
      },
      "geometry": {
        "type": "Polygon",
        "coordinates": [
          [
            [
              202200.0,
              17300.0
            ],
            [
              402925.4,
              17300.0
            ],
            [
              402925.4,
              198900.16
            ],
            [
              202200.0,
              198900.16
            ],
            [
              202200.0,
              17300.0
            ]
          ]
        ]
      }
    },
    {
      "type": "Feature",
      "properties": {
        "id": "5TO3OFOZUE9MARZLOVISK0H1X",
        "gridName": "HLOD0_256m_767m"
      },
      "geometry": {
        "type": "Polygon",
        "coordinates": [
          [
            [
              75600.0,
              126000.0
            ],
            [
              100800.0,
              126000.0
            ],
            [
              100800.0,
              151200.0
            ],
            [
              75600.0,
              151200.0
            ],
            [
              75600.0,
              126000.0
            ]
          ]
        ]
      }
    },
    {
      "type": "Feature",
      "properties": {
        "id": "5TYFNWXA4YAZNQ5ZEPJN8RXLQ",
        "gridName": "MainGrid"
      },
      "geometry": {
        "type": "Polygon",
        "coordinates": [
          [
            [
              -178497.73,
              151201.0
            ],
            [
              -151201.0,
              151201.0
            ],
            [
              -151201.0,
              176647.23
            ],
            [
              -178497.73,
              176647.23
            ],
            [
              -178497.73,
              151201.0
            ]
          ]
        ]
      }
    },
    {
      "type": "Feature",
      "properties": {
        "id": "5V8Q4PBXO18ALPG51WN1V3HWW",
        "gridName": "MainGrid"
      },
      "geometry": {
        "type": "Polygon",
        "coordinates": [
          [
            [
              -345727.44,
              -490801.1
            ],
            [
              -313663.2,
              -490801.1
            ],
            [
              -313663.2,
              -458736.84
            ],
            [
              -345727.44,
              -458736.84
            ],
            [
              -345727.44,
              -490801.1
            ]
          ]
        ]
      }
    },
    {
      "type": "Feature",
      "properties": {
        "id": "5V9TSR7WBN3GFWOVU7UAI0OOB",
        "gridName": "MainGrid"
      },
      "geometry": {
        "type": "Polygon",
        "coordinates": [
          [
            [
              167984.53,
              88200.95
            ],
            [
              208494.44,
              88200.95
            ],
            [
              208494.44,
              132096.06
            ],
            [
              167984.53,
              132096.06
            ],
            [
              167984.53,
              88200.95
            ]
          ]
        ]
      }
    },
    {
      "type": "Feature",
      "properties": {
        "id": "5VH934Y57PDHQOVQ1PO87TWTL",
        "gridName": "HLOD0_256m_4095m"
      },
      "geometry": {
        "type": "Polygon",
        "coordinates": [
          [
            [
              100800.0,
              151200.0
            ],
            [
              126000.0,
              151200.0
            ],
            [
              126000.0,
              176400.0
            ],
            [
              100800.0,
              176400.0
            ],
            [
              100800.0,
              151200.0
            ]
          ]
        ]
      }
    },
    {
      "type": "Feature",
      "properties": {
        "id": "5VHGWEJ3B6QFUR8GJAG0I8F33",
        "gridName": "MainGrid"
      },
      "geometry": {
        "type": "Polygon",
        "coordinates": [
          [
            [
              277201.0,
              248676.55
            ],
            [
              305487.34,
              248676.55
            ],
            [
              305487.34,
              278325.38
            ],
            [
              277201.0,
              278325.38
            ],
            [
              277201.0,
              248676.55
            ]
          ]
        ]
      }
    },
    {
      "type": "Feature",
      "properties": {
        "id": "5VROAR0B68YDTUOQKSUHX7I4Y",
        "gridName": "MainGrid"
      },
      "geometry": {
        "type": "Polygon",
        "coordinates": [
          [
            [
              -805589.56,
              620518.0
            ],
            [
              -740060.2,
              620518.0
            ],
            [
              -740060.2,
              697982.2
            ],
            [
              -805589.56,
              697982.2
            ],
            [
              -805589.56,
              620518.0
            ]
          ]
        ]
      }
    },
    {
      "type": "Feature",
      "properties": {
        "id": "5W2EK4XVBVII1FOEHWO5DQZGG",
        "gridName": "MainGrid"
      },
      "geometry": {
        "type": "Polygon",
        "coordinates": [
          [
            [
              198715.36,
              171667.72
            ],
            [
              231515.2,
              171667.72
            ],
            [
              231515.2,
              201599.0
            ],
            [
              198715.36,
              201599.0
            ],
            [
              198715.36,
              171667.72
            ]
          ]
        ]
      }
    },
    {
      "type": "Feature",
      "properties": {
        "id": "5WB9PBS2WT7DMEQIOXUAMVTBY",
        "gridName": "MainGrid"
      },
      "geometry": {
        "type": "Polygon",
        "coordinates": [
          [
            [
              -491865.0,
              -487915.0
            ],
            [
              -457865.0,
              -487915.0
            ],
            [
              -457865.0,
              -453915.0
            ],
            [
              -491865.0,
              -453915.0
            ],
            [
              -491865.0,
              -487915.0
            ]
          ]
        ]
      }
    },
    {
      "type": "Feature",
      "properties": {
        "id": "5WLE65SYJN2TA513Q2KDDYFY8",
        "gridName": "MainGrid"
      },
      "geometry": {
        "type": "Polygon",
        "coordinates": [
          [
            [
              292182.75,
              240126.45
            ],
            [
              332529.53,
              240126.45
            ],
            [
              332529.53,
              277199.0
            ],
            [
              292182.75,
              277199.0
            ],
            [
              292182.75,
              240126.45
            ]
          ]
        ]
      }
    },
    {
      "type": "Feature",
      "properties": {
        "id": "5X41FFF8PJG6UVSO6595O78MD",
        "gridName": "MainGrid"
      },
      "geometry": {
        "type": "Polygon",
        "coordinates": [
          [
            [
              -730799.0,
              -352799.0
            ],
            [
              -705601.0,
              -352799.0
            ],
            [
              -705601.0,
              -327601.0
            ],
            [
              -730799.0,
              -327601.0
            ],
            [
              -730799.0,
              -352799.0
            ]
          ]
        ]
      }
    },
    {
      "type": "Feature",
      "properties": {
        "id": "5XHHYO1T4P2UB4NKLGJ6IMFSI",
        "gridName": "MainGrid"
      },
      "geometry": {
        "type": "Polygon",
        "coordinates": [
          [
            [
              -604799.0,
              -125999.0
            ],
            [
              -579601.0,
              -125999.0
            ],
            [
              -579601.0,
              -100801.0
            ],
            [
              -604799.0,
              -100801.0
            ],
            [
              -604799.0,
              -125999.0
            ]
          ]
        ]
      }
    },
    {
      "type": "Feature",
      "properties": {
        "id": "5XMQ8WWUHH85EI430KDDTEE7G",
        "gridName": "HLOD0_256m_4095m"
      },
      "geometry": {
        "type": "Polygon",
        "coordinates": [
          [
            [
              176400.0,
              75600.0
            ],
            [
              201600.0,
              75600.0
            ],
            [
              201600.0,
              100800.0
            ],
            [
              176400.0,
              100800.0
            ],
            [
              176400.0,
              75600.0
            ]
          ]
        ]
      }
    },
    {
      "type": "Feature",
      "properties": {
        "id": "5XPMH39L82GGHFCPNSTFO9LAE",
        "gridName": "HLOD0_256m_4095m"
      },
      "geometry": {
        "type": "Polygon",
        "coordinates": [
          [
            [
              100800.0,
              -100800.0
            ],
            [
              126000.0,
              -100800.0
            ],
            [
              126000.0,
              -75600.0
            ],
            [
              100800.0,
              -75600.0
            ],
            [
              100800.0,
              -100800.0
            ]
          ]
        ]
      }
    },
    {
      "type": "Feature",
      "properties": {
        "id": "5Z1VSDEVHK05CDFNR4AMPLPP4",
        "gridName": "MainGrid"
      },
      "geometry": {
        "type": "Polygon",
        "coordinates": [
          [
            [
              -495062.2,
              -335808.88
            ],
            [
              -435062.2,
              -335808.88
            ],
            [
              -435062.2,
              -302401.0
            ],
            [
              -495062.2,
              -302401.0
            ],
            [
              -495062.2,
              -335808.88
            ]
          ]
        ]
      }
    },
    {
      "type": "Feature",
      "properties": {
        "id": "5ZWSKHP3E7NMXXP4UB1E3P6R8",
        "gridName": "MainGrid"
      },
      "geometry": {
        "type": "Polygon",
        "coordinates": [
          [
            [
              -529199.0,
              -251999.0
            ],
            [
              -504001.0,
              -251999.0
            ],
            [
              -504001.0,
              -226801.0
            ],
            [
              -529199.0,
              -226801.0
            ],
            [
              -529199.0,
              -251999.0
            ]
          ]
        ]
      }
    },
    {
      "type": "Feature",
      "properties": {
        "id": "5ZYX4HGUWWA37FIFUBQL4999C",
        "gridName": "MainGrid"
      },
      "geometry": {
        "type": "Polygon",
        "coordinates": [
          [
            [
              -755999.0,
              -277199.0
            ],
            [
              -730801.0,
              -277199.0
            ],
            [
              -730801.0,
              -252001.0
            ],
            [
              -755999.0,
              -252001.0
            ],
            [
              -755999.0,
              -277199.0
            ]
          ]
        ]
      }
    },
    {
      "type": "Feature",
      "properties": {
        "id": "60162HH2H8OXUJJMFFKOZ3I6B",
        "gridName": "MainGrid"
      },
      "geometry": {
        "type": "Polygon",
        "coordinates": [
          [
            [
              -503999.0,
              100801.0
            ],
            [
              -478801.0,
              100801.0
            ],
            [
              -478801.0,
              125999.0
            ],
            [
              -503999.0,
              125999.0
            ],
            [
              -503999.0,
              100801.0
            ]
          ]
        ]
      }
    },
    {
      "type": "Feature",
      "properties": {
        "id": "603AEEOSODUXUY8W9THH77X9D",
        "gridName": "HLOD0_256m_4095m"
      },
      "geometry": {
        "type": "Polygon",
        "coordinates": [
          [
            [
              -504000.0,
              -504000.0
            ],
            [
              -302400.0,
              -504000.0
            ],
            [
              -302400.0,
              -302400.0
            ],
            [
              -504000.0,
              -302400.0
            ],
            [
              -504000.0,
              -504000.0
            ]
          ]
        ]
      }
    },
    {
      "type": "Feature",
      "properties": {
        "id": "6065K3J2VIP3VZ6HTTH51YL5Q",
        "gridName": "MainGrid"
      },
      "geometry": {
        "type": "Polygon",
        "coordinates": [
          [
            [
              -554399.0,
              -277199.0
            ],
            [
              -529201.0,
              -277199.0
            ],
            [
              -529201.0,
              -252001.0
            ],
            [
              -554399.0,
              -252001.0
            ],
            [
              -554399.0,
              -277199.0
            ]
          ]
        ]
      }
    },
    {
      "type": "Feature",
      "properties": {
        "id": "61H5X9XZYAQ79N1W6OKGL1EJ4",
        "gridName": "HLOD0_256m_4095m"
      },
      "geometry": {
        "type": "Polygon",
        "coordinates": [
          [
            [
              -730800.0,
              730800.0
            ],
            [
              -705600.0,
              730800.0
            ],
            [
              -705600.0,
              756000.0
            ],
            [
              -730800.0,
              756000.0
            ],
            [
              -730800.0,
              730800.0
            ]
          ]
        ]
      }
    },
    {
      "type": "Feature",
      "properties": {
        "id": "62FL7BIOHNIL6P2ZVNGREI0MF",
        "gridName": "MainGrid"
      },
      "geometry": {
        "type": "Polygon",
        "coordinates": [
          [
            [
              -881999.0,
              -251999.0
            ],
            [
              -856165.5,
              -251999.0
            ],
            [
              -856165.5,
              -218872.83
            ],
            [
              -881999.0,
              -218872.83
            ],
            [
              -881999.0,
              -251999.0
            ]
          ]
        ]
      }
    },
    {
      "type": "Feature",
      "properties": {
        "id": "64GUD4G9Q6NVEX9CZ6HOSBEM5",
        "gridName": "MainGrid"
      },
      "geometry": {
        "type": "Polygon",
        "coordinates": [
          [
            [
              -739600.0,
              723787.5
            ],
            [
              -697010.4,
              723787.5
            ],
            [
              -697010.4,
              765636.8
            ],
            [
              -739600.0,
              765636.8
            ],
            [
              -739600.0,
              723787.5
            ]
          ]
        ]
      }
    },
    {
      "type": "Feature",
      "properties": {
        "id": "64HXYYF7SZPN11O7X5OXP3L5O",
        "gridName": "HLOD0_256m_4095m"
      },
      "geometry": {
        "type": "Polygon",
        "coordinates": [
          [
            [
              25200.0,
              126000.0
            ],
            [
              50400.0,
              126000.0
            ],
            [
              50400.0,
              151200.0
            ],
            [
              25200.0,
              151200.0
            ],
            [
              25200.0,
              126000.0
            ]
          ]
        ]
      }
    },
    {
      "type": "Feature",
      "properties": {
        "id": "64LPSL0HY9L4R8P883Y7BOH9C",
        "gridName": "HLOD0_256m_4095m"
      },
      "geometry": {
        "type": "Polygon",
        "coordinates": [
          [
            [
              -680400.0,
              730800.0
            ],
            [
              -655200.0,
              730800.0
            ],
            [
              -655200.0,
              756000.0
            ],
            [
              -680400.0,
              756000.0
            ],
            [
              -680400.0,
              730800.0
            ]
          ]
        ]
      }
    },
    {
      "type": "Feature",
      "properties": {
        "id": "65J1Q8I3VMLGZM53DXI43NJ8L",
        "gridName": "MainGrid"
      },
      "geometry": {
        "type": "Polygon",
        "coordinates": [
          [
            [
              315000.0,
              289800.0
            ],
            [
              315000.0,
              289800.0
            ],
            [
              315000.0,
              289800.0
            ],
            [
              315000.0,
              289800.0
            ],
            [
              315000.0,
              289800.0
            ]
          ]
        ]
      }
    },
    {
      "type": "Feature",
      "properties": {
        "id": "66KLZWXJ928CJCK33T06DSFNK",
        "gridName": "MainGrid"
      },
      "geometry": {
        "type": "Polygon",
        "coordinates": [
          [
            [
              418926.72,
              364116.62
            ],
            [
              453599.0,
              364116.62
            ],
            [
              453599.0,
              536916.6
            ],
            [
              418926.72,
              536916.6
            ],
            [
              418926.72,
              364116.62
            ]
          ]
        ]
      }
    },
    {
      "type": "Feature",
      "properties": {
        "id": "67WMTK0WWDGHOQQHLIZF0GPOH",
        "gridName": "MainGrid"
      },
      "geometry": {
        "type": "Polygon",
        "coordinates": [
          [
            [
              322705.97,
              174023.38
            ],
            [
              352799.0,
              174023.38
            ],
            [
              352799.0,
              203510.17
            ],
            [
              322705.97,
              203510.17
            ],
            [
              322705.97,
              174023.38
            ]
          ]
        ]
      }
    },
    {
      "type": "Feature",
      "properties": {
        "id": "67ZBFSXLDPKQ5B7NRJ8WZDZ6W",
        "gridName": "HLOD0_256m_4095m"
      },
      "geometry": {
        "type": "Polygon",
        "coordinates": [
          [
            [
              -25200.0,
              201600.0
            ],
            [
              0.0,
              201600.0
            ],
            [
              0.0,
              226800.0
            ],
            [
              -25200.0,
              226800.0
            ],
            [
              -25200.0,
              201600.0
            ]
          ]
        ]
      }
    },
    {
      "type": "Feature",
      "properties": {
        "id": "681AP86UMT1VM2V1JFJPIJB0E",
        "gridName": "HLOD0_256m_767m"
      },
      "geometry": {
        "type": "Polygon",
        "coordinates": [
          [
            [
              75600.0,
              75600.0
            ],
            [
              100800.0,
              75600.0
            ],
            [
              100800.0,
              100800.0
            ],
            [
              75600.0,
              100800.0
            ],
            [
              75600.0,
              75600.0
            ]
          ]
        ]
      }
    },
    {
      "type": "Feature",
      "properties": {
        "id": "69C8NIZWHN1GAM7RU5W4D9UD0",
        "gridName": "VisualGrid"
      },
      "geometry": {
        "type": "Polygon",
        "coordinates": [
          [
            [
              112301.336,
              17842.004
            ],
            [
              140021.6,
              17842.004
            ],
            [
              140021.6,
              53052.34
            ],
            [
              112301.336,
              53052.34
            ],
            [
              112301.336,
              17842.004
            ]
          ]
        ]
      }
    },
    {
      "type": "Feature",
      "properties": {
        "id": "69EN1MHXFL6YY6UP10RWM99J6",
        "gridName": "HLOD0_256m_4095m"
      },
      "geometry": {
        "type": "Polygon",
        "coordinates": [
          [
            [
              428400.0,
              428400.0
            ],
            [
              453600.0,
              428400.0
            ],
            [
              453600.0,
              453600.0
            ],
            [
              428400.0,
              453600.0
            ],
            [
              428400.0,
              428400.0
            ]
          ]
        ]
      }
    },
    {
      "type": "Feature",
      "properties": {
        "id": "69MZOWP0MM91TE31D0JPF936H",
        "gridName": "MainGrid"
      },
      "geometry": {
        "type": "Polygon",
        "coordinates": [
          [
            [
              167289.98,
              -37832.773
            ],
            [
              199318.28,
              -37832.773
            ],
            [
              199318.28,
              -2327.2769
            ],
            [
              167289.98,
              -2327.2769
            ],
            [
              167289.98,
              -37832.773
            ]
          ]
        ]
      }
    },
    {
      "type": "Feature",
      "properties": {
        "id": "69QSW5UFPYNMGTRBPIF40JQHK",
        "gridName": "MainGrid"
      },
      "geometry": {
        "type": "Polygon",
        "coordinates": [
          [
            [
              -5940.257,
              220081.8
            ],
            [
              25199.0,
              220081.8
            ],
            [
              25199.0,
              251999.0
            ],
            [
              -5940.257,
              251999.0
            ],
            [
              -5940.257,
              220081.8
            ]
          ]
        ]
      }
    },
    {
      "type": "Feature",
      "properties": {
        "id": "69VZGOION0EJOZPMJIHJL0VAL",
        "gridName": "MainGrid"
      },
      "geometry": {
        "type": "Polygon",
        "coordinates": [
          [
            [
              -781199.0,
              -125999.0
            ],
            [
              -756001.0,
              -125999.0
            ],
            [
              -756001.0,
              -100801.0
            ],
            [
              -781199.0,
              -100801.0
            ],
            [
              -781199.0,
              -125999.0
            ]
          ]
        ]
      }
    },
    {
      "type": "Feature",
      "properties": {
        "id": "6A7MET4X3C4092KPBNWPAPXUT",
        "gridName": "MainGrid"
      },
      "geometry": {
        "type": "Polygon",
        "coordinates": [
          [
            [
              45118.117,
              122456.836
            ],
            [
              86367.63,
              122456.836
            ],
            [
              86367.63,
              155295.84
            ],
            [
              45118.117,
              155295.84
            ],
            [
              45118.117,
              122456.836
            ]
          ]
        ]
      }
    },
    {
      "type": "Feature",
      "properties": {
        "id": "6AMGN9U4B1WV8DA2L89KHFZ1X",
        "gridName": "VisualGrid"
      },
      "geometry": {
        "type": "Polygon",
        "coordinates": [
          [
            [
              -733571.44,
              721166.2
            ],
            [
              -701437.7,
              721166.2
            ],
            [
              -701437.7,
              759092.8
            ],
            [
              -733571.44,
              759092.8
            ],
            [
              -733571.44,
              721166.2
            ]
          ]
        ]
      }
    },
    {
      "type": "Feature",
      "properties": {
        "id": "6AO4E0H7B6OOXZPLFDJECNHS3",
        "gridName": "MainGrid"
      },
      "geometry": {
        "type": "Polygon",
        "coordinates": [
          [
            [
              268795.53,
              522625.16
            ],
            [
              302399.0,
              522625.16
            ],
            [
              302399.0,
              554399.0
            ],
            [
              268795.53,
              554399.0
            ],
            [
              268795.53,
              522625.16
            ]
          ]
        ]
      }
    },
    {
      "type": "Feature",
      "properties": {
        "id": "6AZK5XDSXPLLSBSOJROP3DYLJ",
        "gridName": "HLOD0_256m_4095m"
      },
      "geometry": {
        "type": "Polygon",
        "coordinates": [
          [
            [
              226800.0,
              -75600.0
            ],
            [
              252000.0,
              -75600.0
            ],
            [
              252000.0,
              -50400.0
            ],
            [
              226800.0,
              -50400.0
            ],
            [
              226800.0,
              -75600.0
            ]
          ]
        ]
      }
    },
    {
      "type": "Feature",
      "properties": {
        "id": "6B8FU2NL3CPAG5I0GB1G8Q7DK",
        "gridName": "MainGrid"
      },
      "geometry": {
        "type": "Polygon",
        "coordinates": [
          [
            [
              -261372.97,
              512031.47
            ],
            [
              -221372.97,
              512031.47
            ],
            [
              -221372.97,
              552033.3
            ],
            [
              -261372.97,
              552033.3
            ],
            [
              -261372.97,
              512031.47
            ]
          ]
        ]
      }
    },
    {
      "type": "Feature",
      "properties": {
        "id": "6BGT67PHR1YE1829CV1W4YPLE",
        "gridName": "MainGrid"
      },
      "geometry": {
        "type": "Polygon",
        "coordinates": [
          [
            [
              19406.484,
              -53416.332
            ],
            [
              59872.613,
              -53416.332
            ],
            [
              59872.613,
              -19309.145
            ],
            [
              19406.484,
              -19309.145
            ],
            [
              19406.484,
              -53416.332
            ]
          ]
        ]
      }
    },
    {
      "type": "Feature",
      "properties": {
        "id": "6C50YCD8M96JCAPQJFRGFIELM",
        "gridName": "HLOD0_256m_4095m"
      },
      "geometry": {
        "type": "Polygon",
        "coordinates": [
          [
            [
              0.0,
              100800.0
            ],
            [
              25200.0,
              100800.0
            ],
            [
              25200.0,
              126000.0
            ],
            [
              0.0,
              126000.0
            ],
            [
              0.0,
              100800.0
            ]
          ]
        ]
      }
    },
    {
      "type": "Feature",
      "properties": {
        "id": "6CEUAAYRNBT8C553ZWBWHLPTV",
        "gridName": "MainGrid"
      },
      "geometry": {
        "type": "Polygon",
        "coordinates": [
          [
            [
              176401.0,
              453601.0
            ],
            [
              201599.0,
              453601.0
            ],
            [
              201599.0,
              478799.0
            ],
            [
              176401.0,
              478799.0
            ],
            [
              176401.0,
              453601.0
            ]
          ]
        ]
      }
    },
    {
      "type": "Feature",
      "properties": {
        "id": "6CTJ11U0GU85YJ5IZMQ9JFT0U",
        "gridName": "MainGrid"
      },
      "geometry": {
        "type": "Polygon",
        "coordinates": [
          [
            [
              277201.0,
              126001.0
            ],
            [
              303663.0,
              126001.0
            ],
            [
              303663.0,
              151199.0
            ],
            [
              277201.0,
              151199.0
            ],
            [
              277201.0,
              126001.0
            ]
          ]
        ]
      }
    },
    {
      "type": "Feature",
      "properties": {
        "id": "6D7GOQTL0JHC89LCS8ETSWM7Q",
        "gridName": "MainGrid"
      },
      "geometry": {
        "type": "Polygon",
        "coordinates": [
          [
            [
              24543.799,
              244613.95
            ],
            [
              197115.94,
              244613.95
            ],
            [
              197115.94,
              395957.5
            ],
            [
              24543.799,
              395957.5
            ],
            [
              24543.799,
              244613.95
            ]
          ]
        ]
      }
    },
    {
      "type": "Feature",
      "properties": {
        "id": "6DSG5N0Z11ZYM3O8UAHKAECZD",
        "gridName": "MainGrid"
      },
      "geometry": {
        "type": "Polygon",
        "coordinates": [
          [
            [
              25201.0,
              226801.0
            ],
            [
              55088.832,
              226801.0
            ],
            [
              55088.832,
              251999.0
            ],
            [
              25201.0,
              251999.0
            ],
            [
              25201.0,
              226801.0
            ]
          ]
        ]
      }
    },
    {
      "type": "Feature",
      "properties": {
        "id": "6DU0G9HGM8CQSMTNJXQGGHPWT",
        "gridName": "HLOD0_256m_4095m"
      },
      "geometry": {
        "type": "Polygon",
        "coordinates": [
          [
            [
              176400.0,
              0.0
            ],
            [
              201600.0,
              0.0
            ],
            [
              201600.0,
              25200.0
            ],
            [
              176400.0,
              25200.0
            ],
            [
              176400.0,
              0.0
            ]
          ]
        ]
      }
    },
    {
      "type": "Feature",
      "properties": {
        "id": "6DW0JH52ZAE6IKQLVNDB535HY",
        "gridName": "HLOD0_256m_4095m"
      },
      "geometry": {
        "type": "Polygon",
        "coordinates": [
          [
            [
              327600.0,
              277200.0
            ],
            [
              352800.0,
              277200.0
            ],
            [
              352800.0,
              302400.0
            ],
            [
              327600.0,
              302400.0
            ],
            [
              327600.0,
              277200.0
            ]
          ]
        ]
      }
    },
    {
      "type": "Feature",
      "properties": {
        "id": "6EZAYHL5RASB5NCQFLV41K9ON",
        "gridName": "HLOD0_256m_4095m"
      },
      "geometry": {
        "type": "Polygon",
        "coordinates": [
          [
            [
              252000.0,
              50400.0
            ],
            [
              277200.0,
              50400.0
            ],
            [
              277200.0,
              75600.0
            ],
            [
              252000.0,
              75600.0
            ],
            [
              252000.0,
              50400.0
            ]
          ]
        ]
      }
    },
    {
      "type": "Feature",
      "properties": {
        "id": "6G5GJD5ENIFTF62I4133EU06N",
        "gridName": "MainGrid"
      },
      "geometry": {
        "type": "Polygon",
        "coordinates": [
          [
            [
              -508151.16,
              -506877.84
            ],
            [
              -441990.72,
              -506877.84
            ],
            [
              -441990.72,
              -428245.06
            ],
            [
              -508151.16,
              -428245.06
            ],
            [
              -508151.16,
              -506877.84
            ]
          ]
        ]
      }
    },
    {
      "type": "Feature",
      "properties": {
        "id": "6GPDGKTVMHXL0WUWY9OITHDOR",
        "gridName": "MainGrid"
      },
      "geometry": {
        "type": "Polygon",
        "coordinates": [
          [
            [
              1.0,
              -75599.0
            ],
            [
              25199.0,
              -75599.0
            ],
            [
              25199.0,
              -50401.0
            ],
            [
              1.0,
              -50401.0
            ],
            [
              1.0,
              -75599.0
            ]
          ]
        ]
      }
    },
    {
      "type": "Feature",
      "properties": {
        "id": "6HKSXF2ZP6JW6U6OATMIXZ9YP",
        "gridName": "MainGrid"
      },
      "geometry": {
        "type": "Polygon",
        "coordinates": [
          [
            [
              -151199.0,
              126001.0
            ],
            [
              -126001.0,
              126001.0
            ],
            [
              -126001.0,
              151199.0
            ],
            [
              -151199.0,
              151199.0
            ],
            [
              -151199.0,
              126001.0
            ]
          ]
        ]
      }
    },
    {
      "type": "Feature",
      "properties": {
        "id": "6HOY3L7TGOAEQQKQX9VLPDPLC",
        "gridName": "MainGrid"
      },
      "geometry": {
        "type": "Polygon",
        "coordinates": [
          [
            [
              -108290.92,
              25201.0
            ],
            [
              -75601.0,
              25201.0
            ],
            [
              -75601.0,
              51978.855
            ],
            [
              -108290.92,
              51978.855
            ],
            [
              -108290.92,
              25201.0
            ]
          ]
        ]
      }
    },
    {
      "type": "Feature",
      "properties": {
        "id": "6IQ94D7TTIXJ5RQME26RAEEK5",
        "gridName": "HLOD0_256m_4095m"
      },
      "geometry": {
        "type": "Polygon",
        "coordinates": [
          [
            [
              151200.0,
              75600.0
            ],
            [
              176400.0,
              75600.0
            ],
            [
              176400.0,
              100800.0
            ],
            [
              151200.0,
              100800.0
            ],
            [
              151200.0,
              75600.0
            ]
          ]
        ]
      }
    },
    {
      "type": "Feature",
      "properties": {
        "id": "6J7CSGZZR41ERS98D2IZ35BO5",
        "gridName": "MainGrid"
      },
      "geometry": {
        "type": "Polygon",
        "coordinates": [
          [
            [
              303800.0,
              118900.0
            ],
            [
              329200.0,
              118900.0
            ],
            [
              329200.0,
              144300.0
            ],
            [
              303800.0,
              144300.0
            ],
            [
              303800.0,
              118900.0
            ]
          ]
        ]
      }
    },
    {
      "type": "Feature",
      "properties": {
        "id": "6JV2EIC7GRKD7HZS7E3048NQ6",
        "gridName": "MainGrid"
      },
      "geometry": {
        "type": "Polygon",
        "coordinates": [
          [
            [
              -859551.25,
              -251999.0
            ],
            [
              -831601.0,
              -251999.0
            ],
            [
              -831601.0,
              -223972.22
            ],
            [
              -859551.25,
              -223972.22
            ],
            [
              -859551.25,
              -251999.0
            ]
          ]
        ]
      }
    },
    {
      "type": "Feature",
      "properties": {
        "id": "6KXBN8REXMQ524INY9JUXLG3B",
        "gridName": "VisualGrid"
      },
      "geometry": {
        "type": "Polygon",
        "coordinates": [
          [
            [
              356044.88,
              113079.95
            ],
            [
              363665.4,
              113079.95
            ],
            [
              363665.4,
              118762.25
            ],
            [
              356044.88,
              118762.25
            ],
            [
              356044.88,
              113079.95
            ]
          ]
        ]
      }
    },
    {
      "type": "Feature",
      "properties": {
        "id": "6KXRTSRDAUDU1Q4LV22I627R2",
        "gridName": "MainGrid"
      },
      "geometry": {
        "type": "Polygon",
        "coordinates": [
          [
            [
              126001.0,
              453601.0
            ],
            [
              151199.0,
              453601.0
            ],
            [
              151199.0,
              478799.0
            ],
            [
              126001.0,
              478799.0
            ],
            [
              126001.0,
              453601.0
            ]
          ]
        ]
      }
    },
    {
      "type": "Feature",
      "properties": {
        "id": "6MDQ13D8LNBM8NCPRMKOND6NK",
        "gridName": "HLOD0_256m_4095m"
      },
      "geometry": {
        "type": "Polygon",
        "coordinates": [
          [
            [
              226800.0,
              -25200.0
            ],
            [
              252000.0,
              -25200.0
            ],
            [
              252000.0,
              0.0
            ],
            [
              226800.0,
              0.0
            ],
            [
              226800.0,
              -25200.0
            ]
          ]
        ]
      }
    },
    {
      "type": "Feature",
      "properties": {
        "id": "6N84PARUVN0DFI1KI2XBRZUP2",
        "gridName": "MainGrid"
      },
      "geometry": {
        "type": "Polygon",
        "coordinates": [
          [
            [
              -50399.0,
              151201.0
            ],
            [
              -21509.834,
              151201.0
            ],
            [
              -21509.834,
              176399.0
            ],
            [
              -50399.0,
              176399.0
            ],
            [
              -50399.0,
              151201.0
            ]
          ]
        ]
      }
    },
    {
      "type": "Feature",
      "properties": {
        "id": "6OB8QPDJ5GBFKEG1U1IIQHMHL",
        "gridName": "MainGrid"
      },
      "geometry": {
        "type": "Polygon",
        "coordinates": [
          [
            [
              219132.42,
              -75599.0
            ],
            [
              258513.16,
              -75599.0
            ],
            [
              258513.16,
              -38899.914
            ],
            [
              219132.42,
              -38899.914
            ],
            [
              219132.42,
              -75599.0
            ]
          ]
        ]
      }
    },
    {
      "type": "Feature",
      "properties": {
        "id": "6OEJG9H7TJAHJFSWMID5EQ2BW",
        "gridName": "MainGrid"
      },
      "geometry": {
        "type": "Polygon",
        "coordinates": [
          [
            [
              69753.19,
              -129273.164
            ],
            [
              111191.9,
              -129273.164
            ],
            [
              111191.9,
              10726.839
            ],
            [
              69753.19,
              10726.839
            ],
            [
              69753.19,
              -129273.164
            ]
          ]
        ]
      }
    },
    {
      "type": "Feature",
      "properties": {
        "id": "6ONNY3LEJQOCGEBZQ0Q5Z4VQS",
        "gridName": "MainGrid"
      },
      "geometry": {
        "type": "Polygon",
        "coordinates": [
          [
            [
              -151199.0,
              50401.0
            ],
            [
              -126001.0,
              50401.0
            ],
            [
              -126001.0,
              75599.0
            ],
            [
              -151199.0,
              75599.0
            ],
            [
              -151199.0,
              50401.0
            ]
          ]
        ]
      }
    },
    {
      "type": "Feature",
      "properties": {
        "id": "6PBJ0I5RR60U0CIVC0HNOPGDX",
        "gridName": "MainGrid"
      },
      "geometry": {
        "type": "Polygon",
        "coordinates": [
          [
            [
              -856799.0,
              655201.0
            ],
            [
              -831601.0,
              655201.0
            ],
            [
              -831601.0,
              680399.0
            ],
            [
              -856799.0,
              680399.0
            ],
            [
              -856799.0,
              655201.0
            ]
          ]
        ]
      }
    },
    {
      "type": "Feature",
      "properties": {
        "id": "6PDVHTVS92R7BOT3EAW0WJEEX",
        "gridName": "MainGrid"
      },
      "geometry": {
        "type": "Polygon",
        "coordinates": [
          [
            [
              -680399.0,
              655201.0
            ],
            [
              -655201.0,
              655201.0
            ],
            [
              -655201.0,
              680399.0
            ],
            [
              -680399.0,
              680399.0
            ],
            [
              -680399.0,
              655201.0
            ]
          ]
        ]
      }
    },
    {
      "type": "Feature",
      "properties": {
        "id": "6PKOC0V4KDY87MANYZDLSQZG6",
        "gridName": "MainGrid"
      },
      "geometry": {
        "type": "Polygon",
        "coordinates": [
          [
            [
              1.0,
              252001.0
            ],
            [
              25199.0,
              252001.0
            ],
            [
              25199.0,
              277199.0
            ],
            [
              1.0,
              277199.0
            ],
            [
              1.0,
              252001.0
            ]
          ]
        ]
      }
    },
    {
      "type": "Feature",
      "properties": {
        "id": "6PQYCYRI7J0OA854KQBPRF2IS",
        "gridName": "MainGrid"
      },
      "geometry": {
        "type": "Polygon",
        "coordinates": [
          [
            [
              101548.33,
              -124436.555
            ],
            [
              273876.16,
              -124436.555
            ],
            [
              273876.16,
              -655.6065
            ],
            [
              101548.33,
              -655.6065
            ],
            [
              101548.33,
              -124436.555
            ]
          ]
        ]
      }
    },
    {
      "type": "Feature",
      "properties": {
        "id": "6QWB1UPD19PIZB9NPCA6KBWYN",
        "gridName": "HLOD0_256m_4095m"
      },
      "geometry": {
        "type": "Polygon",
        "coordinates": [
          [
            [
              176400.0,
              126000.0
            ],
            [
              201600.0,
              126000.0
            ],
            [
              201600.0,
              151200.0
            ],
            [
              176400.0,
              151200.0
            ],
            [
              176400.0,
              126000.0
            ]
          ]
        ]
      }
    },
    {
      "type": "Feature",
      "properties": {
        "id": "6QXTYJEYIGFLSNN1JHXG0OFCL",
        "gridName": "HLOD0_256m_4095m"
      },
      "geometry": {
        "type": "Polygon",
        "coordinates": [
          [
            [
              -352800.0,
              -453600.0
            ],
            [
              -327600.0,
              -453600.0
            ],
            [
              -327600.0,
              -428400.0
            ],
            [
              -352800.0,
              -428400.0
            ],
            [
              -352800.0,
              -453600.0
            ]
          ]
        ]
      }
    },
    {
      "type": "Feature",
      "properties": {
        "id": "6RNI66QBJGA65A7581ENMUXRZ",
        "gridName": "HLOD0_256m_4095m"
      },
      "geometry": {
        "type": "Polygon",
        "coordinates": [
          [
            [
              -25200.0,
              25200.0
            ],
            [
              0.0,
              25200.0
            ],
            [
              0.0,
              50400.0
            ],
            [
              -25200.0,
              50400.0
            ],
            [
              -25200.0,
              25200.0
            ]
          ]
        ]
      }
    },
    {
      "type": "Feature",
      "properties": {
        "id": "6S6PSWOCE2JMMWUQ7286K1WDU",
        "gridName": "MainGrid"
      },
      "geometry": {
        "type": "Polygon",
        "coordinates": [
          [
            [
              352801.0,
              -50399.0
            ],
            [
              377999.0,
              -50399.0
            ],
            [
              377999.0,
              -25201.0
            ],
            [
              352801.0,
              -25201.0
            ],
            [
              352801.0,
              -50399.0
            ]
          ]
        ]
      }
    },
    {
      "type": "Feature",
      "properties": {
        "id": "6SDZRW3E9VP2MWKOPQOD8NWQN",
        "gridName": "MainGrid"
      },
      "geometry": {
        "type": "Polygon",
        "coordinates": [
          [
            [
              317362.22,
              47335.77
            ],
            [
              355619.56,
              47335.77
            ],
            [
              355619.56,
              77968.945
            ],
            [
              317362.22,
              77968.945
            ],
            [
              317362.22,
              47335.77
            ]
          ]
        ]
      }
    },
    {
      "type": "Feature",
      "properties": {
        "id": "6SOZ50GPH8TXY9VWHSMN98CAJ",
        "gridName": "MainGrid"
      },
      "geometry": {
        "type": "Polygon",
        "coordinates": [
          [
            [
              404215.78,
              414842.94
            ],
            [
              477880.72,
              414842.94
            ],
            [
              477880.72,
              481536.16
            ],
            [
              404215.78,
              481536.16
            ],
            [
              404215.78,
              414842.94
            ]
          ]
        ]
      }
    },
    {
      "type": "Feature",
      "properties": {
        "id": "6SPYB7ZAEGDBPKP46EQYYYB0A",
        "gridName": "MainGrid"
      },
      "geometry": {
        "type": "Polygon",
        "coordinates": [
          [
            [
              -503999.0,
              -251999.0
            ],
            [
              -478801.0,
              -251999.0
            ],
            [
              -478801.0,
              -226801.0
            ],
            [
              -503999.0,
              -226801.0
            ],
            [
              -503999.0,
              -251999.0
            ]
          ]
        ]
      }
    },
    {
      "type": "Feature",
      "properties": {
        "id": "6T979B7QAOD8W3KIKNBW4RULG",
        "gridName": "MainGrid"
      },
      "geometry": {
        "type": "Polygon",
        "coordinates": [
          [
            [
              126001.0,
              478801.0
            ],
            [
              151199.0,
              478801.0
            ],
            [
              151199.0,
              503999.0
            ],
            [
              126001.0,
              503999.0
            ],
            [
              126001.0,
              478801.0
            ]
          ]
        ]
      }
    },
    {
      "type": "Feature",
      "properties": {
        "id": "6TBAA5Q9QN8OQMFB8O52E5TBI",
        "gridName": "MainGrid"
      },
      "geometry": {
        "type": "Polygon",
        "coordinates": [
          [
            [
              170671.03,
              -58849.33
            ],
            [
              211436.56,
              -58849.33
            ],
            [
              211436.56,
              -18801.553
            ],
            [
              170671.03,
              -18801.553
            ],
            [
              170671.03,
              -58849.33
            ]
          ]
        ]
      }
    },
    {
      "type": "Feature",
      "properties": {
        "id": "6TG71UUP6YI9A6KP1198Z3OGH",
        "gridName": "MainGrid"
      },
      "geometry": {
        "type": "Polygon",
        "coordinates": [
          [
            [
              -201599.0,
              604801.0
            ],
            [
              -168632.14,
              604801.0
            ],
            [
              -168632.14,
              634875.44
            ],
            [
              -201599.0,
              634875.44
            ],
            [
              -201599.0,
              604801.0
            ]
          ]
        ]
      }
    },
    {
      "type": "Feature",
      "properties": {
        "id": "6TRJGR5JWMU12L071I2R3KPLO",
        "gridName": "MainGrid"
      },
      "geometry": {
        "type": "Polygon",
        "coordinates": [
          [
            [
              -503999.0,
              126001.0
            ],
            [
              -478801.0,
              126001.0
            ],
            [
              -478801.0,
              151199.0
            ],
            [
              -503999.0,
              151199.0
            ],
            [
              -503999.0,
              126001.0
            ]
          ]
        ]
      }
    },
    {
      "type": "Feature",
      "properties": {
        "id": "6TTWIA770XPT5JT4F77FY6Q8N",
        "gridName": "MainGrid"
      },
      "geometry": {
        "type": "Polygon",
        "coordinates": [
          [
            [
              -201599.0,
              75601.0
            ],
            [
              -176146.17,
              75601.0
            ],
            [
              -176146.17,
              100860.33
            ],
            [
              -201599.0,
              100860.33
            ],
            [
              -201599.0,
              75601.0
            ]
          ]
        ]
      }
    },
    {
      "type": "Feature",
      "properties": {
        "id": "6UBIPVDZGFOVQWDKHKSJQ52NU",
        "gridName": "MainGrid"
      },
      "geometry": {
        "type": "Polygon",
        "coordinates": [
          [
            [
              19455.281,
              20188.041
            ],
            [
              67604.375,
              20188.041
            ],
            [
              67604.375,
              100312.9
            ],
            [
              19455.281,
              100312.9
            ],
            [
              19455.281,
              20188.041
            ]
          ]
        ]
      }
    },
    {
      "type": "Feature",
      "properties": {
        "id": "6UCTT6SV4T888KUXOY0KPR6WG",
        "gridName": "HLOD0_256m_4095m"
      },
      "geometry": {
        "type": "Polygon",
        "coordinates": [
          [
            [
              302400.0,
              0.0
            ],
            [
              403200.0,
              0.0
            ],
            [
              403200.0,
              201600.0
            ],
            [
              302400.0,
              201600.0
            ],
            [
              302400.0,
              0.0
            ]
          ]
        ]
      }
    },
    {
      "type": "Feature",
      "properties": {
        "id": "6UEP6KR673PUZV5HOAUZOXZ2F",
        "gridName": "HLOD0_256m_4095m"
      },
      "geometry": {
        "type": "Polygon",
        "coordinates": [
          [
            [
              126000.0,
              151200.0
            ],
            [
              151200.0,
              151200.0
            ],
            [
              151200.0,
              176400.0
            ],
            [
              126000.0,
              176400.0
            ],
            [
              126000.0,
              151200.0
            ]
          ]
        ]
      }
    },
    {
      "type": "Feature",
      "properties": {
        "id": "6UIMKQTT7XTLLRZF3DMAC8IC2",
        "gridName": "MainGrid"
      },
      "geometry": {
        "type": "Polygon",
        "coordinates": [
          [
            [
              -567563.5,
              46113.996
            ],
            [
              -534662.4,
              46113.996
            ],
            [
              -534662.4,
              71498.11
            ],
            [
              -567563.5,
              71498.11
            ],
            [
              -567563.5,
              46113.996
            ]
          ]
        ]
      }
    },
    {
      "type": "Feature",
      "properties": {
        "id": "6V6WDS4JLRECY1SEGGO6K7T7P",
        "gridName": "MainGrid"
      },
      "geometry": {
        "type": "Polygon",
        "coordinates": [
          [
            [
              25201.0,
              1.0
            ],
            [
              50399.0,
              1.0
            ],
            [
              50399.0,
              25199.0
            ],
            [
              25201.0,
              25199.0
            ],
            [
              25201.0,
              1.0
            ]
          ]
        ]
      }
    },
    {
      "type": "Feature",
      "properties": {
        "id": "6VF6WYDUOXF1GPG50D1P8JG9R",
        "gridName": "HLOD0_256m_4095m"
      },
      "geometry": {
        "type": "Polygon",
        "coordinates": [
          [
            [
              252000.0,
              100800.0
            ],
            [
              277200.0,
              100800.0
            ],
            [
              277200.0,
              126000.0
            ],
            [
              252000.0,
              126000.0
            ],
            [
              252000.0,
              100800.0
            ]
          ]
        ]
      }
    },
    {
      "type": "Feature",
      "properties": {
        "id": "6VRU5X1NPZNXOIMZYX966GFMS",
        "gridName": "HLOD0_256m_4095m"
      },
      "geometry": {
        "type": "Polygon",
        "coordinates": [
          [
            [
              252000.0,
              75600.0
            ],
            [
              277200.0,
              75600.0
            ],
            [
              277200.0,
              100800.0
            ],
            [
              252000.0,
              100800.0
            ],
            [
              252000.0,
              75600.0
            ]
          ]
        ]
      }
    },
    {
      "type": "Feature",
      "properties": {
        "id": "6VXC9DFEQJ42NNA746N1T6EB9",
        "gridName": "HLOD0_256m_4095m"
      },
      "geometry": {
        "type": "Polygon",
        "coordinates": [
          [
            [
              226800.0,
              176400.0
            ],
            [
              252000.0,
              176400.0
            ],
            [
              252000.0,
              201600.0
            ],
            [
              226800.0,
              201600.0
            ],
            [
              226800.0,
              176400.0
            ]
          ]
        ]
      }
    },
    {
      "type": "Feature",
      "properties": {
        "id": "6WCPRRXPOF19VBUZB02YGNBEE",
        "gridName": "MainGrid"
      },
      "geometry": {
        "type": "Polygon",
        "coordinates": [
          [
            [
              -100799.0,
              1.0
            ],
            [
              -75601.0,
              1.0
            ],
            [
              -75601.0,
              25199.0
            ],
            [
              -100799.0,
              25199.0
            ],
            [
              -100799.0,
              1.0
            ]
          ]
        ]
      }
    },
    {
      "type": "Feature",
      "properties": {
        "id": "6WL2AMXS297RS1P3FSJY06FAC",
        "gridName": "HLOD0_256m_4095m"
      },
      "geometry": {
        "type": "Polygon",
        "coordinates": [
          [
            [
              277200.0,
              126000.0
            ],
            [
              302400.0,
              126000.0
            ],
            [
              302400.0,
              151200.0
            ],
            [
              277200.0,
              151200.0
            ],
            [
              277200.0,
              126000.0
            ]
          ]
        ]
      }
    },
    {
      "type": "Feature",
      "properties": {
        "id": "6WRF7EVOUH1XK9E22EO1HQEB3",
        "gridName": "MainGrid"
      },
      "geometry": {
        "type": "Polygon",
        "coordinates": [
          [
            [
              11859.222,
              3325.3335
            ],
            [
              545695.6,
              3325.3335
            ],
            [
              545695.6,
              569587.8
            ],
            [
              11859.222,
              569587.8
            ],
            [
              11859.222,
              3325.3335
            ]
          ]
        ]
      }
    },
    {
      "type": "Feature",
      "properties": {
        "id": "6X13JDDPPG9HBZNFL8DKMLSPS",
        "gridName": "MainGrid"
      },
      "geometry": {
        "type": "Polygon",
        "coordinates": [
          [
            [
              243440.83,
              69345.26
            ],
            [
              280460.62,
              69345.26
            ],
            [
              280460.62,
              104161.07
            ],
            [
              243440.83,
              104161.07
            ],
            [
              243440.83,
              69345.26
            ]
          ]
        ]
      }
    },
    {
      "type": "Feature",
      "properties": {
        "id": "6XP9BDT7HMX1EUVBBQAYSW2K0",
        "gridName": "MainGrid"
      },
      "geometry": {
        "type": "Polygon",
        "coordinates": [
          [
            [
              -705599.0,
              -151199.0
            ],
            [
              -680401.0,
              -151199.0
            ],
            [
              -680401.0,
              -126001.0
            ],
            [
              -705599.0,
              -126001.0
            ],
            [
              -705599.0,
              -151199.0
            ]
          ]
        ]
      }
    },
    {
      "type": "Feature",
      "properties": {
        "id": "6XW4OZ4YDZD7TAWVXOVSVDQAU",
        "gridName": "MainGrid"
      },
      "geometry": {
        "type": "Polygon",
        "coordinates": [
          [
            [
              -453599.0,
              -277199.0
            ],
            [
              -428401.0,
              -277199.0
            ],
            [
              -428401.0,
              -252001.0
            ],
            [
              -453599.0,
              -252001.0
            ],
            [
              -453599.0,
              -277199.0
            ]
          ]
        ]
      }
    },
    {
      "type": "Feature",
      "properties": {
        "id": "6YCBQ24XMS4GRRL0NXPP3NWYM",
        "gridName": "HLOD0_256m_4095m"
      },
      "geometry": {
        "type": "Polygon",
        "coordinates": [
          [
            [
              327600.0,
              151200.0
            ],
            [
              352800.0,
              151200.0
            ],
            [
              352800.0,
              176400.0
            ],
            [
              327600.0,
              176400.0
            ],
            [
              327600.0,
              151200.0
            ]
          ]
        ]
      }
    },
    {
      "type": "Feature",
      "properties": {
        "id": "6Z4Z3OFOOQ04I2006QV4WSRED",
        "gridName": "MainGrid"
      },
      "geometry": {
        "type": "Polygon",
        "coordinates": [
          [
            [
              -1607.093,
              148270.77
            ],
            [
              26597.93,
              148270.77
            ],
            [
              26597.93,
              179388.84
            ],
            [
              -1607.093,
              179388.84
            ],
            [
              -1607.093,
              148270.77
            ]
          ]
        ]
      }
    },
    {
      "type": "Feature",
      "properties": {
        "id": "6ZHAXDTDLN117NGDEOCF6GYRN",
        "gridName": "HLOD0_256m_4095m"
      },
      "geometry": {
        "type": "Polygon",
        "coordinates": [
          [
            [
              302400.0,
              50400.0
            ],
            [
              327600.0,
              50400.0
            ],
            [
              327600.0,
              75600.0
            ],
            [
              302400.0,
              75600.0
            ],
            [
              302400.0,
              50400.0
            ]
          ]
        ]
      }
    },
    {
      "type": "Feature",
      "properties": {
        "id": "6ZYJ0K2DAYS71PB0U0MB7JAKH",
        "gridName": "MainGrid"
      },
      "geometry": {
        "type": "Polygon",
        "coordinates": [
          [
            [
              225684.19,
              175037.92
            ],
            [
              254791.8,
              175037.92
            ],
            [
              254791.8,
              205771.81
            ],
            [
              225684.19,
              205771.81
            ],
            [
              225684.19,
              175037.92
            ]
          ]
        ]
      }
    },
    {
      "type": "Feature",
      "properties": {
        "id": "70ESC5D6CRJ0QREFEQRW533II",
        "gridName": "MainGrid"
      },
      "geometry": {
        "type": "Polygon",
        "coordinates": [
          [
            [
              -327599.0,
              -453599.0
            ],
            [
              -302401.0,
              -453599.0
            ],
            [
              -302401.0,
              -428401.0
            ],
            [
              -327599.0,
              -428401.0
            ],
            [
              -327599.0,
              -453599.0
            ]
          ]
        ]
      }
    },
    {
      "type": "Feature",
      "properties": {
        "id": "70PP7TP1CLLDLKRIB7QFCPAXE",
        "gridName": "HLOD0_256m_4095m"
      },
      "geometry": {
        "type": "Polygon",
        "coordinates": [
          [
            [
              252000.0,
              226800.0
            ],
            [
              277200.0,
              226800.0
            ],
            [
              277200.0,
              252000.0
            ],
            [
              252000.0,
              252000.0
            ],
            [
              252000.0,
              226800.0
            ]
          ]
        ]
      }
    },
    {
      "type": "Feature",
      "properties": {
        "id": "7166FDHHJ74PVTZA884BILZCE",
        "gridName": "HLOD0_256m_4095m"
      },
      "geometry": {
        "type": "Polygon",
        "coordinates": [
          [
            [
              75600.0,
              75600.0
            ],
            [
              100800.0,
              75600.0
            ],
            [
              100800.0,
              100800.0
            ],
            [
              75600.0,
              100800.0
            ],
            [
              75600.0,
              75600.0
            ]
          ]
        ]
      }
    },
    {
      "type": "Feature",
      "properties": {
        "id": "71E0E886KQV7C397Y6J8VNMO4",
        "gridName": "HLOD0_256m_4095m"
      },
      "geometry": {
        "type": "Polygon",
        "coordinates": [
          [
            [
              0.0,
              151200.0
            ],
            [
              25200.0,
              151200.0
            ],
            [
              25200.0,
              176400.0
            ],
            [
              0.0,
              176400.0
            ],
            [
              0.0,
              151200.0
            ]
          ]
        ]
      }
    },
    {
      "type": "Feature",
      "properties": {
        "id": "71GZ03AWUF0BPUA2LN5SUV2NS",
        "gridName": "MainGrid"
      },
      "geometry": {
        "type": "Polygon",
        "coordinates": [
          [
            [
              -579599.0,
              126001.0
            ],
            [
              -554401.0,
              126001.0
            ],
            [
              -554401.0,
              151199.0
            ],
            [
              -579599.0,
              151199.0
            ],
            [
              -579599.0,
              126001.0
            ]
          ]
        ]
      }
    },
    {
      "type": "Feature",
      "properties": {
        "id": "71Q1KMDQSDNPB9B8V01BEWJZS",
        "gridName": "MainGrid"
      },
      "geometry": {
        "type": "Polygon",
        "coordinates": [
          [
            [
              268494.5,
              169562.53
            ],
            [
              312021.9,
              169562.53
            ],
            [
              312021.9,
              206504.34
            ],
            [
              268494.5,
              206504.34
            ],
            [
              268494.5,
              169562.53
            ]
          ]
        ]
      }
    },
    {
      "type": "Feature",
      "properties": {
        "id": "7235OAMO6BHX9NQVDUNLZLHLL",
        "gridName": "MainGrid"
      },
      "geometry": {
        "type": "Polygon",
        "coordinates": [
          [
            [
              390600.0,
              -12600.0
            ],
            [
              390600.0,
              -12600.0
            ],
            [
              390600.0,
              -12600.0
            ],
            [
              390600.0,
              -12600.0
            ],
            [
              390600.0,
              -12600.0
            ]
          ]
        ]
      }
    },
    {
      "type": "Feature",
      "properties": {
        "id": "72QASFM30RJN7DDSTOYESLYPS",
        "gridName": "MainGrid"
      },
      "geometry": {
        "type": "Polygon",
        "coordinates": [
          [
            [
              415800.0,
              113400.0
            ],
            [
              415800.0,
              113400.0
            ],
            [
              415800.0,
              113400.0
            ],
            [
              415800.0,
              113400.0
            ],
            [
              415800.0,
              113400.0
            ]
          ]
        ]
      }
    },
    {
      "type": "Feature",
      "properties": {
        "id": "737PMXR4RE1AZR60OHXDEIHKW",
        "gridName": "MainGrid"
      },
      "geometry": {
        "type": "Polygon",
        "coordinates": [
          [
            [
              145680.16,
              -100799.0
            ],
            [
              176400.0,
              -100799.0
            ],
            [
              176400.0,
              -70129.484
            ],
            [
              145680.16,
              -70129.484
            ],
            [
              145680.16,
              -100799.0
            ]
          ]
        ]
      }
    },
    {
      "type": "Feature",
      "properties": {
        "id": "7457XVJD3EO9C5QARV9HUCFRE",
        "gridName": "MainGrid"
      },
      "geometry": {
        "type": "Polygon",
        "coordinates": [
          [
            [
              75601.0,
              478801.0
            ],
            [
              100799.0,
              478801.0
            ],
            [
              100799.0,
              503999.0
            ],
            [
              75601.0,
              503999.0
            ],
            [
              75601.0,
              478801.0
            ]
          ]
        ]
      }
    },
    {
      "type": "Feature",
      "properties": {
        "id": "7497MXSLO29L6CO31WC0ULX31",
        "gridName": "MainGrid"
      },
      "geometry": {
        "type": "Polygon",
        "coordinates": [
          [
            [
              -495716.25,
              29740.127
            ],
            [
              -423429.78,
              29740.127
            ],
            [
              -423429.78,
              96329.87
            ],
            [
              -495716.25,
              96329.87
            ],
            [
              -495716.25,
              29740.127
            ]
          ]
        ]
      }
    },
    {
      "type": "Feature",
      "properties": {
        "id": "75BD63XT8IVCNFBPV6XVSDIS0",
        "gridName": "HLOD0_256m_4095m"
      },
      "geometry": {
        "type": "Polygon",
        "coordinates": [
          [
            [
              327600.0,
              252000.0
            ],
            [
              352800.0,
              252000.0
            ],
            [
              352800.0,
              277200.0
            ],
            [
              327600.0,
              277200.0
            ],
            [
              327600.0,
              252000.0
            ]
          ]
        ]
      }
    },
    {
      "type": "Feature",
      "properties": {
        "id": "76C311AVLQEJ5PJ6XBYRBBGNJ",
        "gridName": "HLOD0_256m_4095m"
      },
      "geometry": {
        "type": "Polygon",
        "coordinates": [
          [
            [
              302400.0,
              176400.0
            ],
            [
              327600.0,
              176400.0
            ],
            [
              327600.0,
              201600.0
            ],
            [
              302400.0,
              201600.0
            ],
            [
              302400.0,
              176400.0
            ]
          ]
        ]
      }
    },
    {
      "type": "Feature",
      "properties": {
        "id": "76OD2K5FB931W3KXC1O0OXLZD",
        "gridName": "MainGrid"
      },
      "geometry": {
        "type": "Polygon",
        "coordinates": [
          [
            [
              66391.914,
              90990.58
            ],
            [
              104124.08,
              90990.58
            ],
            [
              104124.08,
              135790.58
            ],
            [
              66391.914,
              135790.58
            ],
            [
              66391.914,
              90990.58
            ]
          ]
        ]
      }
    },
    {
      "type": "Feature",
      "properties": {
        "id": "780J4RZNDKCJYNCFWQE94SZJ2",
        "gridName": "HLOD0_256m_4095m"
      },
      "geometry": {
        "type": "Polygon",
        "coordinates": [
          [
            [
              -781200.0,
              680400.0
            ],
            [
              -756000.0,
              680400.0
            ],
            [
              -756000.0,
              705600.0
            ],
            [
              -781200.0,
              705600.0
            ],
            [
              -781200.0,
              680400.0
            ]
          ]
        ]
      }
    },
    {
      "type": "Feature",
      "properties": {
        "id": "78RMVK0BO4I62EZB4AB66ULTK",
        "gridName": "MainGrid"
      },
      "geometry": {
        "type": "Polygon",
        "coordinates": [
          [
            [
              16941.73,
              -120880.375
            ],
            [
              200278.84,
              -120880.375
            ],
            [
              200278.84,
              -6247.2256
            ],
            [
              16941.73,
              -6247.2256
            ],
            [
              16941.73,
              -120880.375
            ]
          ]
        ]
      }
    },
    {
      "type": "Feature",
      "properties": {
        "id": "792W0K88ZHL2LTC0ZXN3OFVX0",
        "gridName": "HLOD0_256m_4095m"
      },
      "geometry": {
        "type": "Polygon",
        "coordinates": [
          [
            [
              176400.0,
              176400.0
            ],
            [
              201600.0,
              176400.0
            ],
            [
              201600.0,
              201600.0
            ],
            [
              176400.0,
              201600.0
            ],
            [
              176400.0,
              176400.0
            ]
          ]
        ]
      }
    },
    {
      "type": "Feature",
      "properties": {
        "id": "7945ICWNWLHY8QOXCZSE493IR",
        "gridName": "MainGrid"
      },
      "geometry": {
        "type": "Polygon",
        "coordinates": [
          [
            [
              -655199.0,
              -327599.0
            ],
            [
              -630001.0,
              -327599.0
            ],
            [
              -630001.0,
              -302401.0
            ],
            [
              -655199.0,
              -302401.0
            ],
            [
              -655199.0,
              -327599.0
            ]
          ]
        ]
      }
    },
    {
      "type": "Feature",
      "properties": {
        "id": "798MNKM1D6F5XDXX4U9D87GPY",
        "gridName": "HLOD0_256m_4095m"
      },
      "geometry": {
        "type": "Polygon",
        "coordinates": [
          [
            [
              327600.0,
              50400.0
            ],
            [
              352800.0,
              50400.0
            ],
            [
              352800.0,
              75600.0
            ],
            [
              327600.0,
              75600.0
            ],
            [
              327600.0,
              50400.0
            ]
          ]
        ]
      }
    },
    {
      "type": "Feature",
      "properties": {
        "id": "79U6DZ6CNTYT41UU5C89QVO2T",
        "gridName": "MainGrid"
      },
      "geometry": {
        "type": "Polygon",
        "coordinates": [
          [
            [
              -755999.0,
              630001.0
            ],
            [
              -730801.0,
              630001.0
            ],
            [
              -730801.0,
              655199.0
            ],
            [
              -755999.0,
              655199.0
            ],
            [
              -755999.0,
              630001.0
            ]
          ]
        ]
      }
    },
    {
      "type": "Feature",
      "properties": {
        "id": "7ACEVWDNWNT4P0405YLS3LHB5",
        "gridName": "MainGrid"
      },
      "geometry": {
        "type": "Polygon",
        "coordinates": [
          [
            [
              -655199.0,
              -201599.0
            ],
            [
              -630001.0,
              -201599.0
            ],
            [
              -630001.0,
              -176401.0
            ],
            [
              -655199.0,
              -176401.0
            ],
            [
              -655199.0,
              -201599.0
            ]
          ]
        ]
      }
    },
    {
      "type": "Feature",
      "properties": {
        "id": "7B44TLKOF9L9FXQ1LHMT4539Q",
        "gridName": "HLOD0_256m_4095m"
      },
      "geometry": {
        "type": "Polygon",
        "coordinates": [
          [
            [
              -907200.0,
              705600.0
            ],
            [
              -806400.0,
              705600.0
            ],
            [
              -806400.0,
              806400.0
            ],
            [
              -907200.0,
              806400.0
            ],
            [
              -907200.0,
              705600.0
            ]
          ]
        ]
      }
    },
    {
      "type": "Feature",
      "properties": {
        "id": "7B9G6FISL31GYL7LOJ8L39LGI",
        "gridName": "MainGrid"
      },
      "geometry": {
        "type": "Polygon",
        "coordinates": [
          [
            [
              -486230.84,
              -484753.84
            ],
            [
              -463030.84,
              -484753.84
            ],
            [
              -463030.84,
              -484740.4
            ],
            [
              -486230.84,
              -484740.4
            ],
            [
              -486230.84,
              -484753.84
            ]
          ]
        ]
      }
    },
    {
      "type": "Feature",
      "properties": {
        "id": "7BOFK7VRV7J9QI1RJEGPX2V1L",
        "gridName": "MainGrid"
      },
      "geometry": {
        "type": "Polygon",
        "coordinates": [
          [
            [
              88200.0,
              289800.0
            ],
            [
              88200.0,
              289800.0
            ],
            [
              88200.0,
              289800.0
            ],
            [
              88200.0,
              289800.0
            ],
            [
              88200.0,
              289800.0
            ]
          ]
        ]
      }
    },
    {
      "type": "Feature",
      "properties": {
        "id": "7C9QRXH3SE9Z1V0NWZ64L6XT7",
        "gridName": "MainGrid"
      },
      "geometry": {
        "type": "Polygon",
        "coordinates": [
          [
            [
              -831599.0,
              655201.0
            ],
            [
              -806401.0,
              655201.0
            ],
            [
              -806401.0,
              680399.0
            ],
            [
              -831599.0,
              680399.0
            ],
            [
              -831599.0,
              655201.0
            ]
          ]
        ]
      }
    },
    {
      "type": "Feature",
      "properties": {
        "id": "7CCR53TEZWFVJHJDKZKWFVKK0",
        "gridName": "HLOD0_256m_4095m"
      },
      "geometry": {
        "type": "Polygon",
        "coordinates": [
          [
            [
              -730800.0,
              705600.0
            ],
            [
              -705600.0,
              705600.0
            ],
            [
              -705600.0,
              730800.0
            ],
            [
              -730800.0,
              730800.0
            ],
            [
              -730800.0,
              705600.0
            ]
          ]
        ]
      }
    },
    {
      "type": "Feature",
      "properties": {
        "id": "7DEUUTMGD4KN5WE3S9YZWQ4LZ",
        "gridName": "MainGrid"
      },
      "geometry": {
        "type": "Polygon",
        "coordinates": [
          [
            [
              167463.25,
              19841.643
            ],
            [
              208755.94,
              19841.643
            ],
            [
              208755.94,
              58411.92
            ],
            [
              167463.25,
              58411.92
            ],
            [
              167463.25,
              19841.643
            ]
          ]
        ]
      }
    },
    {
      "type": "Feature",
      "properties": {
        "id": "7DTZV3FYWFZO8I7YUGPTC8JSN",
        "gridName": "VisualGrid"
      },
      "geometry": {
        "type": "Polygon",
        "coordinates": [
          [
            [
              -792801.0,
              -223423.06
            ],
            [
              282435.44,
              -223423.06
            ],
            [
              282435.44,
              766078.56
            ],
            [
              -792801.0,
              766078.56
            ],
            [
              -792801.0,
              -223423.06
            ]
          ]
        ]
      }
    },
    {
      "type": "Feature",
      "properties": {
        "id": "7E1W3NUB0ZUWM2L5U75LD4370",
        "gridName": "HLOD0_256m_4095m"
      },
      "geometry": {
        "type": "Polygon",
        "coordinates": [
          [
            [
              -25200.0,
              126000.0
            ],
            [
              0.0,
              126000.0
            ],
            [
              0.0,
              151200.0
            ],
            [
              -25200.0,
              151200.0
            ],
            [
              -25200.0,
              126000.0
            ]
          ]
        ]
      }
    },
    {
      "type": "Feature",
      "properties": {
        "id": "7E8BZ44FHEJC2W37VGJ3OMFQZ",
        "gridName": "MainGrid"
      },
      "geometry": {
        "type": "Polygon",
        "coordinates": [
          [
            [
              -4318.5947,
              97871.13
            ],
            [
              36131.105,
              97871.13
            ],
            [
              36131.105,
              127875.19
            ],
            [
              -4318.5947,
              127875.19
            ],
            [
              -4318.5947,
              97871.13
            ]
          ]
        ]
      }
    },
    {
      "type": "Feature",
      "properties": {
        "id": "7EDDDKFAJ1GV6LHMOSKS9KXMC",
        "gridName": "MainGrid"
      },
      "geometry": {
        "type": "Polygon",
        "coordinates": [
          [
            [
              -453599.0,
              25201.0
            ],
            [
              -428401.0,
              25201.0
            ],
            [
              -428401.0,
              50399.0
            ],
            [
              -453599.0,
              50399.0
            ],
            [
              -453599.0,
              25201.0
            ]
          ]
        ]
      }
    },
    {
      "type": "Feature",
      "properties": {
        "id": "7EOARR1YMXQR7YC28236IWN0P",
        "gridName": "MainGrid"
      },
      "geometry": {
        "type": "Polygon",
        "coordinates": [
          [
            [
              167248.38,
              -31243.51
            ],
            [
              207582.67,
              -31243.51
            ],
            [
              207582.67,
              870.8878
            ],
            [
              167248.38,
              870.8878
            ],
            [
              167248.38,
              -31243.51
            ]
          ]
        ]
      }
    },
    {
      "type": "Feature",
      "properties": {
        "id": "7F53XOFF150LDFCF7BXYD88X8",
        "gridName": "MainGrid"
      },
      "geometry": {
        "type": "Polygon",
        "coordinates": [
          [
            [
              -201599.0,
              1.0
            ],
            [
              -176152.31,
              1.0
            ],
            [
              -176152.31,
              32494.85
            ],
            [
              -201599.0,
              32494.85
            ],
            [
              -201599.0,
              1.0
            ]
          ]
        ]
      }
    },
    {
      "type": "Feature",
      "properties": {
        "id": "7F7HYNHNGAE9JH2N1SUGKAT5Z",
        "gridName": "MainGrid"
      },
      "geometry": {
        "type": "Polygon",
        "coordinates": [
          [
            [
              297782.8,
              146582.2
            ],
            [
              332885.53,
              146582.2
            ],
            [
              332885.53,
              181614.55
            ],
            [
              297782.8,
              181614.55
            ],
            [
              297782.8,
              146582.2
            ]
          ]
        ]
      }
    },
    {
      "type": "Feature",
      "properties": {
        "id": "7F81ZDMPGDYONUQ6JMAV35U29",
        "gridName": "MainGrid"
      },
      "geometry": {
        "type": "Polygon",
        "coordinates": [
          [
            [
              -201363.56,
              515921.47
            ],
            [
              -119274.96,
              515921.47
            ],
            [
              -119274.96,
              590485.3
            ],
            [
              -201363.56,
              590485.3
            ],
            [
              -201363.56,
              515921.47
            ]
          ]
        ]
      }
    },
    {
      "type": "Feature",
      "properties": {
        "id": "7FBKEF87X4V4MA74QNG8342U2",
        "gridName": "HLOD0_256m_4095m"
      },
      "geometry": {
        "type": "Polygon",
        "coordinates": [
          [
            [
              75600.0,
              201600.0
            ],
            [
              100800.0,
              201600.0
            ],
            [
              100800.0,
              226800.0
            ],
            [
              75600.0,
              226800.0
            ],
            [
              75600.0,
              201600.0
            ]
          ]
        ]
      }
    },
    {
      "type": "Feature",
      "properties": {
        "id": "7FWISWTUS2650DDWXOZ13WJ2N",
        "gridName": "MainGrid"
      },
      "geometry": {
        "type": "Polygon",
        "coordinates": [
          [
            [
              115640.0,
              19260.0
            ],
            [
              145640.0,
              19260.0
            ],
            [
              145640.0,
              49260.0
            ],
            [
              115640.0,
              49260.0
            ],
            [
              115640.0,
              19260.0
            ]
          ]
        ]
      }
    },
    {
      "type": "Feature",
      "properties": {
        "id": "7GRX0K6N254TOXTD5I6IAL56X",
        "gridName": "MainGrid"
      },
      "geometry": {
        "type": "Polygon",
        "coordinates": [
          [
            [
              22640.557,
              -75599.0
            ],
            [
              52664.375,
              -75599.0
            ],
            [
              52664.375,
              -47710.95
            ],
            [
              22640.557,
              -47710.95
            ],
            [
              22640.557,
              -75599.0
            ]
          ]
        ]
      }
    },
    {
      "type": "Feature",
      "properties": {
        "id": "7H92DG7C87D1YUPW8RSV637V7",
        "gridName": "MainGrid"
      },
      "geometry": {
        "type": "Polygon",
        "coordinates": [
          [
            [
              -730799.0,
              -226799.0
            ],
            [
              -705601.0,
              -226799.0
            ],
            [
              -705601.0,
              -201601.0
            ],
            [
              -730799.0,
              -201601.0
            ],
            [
              -730799.0,
              -226799.0
            ]
          ]
        ]
      }
    },
    {
      "type": "Feature",
      "properties": {
        "id": "7HFZQX4NHQ0JCGSGY212UX6HF",
        "gridName": "MainGrid"
      },
      "geometry": {
        "type": "Polygon",
        "coordinates": [
          [
            [
              70047.266,
              -35536.883
            ],
            [
              108155.13,
              -35536.883
            ],
            [
              108155.13,
              2577.4788
            ],
            [
              70047.266,
              2577.4788
            ],
            [
              70047.266,
              -35536.883
            ]
          ]
        ]
      }
    },
    {
      "type": "Feature",
      "properties": {
        "id": "7I36ZU65V333DO30SZVKZL57K",
        "gridName": "VisualGrid"
      },
      "geometry": {
        "type": "Polygon",
        "coordinates": [
          [
            [
              61208.758,
              183783.92
            ],
            [
              66761.2,
              183783.92
            ],
            [
              66761.2,
              188364.69
            ],
            [
              61208.758,
              188364.69
            ],
            [
              61208.758,
              183783.92
            ]
          ]
        ]
      }
    },
    {
      "type": "Feature",
      "properties": {
        "id": "7IP8OF14XQCNA6RNT1CB8UNWH",
        "gridName": "MainGrid"
      },
      "geometry": {
        "type": "Polygon",
        "coordinates": [
          [
            [
              -856799.0,
              730801.0
            ],
            [
              -831601.0,
              730801.0
            ],
            [
              -831601.0,
              755999.0
            ],
            [
              -856799.0,
              755999.0
            ],
            [
              -856799.0,
              730801.0
            ]
          ]
        ]
      }
    },
    {
      "type": "Feature",
      "properties": {
        "id": "7ISX5EE86GNQRH1P5MCZD6VCN",
        "gridName": "MainGrid"
      },
      "geometry": {
        "type": "Polygon",
        "coordinates": [
          [
            [
              415800.0,
              239400.0
            ],
            [
              415800.0,
              239400.0
            ],
            [
              415800.0,
              239400.0
            ],
            [
              415800.0,
              239400.0
            ],
            [
              415800.0,
              239400.0
            ]
          ]
        ]
      }
    },
    {
      "type": "Feature",
      "properties": {
        "id": "7JEDEDOZ4FBAM8W7QKL4Y9A1K",
        "gridName": "MainGrid"
      },
      "geometry": {
        "type": "Polygon",
        "coordinates": [
          [
            [
              18004.486,
              67532.64
            ],
            [
              53160.6,
              67532.64
            ],
            [
              53160.6,
              108543.44
            ],
            [
              18004.486,
              108543.44
            ],
            [
              18004.486,
              67532.64
            ]
          ]
        ]
      }
    },
    {
      "type": "Feature",
      "properties": {
        "id": "7JMU10RBHE3GDHPS9WC0APS9A",
        "gridName": "MainGrid"
      },
      "geometry": {
        "type": "Polygon",
        "coordinates": [
          [
            [
              20283.367,
              94613.02
            ],
            [
              52327.52,
              94613.02
            ],
            [
              52327.52,
              128356.8
            ],
            [
              20283.367,
              128356.8
            ],
            [
              20283.367,
              94613.02
            ]
          ]
        ]
      }
    },
    {
      "type": "Feature",
      "properties": {
        "id": "7K9B44PWB2OOQVID0L1LYTWUM",
        "gridName": "HLOD0_256m_4095m"
      },
      "geometry": {
        "type": "Polygon",
        "coordinates": [
          [
            [
              -478800.0,
              -352800.0
            ],
            [
              -453600.0,
              -352800.0
            ],
            [
              -453600.0,
              -327600.0
            ],
            [
              -478800.0,
              -327600.0
            ],
            [
              -478800.0,
              -352800.0
            ]
          ]
        ]
      }
    },
    {
      "type": "Feature",
      "properties": {
        "id": "7KDOGWDXGDN4XN5ZEAZPZJC04",
        "gridName": "HLOD0_256m_4095m"
      },
      "geometry": {
        "type": "Polygon",
        "coordinates": [
          [
            [
              327600.0,
              201600.0
            ],
            [
              352800.0,
              201600.0
            ],
            [
              352800.0,
              226800.0
            ],
            [
              327600.0,
              226800.0
            ],
            [
              327600.0,
              201600.0
            ]
          ]
        ]
      }
    },
    {
      "type": "Feature",
      "properties": {
        "id": "7KFWNE8EN30UYZW5Y7ZCR4PNR",
        "gridName": "MainGrid"
      },
      "geometry": {
        "type": "Polygon",
        "coordinates": [
          [
            [
              -554399.0,
              126001.0
            ],
            [
              -529201.0,
              126001.0
            ],
            [
              -529201.0,
              151199.0
            ],
            [
              -554399.0,
              151199.0
            ],
            [
              -554399.0,
              126001.0
            ]
          ]
        ]
      }
    },
    {
      "type": "Feature",
      "properties": {
        "id": "7KOE4IJ93PKH0WKU6DDT3LSXO",
        "gridName": "MainGrid"
      },
      "geometry": {
        "type": "Polygon",
        "coordinates": [
          [
            [
              151201.0,
              428401.0
            ],
            [
              176399.0,
              428401.0
            ],
            [
              176399.0,
              453599.0
            ],
            [
              151201.0,
              453599.0
            ],
            [
              151201.0,
              428401.0
            ]
          ]
        ]
      }
    },
    {
      "type": "Feature",
      "properties": {
        "id": "7KZE6KZ71LKKB2SZQSIGWC1JR",
        "gridName": "MainGrid"
      },
      "geometry": {
        "type": "Polygon",
        "coordinates": [
          [
            [
              -2144.2417,
              200725.44
            ],
            [
              25441.297,
              200725.44
            ],
            [
              25441.297,
              229401.72
            ],
            [
              -2144.2417,
              229401.72
            ],
            [
              -2144.2417,
              200725.44
            ]
          ]
        ]
      }
    },
    {
      "type": "Feature",
      "properties": {
        "id": "7LLP9F20DYYD5ZES8BT9IV4GB",
        "gridName": "MainGrid"
      },
      "geometry": {
        "type": "Polygon",
        "coordinates": [
          [
            [
              -478799.0,
              -201599.0
            ],
            [
              -453601.0,
              -201599.0
            ],
            [
              -453601.0,
              -176401.0
            ],
            [
              -478799.0,
              -176401.0
            ],
            [
              -478799.0,
              -201599.0
            ]
          ]
        ]
      }
    },
    {
      "type": "Feature",
      "properties": {
        "id": "7LWU5JUZFIQDZIR56J57OL2IK",
        "gridName": "MainGrid"
      },
      "geometry": {
        "type": "Polygon",
        "coordinates": [
          [
            [
              247580.75,
              -56099.0
            ],
            [
              277199.0,
              -56099.0
            ],
            [
              277199.0,
              -25201.0
            ],
            [
              247580.75,
              -25201.0
            ],
            [
              247580.75,
              -56099.0
            ]
          ]
        ]
      }
    },
    {
      "type": "Feature",
      "properties": {
        "id": "7M6PISZTWTBKH4M02O309CS19",
        "gridName": "MainGrid"
      },
      "geometry": {
        "type": "Polygon",
        "coordinates": [
          [
            [
              -655199.0,
              -125999.0
            ],
            [
              -630001.0,
              -125999.0
            ],
            [
              -630001.0,
              -100801.0
            ],
            [
              -655199.0,
              -100801.0
            ],
            [
              -655199.0,
              -125999.0
            ]
          ]
        ]
      }
    },
    {
      "type": "Feature",
      "properties": {
        "id": "7MARRP45SDMPK5IWYGNH15NNQ",
        "gridName": "MainGrid"
      },
      "geometry": {
        "type": "Polygon",
        "coordinates": [
          [
            [
              176011.1,
              168858.02
            ],
            [
              208247.61,
              168858.02
            ],
            [
              208247.61,
              213969.98
            ],
            [
              176011.1,
              213969.98
            ],
            [
              176011.1,
              168858.02
            ]
          ]
        ]
      }
    },
    {
      "type": "Feature",
      "properties": {
        "id": "7MSADZN6BT77UVXLFB34DHX82",
        "gridName": "HLOD0_256m_4095m"
      },
      "geometry": {
        "type": "Polygon",
        "coordinates": [
          [
            [
              -781200.0,
              756000.0
            ],
            [
              -756000.0,
              756000.0
            ],
            [
              -756000.0,
              781200.0
            ],
            [
              -781200.0,
              781200.0
            ],
            [
              -781200.0,
              756000.0
            ]
          ]
        ]
      }
    },
    {
      "type": "Feature",
      "properties": {
        "id": "7MYG50EGS9YEZDSFM703VVVOW",
        "gridName": "MainGrid"
      },
      "geometry": {
        "type": "Polygon",
        "coordinates": [
          [
            [
              -629999.0,
              -352799.0
            ],
            [
              -604801.0,
              -352799.0
            ],
            [
              -604801.0,
              -327601.0
            ],
            [
              -629999.0,
              -327601.0
            ],
            [
              -629999.0,
              -352799.0
            ]
          ]
        ]
      }
    },
    {
      "type": "Feature",
      "properties": {
        "id": "7MZHS1SZBE8SDNTPQKQCAOCV8",
        "gridName": "MainGrid"
      },
      "geometry": {
        "type": "Polygon",
        "coordinates": [
          [
            [
              -180295.33,
              167915.2
            ],
            [
              -151201.0,
              167915.2
            ],
            [
              -151201.0,
              201599.0
            ],
            [
              -180295.33,
              201599.0
            ],
            [
              -180295.33,
              167915.2
            ]
          ]
        ]
      }
    },
    {
      "type": "Feature",
      "properties": {
        "id": "7NFMWO3H75SQ872N7JJTT0NHR",
        "gridName": "MainGrid"
      },
      "geometry": {
        "type": "Polygon",
        "coordinates": [
          [
            [
              70964.49,
              71169.12
            ],
            [
              108516.45,
              71169.12
            ],
            [
              108516.45,
              108250.25
            ],
            [
              70964.49,
              108250.25
            ],
            [
              70964.49,
              71169.12
            ]
          ]
        ]
      }
    },
    {
      "type": "Feature",
      "properties": {
        "id": "7NZ2V0MLW2HTU65O98UK71EOU",
        "gridName": "MainGrid"
      },
      "geometry": {
        "type": "Polygon",
        "coordinates": [
          [
            [
              -554399.0,
              -151199.0
            ],
            [
              -529201.0,
              -151199.0
            ],
            [
              -529201.0,
              -126001.0
            ],
            [
              -554399.0,
              -126001.0
            ],
            [
              -554399.0,
              -151199.0
            ]
          ]
        ]
      }
    },
    {
      "type": "Feature",
      "properties": {
        "id": "7PCN9ZYW62MTFEGFBBJC3076T",
        "gridName": "MainGrid"
      },
      "geometry": {
        "type": "Polygon",
        "coordinates": [
          [
            [
              4292.8594,
              40838.133
            ],
            [
              201489.23,
              40838.133
            ],
            [
              201489.23,
              197755.67
            ],
            [
              4292.8594,
              197755.67
            ],
            [
              4292.8594,
              40838.133
            ]
          ]
        ]
      }
    },
    {
      "type": "Feature",
      "properties": {
        "id": "7PKDRESHFJ3LGU72E0ZCYGVVZ",
        "gridName": "HLOD0_256m_4095m"
      },
      "geometry": {
        "type": "Polygon",
        "coordinates": [
          [
            [
              277200.0,
              201600.0
            ],
            [
              302400.0,
              201600.0
            ],
            [
              302400.0,
              226800.0
            ],
            [
              277200.0,
              226800.0
            ],
            [
              277200.0,
              201600.0
            ]
          ]
        ]
      }
    },
    {
      "type": "Feature",
      "properties": {
        "id": "7PMGHRZX0FW4EZFQDLAEA5GFR",
        "gridName": "HLOD0_256m_4095m"
      },
      "geometry": {
        "type": "Polygon",
        "coordinates": [
          [
            [
              100800.0,
              -25200.0
            ],
            [
              126000.0,
              -25200.0
            ],
            [
              126000.0,
              0.0
            ],
            [
              100800.0,
              0.0
            ],
            [
              100800.0,
              -25200.0
            ]
          ]
        ]
      }
    },
    {
      "type": "Feature",
      "properties": {
        "id": "7Q7V1K96L845OIDS9R6HRV39G",
        "gridName": "HLOD0_256m_4095m"
      },
      "geometry": {
        "type": "Polygon",
        "coordinates": [
          [
            [
              176400.0,
              -100800.0
            ],
            [
              201600.0,
              -100800.0
            ],
            [
              201600.0,
              -75600.0
            ],
            [
              176400.0,
              -75600.0
            ],
            [
              176400.0,
              -100800.0
            ]
          ]
        ]
      }
    },
    {
      "type": "Feature",
      "properties": {
        "id": "7QDCQM67K812Z5FK4HTEYHZFB",
        "gridName": "MainGrid"
      },
      "geometry": {
        "type": "Polygon",
        "coordinates": [
          [
            [
              189000.0,
              -113400.0
            ],
            [
              189000.0,
              -113400.0
            ],
            [
              189000.0,
              -113400.0
            ],
            [
              189000.0,
              -113400.0
            ],
            [
              189000.0,
              -113400.0
            ]
          ]
        ]
      }
    },
    {
      "type": "Feature",
      "properties": {
        "id": "7QJQWN5NK758NYIMHRZGZ87M1",
        "gridName": "MainGrid"
      },
      "geometry": {
        "type": "Polygon",
        "coordinates": [
          [
            [
              226801.0,
              428401.0
            ],
            [
              251999.0,
              428401.0
            ],
            [
              251999.0,
              453599.0
            ],
            [
              226801.0,
              453599.0
            ],
            [
              226801.0,
              428401.0
            ]
          ]
        ]
      }
    },
    {
      "type": "Feature",
      "properties": {
        "id": "7QM2Z47NBVOB117TVNMI8IRZH",
        "gridName": "MainGrid"
      },
      "geometry": {
        "type": "Polygon",
        "coordinates": [
          [
            [
              151400.0,
              271300.0
            ],
            [
              176800.0,
              271300.0
            ],
            [
              176800.0,
              296700.0
            ],
            [
              151400.0,
              296700.0
            ],
            [
              151400.0,
              271300.0
            ]
          ]
        ]
      }
    },
    {
      "type": "Feature",
      "properties": {
        "id": "7QTOFKZP6KHU3TABKI2PEP5IK",
        "gridName": "MainGrid"
      },
      "geometry": {
        "type": "Polygon",
        "coordinates": [
          [
            [
              294932.53,
              535135.75
            ],
            [
              324152.53,
              535135.75
            ],
            [
              324152.53,
              554615.75
            ],
            [
              294932.53,
              554615.75
            ],
            [
              294932.53,
              535135.75
            ]
          ]
        ]
      }
    },
    {
      "type": "Feature",
      "properties": {
        "id": "7RW4PNCKYJ6JRQ9ZONEFR46YD",
        "gridName": "MainGrid"
      },
      "geometry": {
        "type": "Polygon",
        "coordinates": [
          [
            [
              -2908151.2,
              -2556572.8
            ],
            [
              2333041.8,
              -2556572.8
            ],
            [
              2333041.8,
              2765713.5
            ],
            [
              -2908151.2,
              2765713.5
            ],
            [
              -2908151.2,
              -2556572.8
            ]
          ]
        ]
      }
    },
    {
      "type": "Feature",
      "properties": {
        "id": "7SN3IF8J89HOIEGH9RZYPOQ0P",
        "gridName": "MainGrid"
      },
      "geometry": {
        "type": "Polygon",
        "coordinates": [
          [
            [
              117815.77,
              65531.74
            ],
            [
              152131.62,
              65531.74
            ],
            [
              152131.62,
              108310.0
            ],
            [
              117815.77,
              108310.0
            ],
            [
              117815.77,
              65531.74
            ]
          ]
        ]
      }
    },
    {
      "type": "Feature",
      "properties": {
        "id": "7SPZBW5D2NNS8K1LLK381J0DG",
        "gridName": "MainGrid"
      },
      "geometry": {
        "type": "Polygon",
        "coordinates": [
          [
            [
              373449.6,
              23331.703
            ],
            [
              403199.0,
              23331.703
            ],
            [
              403199.0,
              82766.92
            ],
            [
              373449.6,
              82766.92
            ],
            [
              373449.6,
              23331.703
            ]
          ]
        ]
      }
    },
    {
      "type": "Feature",
      "properties": {
        "id": "7SU3U4P6UXF9ETDDZN0OJRX60",
        "gridName": "HLOD0_256m_4095m"
      },
      "geometry": {
        "type": "Polygon",
        "coordinates": [
          [
            [
              327600.0,
              176400.0
            ],
            [
              352800.0,
              176400.0
            ],
            [
              352800.0,
              201600.0
            ],
            [
              327600.0,
              201600.0
            ],
            [
              327600.0,
              176400.0
            ]
          ]
        ]
      }
    },
    {
      "type": "Feature",
      "properties": {
        "id": "7T0FWZNLZQTILEJ797Q329S7U",
        "gridName": "MainGrid"
      },
      "geometry": {
        "type": "Polygon",
        "coordinates": [
          [
            [
              277201.0,
              428401.0
            ],
            [
              302399.0,
              428401.0
            ],
            [
              302399.0,
              453599.0
            ],
            [
              277201.0,
              453599.0
            ],
            [
              277201.0,
              428401.0
            ]
          ]
        ]
      }
    },
    {
      "type": "Feature",
      "properties": {
        "id": "7UECAP55M15NP96WFGQZT3DIM",
        "gridName": "MainGrid"
      },
      "geometry": {
        "type": "Polygon",
        "coordinates": [
          [
            [
              -31517.24,
              196053.25
            ],
            [
              1618.8126,
              196053.25
            ],
            [
              1618.8126,
              230613.81
            ],
            [
              -31517.24,
              230613.81
            ],
            [
              -31517.24,
              196053.25
            ]
          ]
        ]
      }
    },
    {
      "type": "Feature",
      "properties": {
        "id": "7UF8W5Z3A72TUQG06HJ774YDY",
        "gridName": "MainGrid"
      },
      "geometry": {
        "type": "Polygon",
        "coordinates": [
          [
            [
              -561868.44,
              -232153.06
            ],
            [
              -529201.0,
              -232153.06
            ],
            [
              -529201.0,
              -195411.05
            ],
            [
              -561868.44,
              -195411.05
            ],
            [
              -561868.44,
              -232153.06
            ]
          ]
        ]
      }
    },
    {
      "type": "Feature",
      "properties": {
        "id": "7UFQKOQ2A9XXG9ZGP0H5Y6LME",
        "gridName": "MainGrid"
      },
      "geometry": {
        "type": "Polygon",
        "coordinates": [
          [
            [
              252001.0,
              453601.0
            ],
            [
              277199.0,
              453601.0
            ],
            [
              277199.0,
              478799.0
            ],
            [
              252001.0,
              478799.0
            ],
            [
              252001.0,
              453601.0
            ]
          ]
        ]
      }
    },
    {
      "type": "Feature",
      "properties": {
        "id": "7UFW9WP0A7VP4Z1NMFF83UZW2",
        "gridName": "MainGrid"
      },
      "geometry": {
        "type": "Polygon",
        "coordinates": [
          [
            [
              23493.553,
              25201.0
            ],
            [
              51247.945,
              25201.0
            ],
            [
              51247.945,
              53315.844
            ],
            [
              23493.553,
              53315.844
            ],
            [
              23493.553,
              25201.0
            ]
          ]
        ]
      }
    },
    {
      "type": "Feature",
      "properties": {
        "id": "7UHUIOK3J7CI4CDHGOP34GE1E",
        "gridName": "MainGrid"
      },
      "geometry": {
        "type": "Polygon",
        "coordinates": [
          [
            [
              106039.984,
              -91215.58
            ],
            [
              199873.88,
              -91215.58
            ],
            [
              199873.88,
              -993.2156
            ],
            [
              106039.984,
              -993.2156
            ],
            [
              106039.984,
              -91215.58
            ]
          ]
        ]
      }
    },
    {
      "type": "Feature",
      "properties": {
        "id": "7UNPJQFKHCJLMKLRRT2K5XHIW",
        "gridName": "MainGrid"
      },
      "geometry": {
        "type": "Polygon",
        "coordinates": [
          [
            [
              195806.88,
              118639.93
            ],
            [
              228305.58,
              118639.93
            ],
            [
              228305.58,
              151656.86
            ],
            [
              195806.88,
              151656.86
            ],
            [
              195806.88,
              118639.93
            ]
          ]
        ]
      }
    },
    {
      "type": "Feature",
      "properties": {
        "id": "7UP1QMSO8MJYPWHH62UEDGUCA",
        "gridName": "MainGrid"
      },
      "geometry": {
        "type": "Polygon",
        "coordinates": [
          [
            [
              195981.39,
              45010.246
            ],
            [
              232731.36,
              45010.246
            ],
            [
              232731.36,
              81815.64
            ],
            [
              195981.39,
              81815.64
            ],
            [
              195981.39,
              45010.246
            ]
          ]
        ]
      }
    },
    {
      "type": "Feature",
      "properties": {
        "id": "7UUKAKX9T6M8Z96KC3JOEJ9F6",
        "gridName": "MainGrid"
      },
      "geometry": {
        "type": "Polygon",
        "coordinates": [
          [
            [
              -495579.12,
              -352799.0
            ],
            [
              -435579.12,
              -352799.0
            ],
            [
              -435579.12,
              -325362.06
            ],
            [
              -495579.12,
              -325362.06
            ],
            [
              -495579.12,
              -352799.0
            ]
          ]
        ]
      }
    },
    {
      "type": "Feature",
      "properties": {
        "id": "7V7EWZXA1RDV7IUMFFLB976NE",
        "gridName": "MainGrid"
      },
      "geometry": {
        "type": "Polygon",
        "coordinates": [
          [
            [
              149732.92,
              95219.24
            ],
            [
              179335.11,
              95219.24
            ],
            [
              179335.11,
              132882.58
            ],
            [
              149732.92,
              132882.58
            ],
            [
              149732.92,
              95219.24
            ]
          ]
        ]
      }
    },
    {
      "type": "Feature",
      "properties": {
        "id": "7VLFN9ZL8LFILPNZL17COKB7V",
        "gridName": "MainGrid"
      },
      "geometry": {
        "type": "Polygon",
        "coordinates": [
          [
            [
              93848.96,
              71235.43
            ],
            [
              132468.44,
              71235.43
            ],
            [
              132468.44,
              107472.59
            ],
            [
              93848.96,
              107472.59
            ],
            [
              93848.96,
              71235.43
            ]
          ]
        ]
      }
    },
    {
      "type": "Feature",
      "properties": {
        "id": "7W8WQNR01VRDQFHFDUKXSNATL",
        "gridName": "MainGrid"
      },
      "geometry": {
        "type": "Polygon",
        "coordinates": [
          [
            [
              -705599.0,
              -201599.0
            ],
            [
              -680401.0,
              -201599.0
            ],
            [
              -680401.0,
              -176401.0
            ],
            [
              -705599.0,
              -176401.0
            ],
            [
              -705599.0,
              -201599.0
            ]
          ]
        ]
      }
    },
    {
      "type": "Feature",
      "properties": {
        "id": "7WUGC6G0O3ABPQT55KFY60EXX",
        "gridName": "MainGrid"
      },
      "geometry": {
        "type": "Polygon",
        "coordinates": [
          [
            [
              -125999.0,
              126001.0
            ],
            [
              -100801.0,
              126001.0
            ],
            [
              -100801.0,
              151199.0
            ],
            [
              -125999.0,
              151199.0
            ],
            [
              -125999.0,
              126001.0
            ]
          ]
        ]
      }
    },
    {
      "type": "Feature",
      "properties": {
        "id": "7X23Q6USO4IRPT7LTXOVEG4Z1",
        "gridName": "MainGrid"
      },
      "geometry": {
        "type": "Polygon",
        "coordinates": [
          [
            [
              105313.96,
              18007.885
            ],
            [
              154066.05,
              18007.885
            ],
            [
              154066.05,
              98573.68
            ],
            [
              105313.96,
              98573.68
            ],
            [
              105313.96,
              18007.885
            ]
          ]
        ]
      }
    },
    {
      "type": "Feature",
      "properties": {
        "id": "7X7LM7NJ1HF27E5EYXGE3GQL6",
        "gridName": "MainGrid"
      },
      "geometry": {
        "type": "Polygon",
        "coordinates": [
          [
            [
              296360.62,
              42305.965
            ],
            [
              331883.3,
              42305.965
            ],
            [
              331883.3,
              78066.375
            ],
            [
              296360.62,
              78066.375
            ],
            [
              296360.62,
              42305.965
            ]
          ]
        ]
      }
    },
    {
      "type": "Feature",
      "properties": {
        "id": "7XN1MSIPVIQ06J1ORU0HOOKXU",
        "gridName": "MainGrid"
      },
      "geometry": {
        "type": "Polygon",
        "coordinates": [
          [
            [
              202200.0,
              271300.0
            ],
            [
              227600.0,
              271300.0
            ],
            [
              227600.0,
              296700.0
            ],
            [
              202200.0,
              296700.0
            ],
            [
              202200.0,
              271300.0
            ]
          ]
        ]
      }
    },
    {
      "type": "Feature",
      "properties": {
        "id": "7XOAZYHXSTFEMGBB9QFS98EWG",
        "gridName": "MainGrid"
      },
      "geometry": {
        "type": "Polygon",
        "coordinates": [
          [
            [
              262347.0,
              547222.0
            ],
            [
              278247.0,
              547222.0
            ],
            [
              278247.0,
              563122.0
            ],
            [
              262347.0,
              563122.0
            ],
            [
              262347.0,
              547222.0
            ]
          ]
        ]
      }
    },
    {
      "type": "Feature",
      "properties": {
        "id": "7XUJ6T0QVA0SL443X9MPTN5MX",
        "gridName": "MainGrid"
      },
      "geometry": {
        "type": "Polygon",
        "coordinates": [
          [
            [
              252001.0,
              428401.0
            ],
            [
              277199.0,
              428401.0
            ],
            [
              277199.0,
              453599.0
            ],
            [
              252001.0,
              453599.0
            ],
            [
              252001.0,
              428401.0
            ]
          ]
        ]
      }
    },
    {
      "type": "Feature",
      "properties": {
        "id": "7XZQ90EWFGGKO7O08ZT27W7PU",
        "gridName": "HLOD0_256m_4095m"
      },
      "geometry": {
        "type": "Polygon",
        "coordinates": [
          [
            [
              100800.0,
              100800.0
            ],
            [
              126000.0,
              100800.0
            ],
            [
              126000.0,
              126000.0
            ],
            [
              100800.0,
              126000.0
            ],
            [
              100800.0,
              100800.0
            ]
          ]
        ]
      }
    },
    {
      "type": "Feature",
      "properties": {
        "id": "7YS3GFT0JWIFDXKPBKGHGDDD1",
        "gridName": "HLOD0_256m_4095m"
      },
      "geometry": {
        "type": "Polygon",
        "coordinates": [
          [
            [
              50400.0,
              126000.0
            ],
            [
              75600.0,
              126000.0
            ],
            [
              75600.0,
              151200.0
            ],
            [
              50400.0,
              151200.0
            ],
            [
              50400.0,
              126000.0
            ]
          ]
        ]
      }
    },
    {
      "type": "Feature",
      "properties": {
        "id": "7Z8YB2KETGKIFFLD2RZO48H3W",
        "gridName": "MainGrid"
      },
      "geometry": {
        "type": "Polygon",
        "coordinates": [
          [
            [
              -554399.0,
              -327599.0
            ],
            [
              -529201.0,
              -327599.0
            ],
            [
              -529201.0,
              -302401.0
            ],
            [
              -554399.0,
              -302401.0
            ],
            [
              -554399.0,
              -327599.0
            ]
          ]
        ]
      }
    },
    {
      "type": "Feature",
      "properties": {
        "id": "7Z9MZESXIIIJ8DEAV2OIZGXK4",
        "gridName": "HLOD0_256m_4095m"
      },
      "geometry": {
        "type": "Polygon",
        "coordinates": [
          [
            [
              -756000.0,
              756000.0
            ],
            [
              -730800.0,
              756000.0
            ],
            [
              -730800.0,
              781200.0
            ],
            [
              -756000.0,
              781200.0
            ],
            [
              -756000.0,
              756000.0
            ]
          ]
        ]
      }
    },
    {
      "type": "Feature",
      "properties": {
        "id": "7ZKSPXEESBGR7WYS19P54SE17",
        "gridName": "MainGrid"
      },
      "geometry": {
        "type": "Polygon",
        "coordinates": [
          [
            [
              276949.44,
              100240.65
            ],
            [
              303123.47,
              100240.65
            ],
            [
              303123.47,
              126368.3
            ],
            [
              276949.44,
              126368.3
            ],
            [
              276949.44,
              100240.65
            ]
          ]
        ]
      }
    },
    {
      "type": "Feature",
      "properties": {
        "id": "7ZO9TTEEZX949CYYAFVLPOJ1W",
        "gridName": "HLOD0_256m_4095m"
      },
      "geometry": {
        "type": "Polygon",
        "coordinates": [
          [
            [
              50400.0,
              -100800.0
            ],
            [
              75600.0,
              -100800.0
            ],
            [
              75600.0,
              -75600.0
            ],
            [
              50400.0,
              -75600.0
            ],
            [
              50400.0,
              -100800.0
            ]
          ]
        ]
      }
    },
    {
      "type": "Feature",
      "properties": {
        "id": "80PP2JA83XDV4P7B4LCIII0BW",
        "gridName": "MainGrid"
      },
      "geometry": {
        "type": "Polygon",
        "coordinates": [
          [
            [
              376348.28,
              144740.89
            ],
            [
              403199.0,
              144740.89
            ],
            [
              403199.0,
              188948.84
            ],
            [
              376348.28,
              188948.84
            ],
            [
              376348.28,
              144740.89
            ]
          ]
        ]
      }
    },
    {
      "type": "Feature",
      "properties": {
        "id": "8134HT6ZUP8L2T8KT42PEVM6C",
        "gridName": "MainGrid"
      },
      "geometry": {
        "type": "Polygon",
        "coordinates": [
          [
            [
              402353.78,
              329986.56
            ],
            [
              439055.8,
              329986.56
            ],
            [
              439055.8,
              569986.56
            ],
            [
              402353.78,
              569986.56
            ],
            [
              402353.78,
              329986.56
            ]
          ]
        ]
      }
    },
    {
      "type": "Feature",
      "properties": {
        "id": "81GZUQRN4E6M2BRHVI4ZYH8N1",
        "gridName": "MainGrid"
      },
      "geometry": {
        "type": "Polygon",
        "coordinates": [
          [
            [
              -579599.0,
              -352799.0
            ],
            [
              -554401.0,
              -352799.0
            ],
            [
              -554401.0,
              -327601.0
            ],
            [
              -579599.0,
              -327601.0
            ],
            [
              -579599.0,
              -352799.0
            ]
          ]
        ]
      }
    },
    {
      "type": "Feature",
      "properties": {
        "id": "81JSDLYD3YII1092JJOC8H0JP",
        "gridName": "HLOD0_256m_4095m"
      },
      "geometry": {
        "type": "Polygon",
        "coordinates": [
          [
            [
              -806400.0,
              705600.0
            ],
            [
              -756000.0,
              705600.0
            ],
            [
              -756000.0,
              756000.0
            ],
            [
              -806400.0,
              756000.0
            ],
            [
              -806400.0,
              705600.0
            ]
          ]
        ]
      }
    },
    {
      "type": "Feature",
      "properties": {
        "id": "825P3V4H2H7TRC9VN0DVNZHJU",
        "gridName": "HLOD0_256m_4095m"
      },
      "geometry": {
        "type": "Polygon",
        "coordinates": [
          [
            [
              25200.0,
              226800.0
            ],
            [
              50400.0,
              226800.0
            ],
            [
              50400.0,
              252000.0
            ],
            [
              25200.0,
              252000.0
            ],
            [
              25200.0,
              226800.0
            ]
          ]
        ]
      }
    },
    {
      "type": "Feature",
      "properties": {
        "id": "82IKGPKLEGHYZPTV5EB5FDQD9",
        "gridName": "MainGrid"
      },
      "geometry": {
        "type": "Polygon",
        "coordinates": [
          [
            [
              -755999.0,
              -151199.0
            ],
            [
              -730801.0,
              -151199.0
            ],
            [
              -730801.0,
              -126001.0
            ],
            [
              -755999.0,
              -126001.0
            ],
            [
              -755999.0,
              -151199.0
            ]
          ]
        ]
      }
    },
    {
      "type": "Feature",
      "properties": {
        "id": "83KRRAT4CYJMUD7DG0BPH5XI3",
        "gridName": "MainGrid"
      },
      "geometry": {
        "type": "Polygon",
        "coordinates": [
          [
            [
              126001.0,
              252001.0
            ],
            [
              151199.0,
              252001.0
            ],
            [
              151199.0,
              277199.0
            ],
            [
              126001.0,
              277199.0
            ],
            [
              126001.0,
              252001.0
            ]
          ]
        ]
      }
    },
    {
      "type": "Feature",
      "properties": {
        "id": "84L1647SOCPQZ01H5482R3WY3",
        "gridName": "MainGrid"
      },
      "geometry": {
        "type": "Polygon",
        "coordinates": [
          [
            [
              75601.0,
              418330.4
            ],
            [
              111393.14,
              418330.4
            ],
            [
              111393.14,
              453599.0
            ],
            [
              75601.0,
              453599.0
            ],
            [
              75601.0,
              418330.4
            ]
          ]
        ]
      }
    },
    {
      "type": "Feature",
      "properties": {
        "id": "84LO51LHFX4EL1IUIQ7GMGG4O",
        "gridName": "MainGrid"
      },
      "geometry": {
        "type": "Polygon",
        "coordinates": [
          [
            [
              -604799.0,
              -201599.0
            ],
            [
              -579601.0,
              -201599.0
            ],
            [
              -579601.0,
              -176401.0
            ],
            [
              -604799.0,
              -176401.0
            ],
            [
              -604799.0,
              -201599.0
            ]
          ]
        ]
      }
    },
    {
      "type": "Feature",
      "properties": {
        "id": "853OREK6YB94FBY8YQ23PL85F",
        "gridName": "MainGrid"
      },
      "geometry": {
        "type": "Polygon",
        "coordinates": [
          [
            [
              -629999.0,
              -125999.0
            ],
            [
              -604801.0,
              -125999.0
            ],
            [
              -604801.0,
              -100801.0
            ],
            [
              -629999.0,
              -100801.0
            ],
            [
              -629999.0,
              -125999.0
            ]
          ]
        ]
      }
    },
    {
      "type": "Feature",
      "properties": {
        "id": "85FHGM6NGVIISOD8RVFY8V45I",
        "gridName": "MainGrid"
      },
      "geometry": {
        "type": "Polygon",
        "coordinates": [
          [
            [
              374851.97,
              25201.0
            ],
            [
              403199.0,
              25201.0
            ],
            [
              403199.0,
              58120.37
            ],
            [
              374851.97,
              58120.37
            ],
            [
              374851.97,
              25201.0
            ]
          ]
        ]
      }
    },
    {
      "type": "Feature",
      "properties": {
        "id": "86AP4F15E6O48QR6LQFD9ZWEH",
        "gridName": "MainGrid"
      },
      "geometry": {
        "type": "Polygon",
        "coordinates": [
          [
            [
              -32164.844,
              174577.62
            ],
            [
              296.5546,
              174577.62
            ],
            [
              296.5546,
              205908.78
            ],
            [
              -32164.844,
              205908.78
            ],
            [
              -32164.844,
              174577.62
            ]
          ]
        ]
      }
    },
    {
      "type": "Feature",
      "properties": {
        "id": "86BQSFRDCDBKIP9VDMORJ7O51",
        "gridName": "HLOD0_256m_4095m"
      },
      "geometry": {
        "type": "Polygon",
        "coordinates": [
          [
            [
              0.0,
              75600.0
            ],
            [
              25200.0,
              75600.0
            ],
            [
              25200.0,
              100800.0
            ],
            [
              0.0,
              100800.0
            ],
            [
              0.0,
              75600.0
            ]
          ]
        ]
      }
    },
    {
      "type": "Feature",
      "properties": {
        "id": "86RABZHNLVFG3PUCNVN5MG58X",
        "gridName": "HLOD0_256m_4095m"
      },
      "geometry": {
        "type": "Polygon",
        "coordinates": [
          [
            [
              151200.0,
              0.0
            ],
            [
              176400.0,
              0.0
            ],
            [
              176400.0,
              25200.0
            ],
            [
              151200.0,
              25200.0
            ],
            [
              151200.0,
              0.0
            ]
          ]
        ]
      }
    },
    {
      "type": "Feature",
      "properties": {
        "id": "86REPBNJWUAM2WU7DXPPC9OCM",
        "gridName": "VisualGrid"
      },
      "geometry": {
        "type": "Polygon",
        "coordinates": [
          [
            [
              202921.34,
              25720.682
            ],
            [
              256539.64,
              25720.682
            ],
            [
              256539.64,
              60968.766
            ],
            [
              202921.34,
              60968.766
            ],
            [
              202921.34,
              25720.682
            ]
          ]
        ]
      }
    },
    {
      "type": "Feature",
      "properties": {
        "id": "8763RIG912OIW2V51ZJB0MTGL",
        "gridName": "MainGrid"
      },
      "geometry": {
        "type": "Polygon",
        "coordinates": [
          [
            [
              -125999.0,
              -50399.0
            ],
            [
              -100801.0,
              -50399.0
            ],
            [
              -100801.0,
              -25201.0
            ],
            [
              -125999.0,
              -25201.0
            ],
            [
              -125999.0,
              -50399.0
            ]
          ]
        ]
      }
    },
    {
      "type": "Feature",
      "properties": {
        "id": "87KQ0BQV0JLNBMVC30EBVANCR",
        "gridName": "MainGrid"
      },
      "geometry": {
        "type": "Polygon",
        "coordinates": [
          [
            [
              354600.0,
              17300.0
            ],
            [
              394720.38,
              17300.0
            ],
            [
              394720.38,
              45248.605
            ],
            [
              354600.0,
              45248.605
            ],
            [
              354600.0,
              17300.0
            ]
          ]
        ]
      }
    },
    {
      "type": "Feature",
      "properties": {
        "id": "8838548974DBJT4PPDYWHF6JY",
        "gridName": "HLOD0_256m_4095m"
      },
      "geometry": {
        "type": "Polygon",
        "coordinates": [
          [
            [
              327600.0,
              100800.0
            ],
            [
              352800.0,
              100800.0
            ],
            [
              352800.0,
              126000.0
            ],
            [
              327600.0,
              126000.0
            ],
            [
              327600.0,
              100800.0
            ]
          ]
        ]
      }
    },
    {
      "type": "Feature",
      "properties": {
        "id": "89A5CXN8HBKOWXM00191NU0XI",
        "gridName": "HLOD0_256m_4095m"
      },
      "geometry": {
        "type": "Polygon",
        "coordinates": [
          [
            [
              126000.0,
              75600.0
            ],
            [
              151200.0,
              75600.0
            ],
            [
              151200.0,
              100800.0
            ],
            [
              126000.0,
              100800.0
            ],
            [
              126000.0,
              75600.0
            ]
          ]
        ]
      }
    },
    {
      "type": "Feature",
      "properties": {
        "id": "89V2N14DP5IKU95EN4BJIL2NB",
        "gridName": "MainGrid"
      },
      "geometry": {
        "type": "Polygon",
        "coordinates": [
          [
            [
              -730799.0,
              -302399.0
            ],
            [
              -705601.0,
              -302399.0
            ],
            [
              -705601.0,
              -277201.0
            ],
            [
              -730799.0,
              -277201.0
            ],
            [
              -730799.0,
              -302399.0
            ]
          ]
        ]
      }
    },
    {
      "type": "Feature",
      "properties": {
        "id": "8A8PP7DA41C15G6W6IVAGFT44",
        "gridName": "HLOD0_256m_767m"
      },
      "geometry": {
        "type": "Polygon",
        "coordinates": [
          [
            [
              100800.0,
              151200.0
            ],
            [
              126000.0,
              151200.0
            ],
            [
              126000.0,
              176400.0
            ],
            [
              100800.0,
              176400.0
            ],
            [
              100800.0,
              151200.0
            ]
          ]
        ]
      }
    },
    {
      "type": "Feature",
      "properties": {
        "id": "8AG0WHIXYVB5RO3QNZSY49AU8",
        "gridName": "MainGrid"
      },
      "geometry": {
        "type": "Polygon",
        "coordinates": [
          [
            [
              299729.38,
              24745.445
            ],
            [
              336411.8,
              24745.445
            ],
            [
              336411.8,
              52343.62
            ],
            [
              299729.38,
              52343.62
            ],
            [
              299729.38,
              24745.445
            ]
          ]
        ]
      }
    },
    {
      "type": "Feature",
      "properties": {
        "id": "8AK7UG5GUXA6XWQX7H06YT7DU",
        "gridName": "MainGrid"
      },
      "geometry": {
        "type": "Polygon",
        "coordinates": [
          [
            [
              -579599.0,
              -151199.0
            ],
            [
              -554401.0,
              -151199.0
            ],
            [
              -554401.0,
              -126001.0
            ],
            [
              -579599.0,
              -126001.0
            ],
            [
              -579599.0,
              -151199.0
            ]
          ]
        ]
      }
    },
    {
      "type": "Feature",
      "properties": {
        "id": "8BLAK65ZWMQLJSO4WHZEFWBTL",
        "gridName": "MainGrid"
      },
      "geometry": {
        "type": "Polygon",
        "coordinates": [
          [
            [
              192318.67,
              20772.99
            ],
            [
              237315.86,
              20772.99
            ],
            [
              237315.86,
              59478.816
            ],
            [
              192318.67,
              59478.816
            ],
            [
              192318.67,
              20772.99
            ]
          ]
        ]
      }
    },
    {
      "type": "Feature",
      "properties": {
        "id": "8C12N52S1ZE5XJ5H1066PP89A",
        "gridName": "MainGrid"
      },
      "geometry": {
        "type": "Polygon",
        "coordinates": [
          [
            [
              -186308.75,
              14118.585
            ],
            [
              -152008.75,
              14118.585
            ],
            [
              -152008.75,
              34118.586
            ],
            [
              -186308.75,
              34118.586
            ],
            [
              -186308.75,
              14118.585
            ]
          ]
        ]
      }
    },
    {
      "type": "Feature",
      "properties": {
        "id": "8CTZH4EEIFR8LUO7CV55OFIDY",
        "gridName": "HLOD0_256m_4095m"
      },
      "geometry": {
        "type": "Polygon",
        "coordinates": [
          [
            [
              201600.0,
              -25200.0
            ],
            [
              226800.0,
              -25200.0
            ],
            [
              226800.0,
              0.0
            ],
            [
              201600.0,
              0.0
            ],
            [
              201600.0,
              -25200.0
            ]
          ]
        ]
      }
    },
    {
      "type": "Feature",
      "properties": {
        "id": "8CY6E7W7GD4CAEBAMCXIVXHSW",
        "gridName": "MainGrid"
      },
      "geometry": {
        "type": "Polygon",
        "coordinates": [
          [
            [
              169046.47,
              69288.96
            ],
            [
              206904.86,
              69288.96
            ],
            [
              206904.86,
              107055.74
            ],
            [
              169046.47,
              107055.74
            ],
            [
              169046.47,
              69288.96
            ]
          ]
        ]
      }
    },
    {
      "type": "Feature",
      "properties": {
        "id": "8D7AJV1MRZXIGQU4PDFKUTQRT",
        "gridName": "MainGrid"
      },
      "geometry": {
        "type": "Polygon",
        "coordinates": [
          [
            [
              -3150.4404,
              123771.25
            ],
            [
              32520.0,
              123771.25
            ],
            [
              32520.0,
              157775.1
            ],
            [
              -3150.4404,
              157775.1
            ],
            [
              -3150.4404,
              123771.25
            ]
          ]
        ]
      }
    },
    {
      "type": "Feature",
      "properties": {
        "id": "8DK49B9AQ1RX7SO0E59P45BL0",
        "gridName": "MainGrid"
      },
      "geometry": {
        "type": "Polygon",
        "coordinates": [
          [
            [
              31375.459,
              160678.67
            ],
            [
              48133.758,
              160678.67
            ],
            [
              48133.758,
              176286.34
            ],
            [
              31375.459,
              176286.34
            ],
            [
              31375.459,
              160678.67
            ]
          ]
        ]
      }
    },
    {
      "type": "Feature",
      "properties": {
        "id": "8G7VVPVRR3XR92Y0CMT88CU2L",
        "gridName": "MainGrid"
      },
      "geometry": {
        "type": "Polygon",
        "coordinates": [
          [
            [
              -151199.0,
              -75599.0
            ],
            [
              -126001.0,
              -75599.0
            ],
            [
              -126001.0,
              -50401.0
            ],
            [
              -151199.0,
              -50401.0
            ],
            [
              -151199.0,
              -75599.0
            ]
          ]
        ]
      }
    },
    {
      "type": "Feature",
      "properties": {
        "id": "8GICSE579KWCEZPPIVQHJM6NL",
        "gridName": "MainGrid"
      },
      "geometry": {
        "type": "Polygon",
        "coordinates": [
          [
            [
              242530.0,
              175633.27
            ],
            [
              281700.6,
              175633.27
            ],
            [
              281700.6,
              209630.0
            ],
            [
              242530.0,
              209630.0
            ],
            [
              242530.0,
              175633.27
            ]
          ]
        ]
      }
    },
    {
      "type": "Feature",
      "properties": {
        "id": "8HKA8VU60SHH7YTU45ILVEU3J",
        "gridName": "MainGrid"
      },
      "geometry": {
        "type": "Polygon",
        "coordinates": [
          [
            [
              -604799.0,
              -176399.0
            ],
            [
              -579601.0,
              -176399.0
            ],
            [
              -579601.0,
              -151201.0
            ],
            [
              -604799.0,
              -151201.0
            ],
            [
              -604799.0,
              -176399.0
            ]
          ]
        ]
      }
    },
    {
      "type": "Feature",
      "properties": {
        "id": "8IJMHTN8MZW2H4A7L0AY7YOOR",
        "gridName": "MainGrid"
      },
      "geometry": {
        "type": "Polygon",
        "coordinates": [
          [
            [
              200478.25,
              224081.33
            ],
            [
              229729.34,
              224081.33
            ],
            [
              229729.34,
              252843.23
            ],
            [
              200478.25,
              252843.23
            ],
            [
              200478.25,
              224081.33
            ]
          ]
        ]
      }
    },
    {
      "type": "Feature",
      "properties": {
        "id": "8J3ZRSDIPQ16XZNCBIDUH0PBE",
        "gridName": "MainGrid"
      },
      "geometry": {
        "type": "Polygon",
        "coordinates": [
          [
            [
              -831599.0,
              723928.6
            ],
            [
              -799411.94,
              723928.6
            ],
            [
              -799411.94,
              758156.8
            ],
            [
              -831599.0,
              758156.8
            ],
            [
              -831599.0,
              723928.6
            ]
          ]
        ]
      }
    },
    {
      "type": "Feature",
      "properties": {
        "id": "8J86RFN2U820LQUOK4O4G8BTS",
        "gridName": "MainGrid"
      },
      "geometry": {
        "type": "Polygon",
        "coordinates": [
          [
            [
              -805256.1,
              657892.25
            ],
            [
              -765256.1,
              657892.25
            ],
            [
              -765256.1,
              697894.1
            ],
            [
              -805256.1,
              697894.1
            ],
            [
              -805256.1,
              657892.25
            ]
          ]
        ]
      }
    },
    {
      "type": "Feature",
      "properties": {
        "id": "8JT3LZWN30CNXSUS4RET9B3HZ",
        "gridName": "MainGrid"
      },
      "geometry": {
        "type": "Polygon",
        "coordinates": [
          [
            [
              -75599.0,
              75601.0
            ],
            [
              -50401.0,
              75601.0
            ],
            [
              -50401.0,
              100799.0
            ],
            [
              -75599.0,
              100799.0
            ],
            [
              -75599.0,
              75601.0
            ]
          ]
        ]
      }
    },
    {
      "type": "Feature",
      "properties": {
        "id": "8KGMM43R4GNUKDR3W13BBMJCF",
        "gridName": "MainGrid"
      },
      "geometry": {
        "type": "Polygon",
        "coordinates": [
          [
            [
              270382.66,
              70045.03
            ],
            [
              313719.94,
              70045.03
            ],
            [
              313719.94,
              107969.836
            ],
            [
              270382.66,
              107969.836
            ],
            [
              270382.66,
              70045.03
            ]
          ]
        ]
      }
    },
    {
      "type": "Feature",
      "properties": {
        "id": "8KPJ45KRTJRU0Q7F3PXJPG51A",
        "gridName": "MainGrid"
      },
      "geometry": {
        "type": "Polygon",
        "coordinates": [
          [
            [
              -299031.06,
              702801.9
            ],
            [
              -259031.06,
              702801.9
            ],
            [
              -259031.06,
              742803.75
            ],
            [
              -299031.06,
              742803.75
            ],
            [
              -299031.06,
              702801.9
            ]
          ]
        ]
      }
    },
    {
      "type": "Feature",
      "properties": {
        "id": "8KUPCXSPUKOVZWK7ZVQXH4BBE",
        "gridName": "HLOD0_256m_4095m"
      },
      "geometry": {
        "type": "Polygon",
        "coordinates": [
          [
            [
              -1612800.0,
              0.0
            ],
            [
              0.0,
              0.0
            ],
            [
              0.0,
              1612800.0
            ],
            [
              -1612800.0,
              1612800.0
            ],
            [
              -1612800.0,
              0.0
            ]
          ]
        ]
      }
    },
    {
      "type": "Feature",
      "properties": {
        "id": "8LSXCMNRWXII06JS1ORHK06C0",
        "gridName": "MainGrid"
      },
      "geometry": {
        "type": "Polygon",
        "coordinates": [
          [
            [
              -759551.25,
              -251999.0
            ],
            [
              -730801.0,
              -251999.0
            ],
            [
              -730801.0,
              -223972.22
            ],
            [
              -759551.25,
              -223972.22
            ],
            [
              -759551.25,
              -251999.0
            ]
          ]
        ]
      }
    },
    {
      "type": "Feature",
      "properties": {
        "id": "8LTVGBF9JCWVV6LDRBOGIJJI3",
        "gridName": "HLOD0_256m_4095m"
      },
      "geometry": {
        "type": "Polygon",
        "coordinates": [
          [
            [
              0.0,
              50400.0
            ],
            [
              25200.0,
              50400.0
            ],
            [
              25200.0,
              75600.0
            ],
            [
              0.0,
              75600.0
            ],
            [
              0.0,
              50400.0
            ]
          ]
        ]
      }
    },
    {
      "type": "Feature",
      "properties": {
        "id": "8LUXDNTGG569JW3NX7D3GWHX7",
        "gridName": "HLOD0_256m_767m"
      },
      "geometry": {
        "type": "Polygon",
        "coordinates": [
          [
            [
              75600.0,
              100800.0
            ],
            [
              100800.0,
              100800.0
            ],
            [
              100800.0,
              126000.0
            ],
            [
              75600.0,
              126000.0
            ],
            [
              75600.0,
              100800.0
            ]
          ]
        ]
      }
    },
    {
      "type": "Feature",
      "properties": {
        "id": "8M8IWCVLLYZ7U3N0CX8JLUTZY",
        "gridName": "HLOD0_256m_4095m"
      },
      "geometry": {
        "type": "Polygon",
        "coordinates": [
          [
            [
              252000.0,
              201600.0
            ],
            [
              277200.0,
              201600.0
            ],
            [
              277200.0,
              226800.0
            ],
            [
              252000.0,
              226800.0
            ],
            [
              252000.0,
              201600.0
            ]
          ]
        ]
      }
    },
    {
      "type": "Feature",
      "properties": {
        "id": "8MV1BGKJ33ZRK226SQ98PREPG",
        "gridName": "MainGrid"
      },
      "geometry": {
        "type": "Polygon",
        "coordinates": [
          [
            [
              -579599.0,
              -277199.0
            ],
            [
              -554401.0,
              -277199.0
            ],
            [
              -554401.0,
              -252001.0
            ],
            [
              -579599.0,
              -252001.0
            ],
            [
              -579599.0,
              -277199.0
            ]
          ]
        ]
      }
    },
    {
      "type": "Feature",
      "properties": {
        "id": "8N2415TOVRZ5NEMEG9ZTRGN2O",
        "gridName": "HLOD0_256m_4095m"
      },
      "geometry": {
        "type": "Polygon",
        "coordinates": [
          [
            [
              75600.0,
              126000.0
            ],
            [
              100800.0,
              126000.0
            ],
            [
              100800.0,
              151200.0
            ],
            [
              75600.0,
              151200.0
            ],
            [
              75600.0,
              126000.0
            ]
          ]
        ]
      }
    },
    {
      "type": "Feature",
      "properties": {
        "id": "8NF3B0NOUWTBXHEAXP0O0H3ZH",
        "gridName": "MainGrid"
      },
      "geometry": {
        "type": "Polygon",
        "coordinates": [
          [
            [
              -100799.0,
              126001.0
            ],
            [
              -75601.0,
              126001.0
            ],
            [
              -75601.0,
              151199.0
            ],
            [
              -100799.0,
              151199.0
            ],
            [
              -100799.0,
              126001.0
            ]
          ]
        ]
      }
    },
    {
      "type": "Feature",
      "properties": {
        "id": "8OAEHRD23H4G9UJLJT3EZVZ0U",
        "gridName": "MainGrid"
      },
      "geometry": {
        "type": "Polygon",
        "coordinates": [
          [
            [
              -680399.0,
              -251999.0
            ],
            [
              -654800.25,
              -251999.0
            ],
            [
              -654800.25,
              -222318.94
            ],
            [
              -680399.0,
              -222318.94
            ],
            [
              -680399.0,
              -251999.0
            ]
          ]
        ]
      }
    },
    {
      "type": "Feature",
      "properties": {
        "id": "8OK7J257ZDL6ZZRHMIAI0L350",
        "gridName": "MainGrid"
      },
      "geometry": {
        "type": "Polygon",
        "coordinates": [
          [
            [
              12600.0,
              289800.0
            ],
            [
              12600.0,
              289800.0
            ],
            [
              12600.0,
              289800.0
            ],
            [
              12600.0,
              289800.0
            ],
            [
              12600.0,
              289800.0
            ]
          ]
        ]
      }
    },
    {
      "type": "Feature",
      "properties": {
        "id": "8P1HH1ZFQGXVCN6BGXOBKJAGG",
        "gridName": "MainGrid"
      },
      "geometry": {
        "type": "Polygon",
        "coordinates": [
          [
            [
              -529199.0,
              -352799.0
            ],
            [
              -504001.0,
              -352799.0
            ],
            [
              -504001.0,
              -327601.0
            ],
            [
              -529199.0,
              -327601.0
            ],
            [
              -529199.0,
              -352799.0
            ]
          ]
        ]
      }
    },
    {
      "type": "Feature",
      "properties": {
        "id": "8PGAYOMJR4ZJNXXX31212IKWT",
        "gridName": "HLOD0_256m_4095m"
      },
      "geometry": {
        "type": "Polygon",
        "coordinates": [
          [
            [
              75600.0,
              151200.0
            ],
            [
              100800.0,
              151200.0
            ],
            [
              100800.0,
              176400.0
            ],
            [
              75600.0,
              176400.0
            ],
            [
              75600.0,
              151200.0
            ]
          ]
        ]
      }
    },
    {
      "type": "Feature",
      "properties": {
        "id": "8QN8ESLVMOS6BEA10AUM74MO2",
        "gridName": "MainGrid"
      },
      "geometry": {
        "type": "Polygon",
        "coordinates": [
          [
            [
              -554399.0,
              -352799.0
            ],
            [
              -529201.0,
              -352799.0
            ],
            [
              -529201.0,
              -327601.0
            ],
            [
              -554399.0,
              -327601.0
            ],
            [
              -554399.0,
              -352799.0
            ]
          ]
        ]
      }
    },
    {
      "type": "Feature",
      "properties": {
        "id": "8R808RSB386MQWBL0ITKB9ITL",
        "gridName": "HLOD0_256m_4095m"
      },
      "geometry": {
        "type": "Polygon",
        "coordinates": [
          [
            [
              302400.0,
              126000.0
            ],
            [
              327600.0,
              126000.0
            ],
            [
              327600.0,
              151200.0
            ],
            [
              302400.0,
              151200.0
            ],
            [
              302400.0,
              126000.0
            ]
          ]
        ]
      }
    },
    {
      "type": "Feature",
      "properties": {
        "id": "8RD94PYYGTO18Z9J90OVWQW57",
        "gridName": "MainGrid"
      },
      "geometry": {
        "type": "Polygon",
        "coordinates": [
          [
            [
              126001.0,
              226801.0
            ],
            [
              151199.0,
              226801.0
            ],
            [
              151199.0,
              251999.0
            ],
            [
              126001.0,
              251999.0
            ],
            [
              126001.0,
              226801.0
            ]
          ]
        ]
      }
    },
    {
      "type": "Feature",
      "properties": {
        "id": "8S5N4I34O9O2NXVQCWPAJWW00",
        "gridName": "MainGrid"
      },
      "geometry": {
        "type": "Polygon",
        "coordinates": [
          [
            [
              -705599.0,
              -277199.0
            ],
            [
              -680401.0,
              -277199.0
            ],
            [
              -680401.0,
              -252001.0
            ],
            [
              -705599.0,
              -252001.0
            ],
            [
              -705599.0,
              -277199.0
            ]
          ]
        ]
      }
    },
    {
      "type": "Feature",
      "properties": {
        "id": "8T29NZQIZBI48F3H4UJ10OCSS",
        "gridName": "MainGrid"
      },
      "geometry": {
        "type": "Polygon",
        "coordinates": [
          [
            [
              415800.0,
              163800.0
            ],
            [
              415800.0,
              163800.0
            ],
            [
              415800.0,
              163800.0
            ],
            [
              415800.0,
              163800.0
            ],
            [
              415800.0,
              163800.0
            ]
          ]
        ]
      }
    },
    {
      "type": "Feature",
      "properties": {
        "id": "8TBGDYIZ1QZGRH5BP4DJ06WTG",
        "gridName": "MainGrid"
      },
      "geometry": {
        "type": "Polygon",
        "coordinates": [
          [
            [
              294601.16,
              195003.2
            ],
            [
              336853.03,
              195003.2
            ],
            [
              336853.03,
              236649.75
            ],
            [
              294601.16,
              236649.75
            ],
            [
              294601.16,
              195003.2
            ]
          ]
        ]
      }
    },
    {
      "type": "Feature",
      "properties": {
        "id": "8TKRX8I55GZVRDFSOH3PM47BQ",
        "gridName": "MainGrid"
      },
      "geometry": {
        "type": "Polygon",
        "coordinates": [
          [
            [
              -781199.0,
              -176399.0
            ],
            [
              -756001.0,
              -176399.0
            ],
            [
              -756001.0,
              -151201.0
            ],
            [
              -781199.0,
              -151201.0
            ],
            [
              -781199.0,
              -176399.0
            ]
          ]
        ]
      }
    },
    {
      "type": "Feature",
      "properties": {
        "id": "8TTBI6FC1UWEF4F6YASFEHKLX",
        "gridName": "HLOD0_256m_4095m"
      },
      "geometry": {
        "type": "Polygon",
        "coordinates": [
          [
            [
              226800.0,
              0.0
            ],
            [
              252000.0,
              0.0
            ],
            [
              252000.0,
              25200.0
            ],
            [
              226800.0,
              25200.0
            ],
            [
              226800.0,
              0.0
            ]
          ]
        ]
      }
    },
    {
      "type": "Feature",
      "properties": {
        "id": "8UI1UYRH4MT6MGSC0TB8ATR6X",
        "gridName": "MainGrid"
      },
      "geometry": {
        "type": "Polygon",
        "coordinates": [
          [
            [
              -730799.0,
              -176399.0
            ],
            [
              -705601.0,
              -176399.0
            ],
            [
              -705601.0,
              -151201.0
            ],
            [
              -730799.0,
              -151201.0
            ],
            [
              -730799.0,
              -176399.0
            ]
          ]
        ]
      }
    },
    {
      "type": "Feature",
      "properties": {
        "id": "8UZ8H6RL9RI2SUZE9FGAQMEJU",
        "gridName": "HLOD0_256m_4095m"
      },
      "geometry": {
        "type": "Polygon",
        "coordinates": [
          [
            [
              151200.0,
              252000.0
            ],
            [
              201600.0,
              252000.0
            ],
            [
              201600.0,
              302400.0
            ],
            [
              151200.0,
              302400.0
            ],
            [
              151200.0,
              252000.0
            ]
          ]
        ]
      }
    },
    {
      "type": "Feature",
      "properties": {
        "id": "8WCPJCB8WQQ5M3BF2CJ0KN1AK",
        "gridName": "MainGrid"
      },
      "geometry": {
        "type": "Polygon",
        "coordinates": [
          [
            [
              220801.38,
              42241.867
            ],
            [
              258617.03,
              42241.867
            ],
            [
              258617.03,
              80296.47
            ],
            [
              220801.38,
              80296.47
            ],
            [
              220801.38,
              42241.867
            ]
          ]
        ]
      }
    },
    {
      "type": "Feature",
      "properties": {
        "id": "8WG0XRU1QXSZIO7SID0HRV53C",
        "gridName": "MainGrid"
      },
      "geometry": {
        "type": "Polygon",
        "coordinates": [
          [
            [
              337974.2,
              201601.0
            ],
            [
              383156.78,
              201601.0
            ],
            [
              383156.78,
              235095.81
            ],
            [
              337974.2,
              235095.81
            ],
            [
              337974.2,
              201601.0
            ]
          ]
        ]
      }
    },
    {
      "type": "Feature",
      "properties": {
        "id": "8WO5K0YDWKPFHMR3SXVO4YOZY",
        "gridName": "MainGrid"
      },
      "geometry": {
        "type": "Polygon",
        "coordinates": [
          [
            [
              -730799.0,
              -277199.0
            ],
            [
              -705601.0,
              -277199.0
            ],
            [
              -705601.0,
              -252001.0
            ],
            [
              -730799.0,
              -252001.0
            ],
            [
              -730799.0,
              -277199.0
            ]
          ]
        ]
      }
    },
    {
      "type": "Feature",
      "properties": {
        "id": "8X45M8SH4KYQQVT3JOTQSKT7M",
        "gridName": "MainGrid"
      },
      "geometry": {
        "type": "Polygon",
        "coordinates": [
          [
            [
              -862811.4,
              -233916.38
            ],
            [
              -831601.0,
              -233916.38
            ],
            [
              -831601.0,
              -195199.52
            ],
            [
              -862811.4,
              -195199.52
            ],
            [
              -862811.4,
              -233916.38
            ]
          ]
        ]
      }
    },
    {
      "type": "Feature",
      "properties": {
        "id": "8XOWLUOBE2SEF02HRALBZ5TP9",
        "gridName": "MainGrid"
      },
      "geometry": {
        "type": "Polygon",
        "coordinates": [
          [
            [
              -529199.0,
              126001.0
            ],
            [
              -504001.0,
              126001.0
            ],
            [
              -504001.0,
              151199.0
            ],
            [
              -529199.0,
              151199.0
            ],
            [
              -529199.0,
              126001.0
            ]
          ]
        ]
      }
    },
    {
      "type": "Feature",
      "properties": {
        "id": "8Y4PVIP6NHURFSF90KR55NAJ3",
        "gridName": "MainGrid"
      },
      "geometry": {
        "type": "Polygon",
        "coordinates": [
          [
            [
              269506.12,
              217713.03
            ],
            [
              311080.44,
              217713.03
            ],
            [
              311080.44,
              257002.33
            ],
            [
              269506.12,
              257002.33
            ],
            [
              269506.12,
              217713.03
            ]
          ]
        ]
      }
    },
    {
      "type": "Feature",
      "properties": {
        "id": "8Y541H9691W63QGPZT5O15PDS",
        "gridName": "VisualGrid"
      },
      "geometry": {
        "type": "Polygon",
        "coordinates": [
          [
            [
              221834.08,
              18895.963
            ],
            [
              253744.53,
              18895.963
            ],
            [
              253744.53,
              53945.805
            ],
            [
              221834.08,
              53945.805
            ],
            [
              221834.08,
              18895.963
            ]
          ]
        ]
      }
    },
    {
      "type": "Feature",
      "properties": {
        "id": "8Z4BG0SXA1QGWOEU5G6EVQWII",
        "gridName": "MainGrid"
      },
      "geometry": {
        "type": "Polygon",
        "coordinates": [
          [
            [
              116312.83,
              -100799.0
            ],
            [
              155150.97,
              -100799.0
            ],
            [
              155150.97,
              -69101.48
            ],
            [
              116312.83,
              -69101.48
            ],
            [
              116312.83,
              -100799.0
            ]
          ]
        ]
      }
    },
    {
      "type": "Feature",
      "properties": {
        "id": "90BJTZQ40YTQN5S5BZORM75G7",
        "gridName": "MainGrid"
      },
      "geometry": {
        "type": "Polygon",
        "coordinates": [
          [
            [
              -856911.75,
              709173.4
            ],
            [
              -815310.56,
              709173.4
            ],
            [
              -815310.56,
              742813.75
            ],
            [
              -856911.75,
              742813.75
            ],
            [
              -856911.75,
              709173.4
            ]
          ]
        ]
      }
    },
    {
      "type": "Feature",
      "properties": {
        "id": "924LPY5237PHSF5H3RRV2IEVR",
        "gridName": "MainGrid"
      },
      "geometry": {
        "type": "Polygon",
        "coordinates": [
          [
            [
              218218.5,
              -57774.61
            ],
            [
              257364.72,
              -57774.61
            ],
            [
              257364.72,
              -15930.075
            ],
            [
              218218.5,
              -15930.075
            ],
            [
              218218.5,
              -57774.61
            ]
          ]
        ]
      }
    },
    {
      "type": "Feature",
      "properties": {
        "id": "93H0L8VYI2308Z5LLIEAUV00H",
        "gridName": "MainGrid"
      },
      "geometry": {
        "type": "Polygon",
        "coordinates": [
          [
            [
              -125999.0,
              1.0
            ],
            [
              -100801.0,
              1.0
            ],
            [
              -100801.0,
              25199.0
            ],
            [
              -125999.0,
              25199.0
            ],
            [
              -125999.0,
              1.0
            ]
          ]
        ]
      }
    },
    {
      "type": "Feature",
      "properties": {
        "id": "93RBO7W0T8HV8TSM33O5X4SK5",
        "gridName": "MainGrid"
      },
      "geometry": {
        "type": "Polygon",
        "coordinates": [
          [
            [
              -172818.78,
              607550.0
            ],
            [
              -101845.83,
              607550.0
            ],
            [
              -101845.83,
              669642.1
            ],
            [
              -172818.78,
              669642.1
            ],
            [
              -172818.78,
              607550.0
            ]
          ]
        ]
      }
    },
    {
      "type": "Feature",
      "properties": {
        "id": "93X2ZHB55DS712YL06194BK9K",
        "gridName": "MainGrid"
      },
      "geometry": {
        "type": "Polygon",
        "coordinates": [
          [
            [
              -75599.0,
              1.0
            ],
            [
              -50401.0,
              1.0
            ],
            [
              -50401.0,
              25199.0
            ],
            [
              -75599.0,
              25199.0
            ],
            [
              -75599.0,
              1.0
            ]
          ]
        ]
      }
    },
    {
      "type": "Feature",
      "properties": {
        "id": "940XSTAQ0C93D5LWUGPGEEXV5",
        "gridName": "MainGrid"
      },
      "geometry": {
        "type": "Polygon",
        "coordinates": [
          [
            [
              47882.37,
              25201.0
            ],
            [
              79264.72,
              25201.0
            ],
            [
              79264.72,
              54620.293
            ],
            [
              47882.37,
              54620.293
            ],
            [
              47882.37,
              25201.0
            ]
          ]
        ]
      }
    },
    {
      "type": "Feature",
      "properties": {
        "id": "94XGLFHON95EMPST7W5XKBDIE",
        "gridName": "HLOD0_256m_4095m"
      },
      "geometry": {
        "type": "Polygon",
        "coordinates": [
          [
            [
              352800.0,
              201600.0
            ],
            [
              378000.0,
              201600.0
            ],
            [
              378000.0,
              226800.0
            ],
            [
              352800.0,
              226800.0
            ],
            [
              352800.0,
              201600.0
            ]
          ]
        ]
      }
    },
    {
      "type": "Feature",
      "properties": {
        "id": "966IXG1P8Y7K125T51XDOPU6G",
        "gridName": "MainGrid"
      },
      "geometry": {
        "type": "Polygon",
        "coordinates": [
          [
            [
              -765000.0,
              677596.3
            ],
            [
              -725116.4,
              677596.3
            ],
            [
              -725116.4,
              709800.0
            ],
            [
              -765000.0,
              709800.0
            ],
            [
              -765000.0,
              677596.3
            ]
          ]
        ]
      }
    },
    {
      "type": "Feature",
      "properties": {
        "id": "96DKNO9QOIZKPGZZEDZDB1RRG",
        "gridName": "VisualGrid"
      },
      "geometry": {
        "type": "Polygon",
        "coordinates": [
          [
            [
              -700487.94,
              744395.9
            ],
            [
              -689697.8,
              744395.9
            ],
            [
              -689697.8,
              755561.8
            ],
            [
              -700487.94,
              755561.8
            ],
            [
              -700487.94,
              744395.9
            ]
          ]
        ]
      }
    },
    {
      "type": "Feature",
      "properties": {
        "id": "978QXQFDKC7X8DPK586EDVWPR",
        "gridName": "MainGrid"
      },
      "geometry": {
        "type": "Polygon",
        "coordinates": [
          [
            [
              277201.0,
              504001.0
            ],
            [
              302744.4,
              504001.0
            ],
            [
              302744.4,
              535381.56
            ],
            [
              277201.0,
              535381.56
            ],
            [
              277201.0,
              504001.0
            ]
          ]
        ]
      }
    },
    {
      "type": "Feature",
      "properties": {
        "id": "97NMFMIJI6TSPQV9IB5HETKBQ",
        "gridName": "MainGrid"
      },
      "geometry": {
        "type": "Polygon",
        "coordinates": [
          [
            [
              202200.0,
              209377.45
            ],
            [
              301193.75,
              209377.45
            ],
            [
              301193.75,
              296700.0
            ],
            [
              202200.0,
              296700.0
            ],
            [
              202200.0,
              209377.45
            ]
          ]
        ]
      }
    },
    {
      "type": "Feature",
      "properties": {
        "id": "97PMKX0RMGXT5FQWM88THSB6Q",
        "gridName": "MainGrid"
      },
      "geometry": {
        "type": "Polygon",
        "coordinates": [
          [
            [
              7273.2397,
              158794.88
            ],
            [
              40658.766,
              158794.88
            ],
            [
              40658.766,
              197811.34
            ],
            [
              7273.2397,
              197811.34
            ],
            [
              7273.2397,
              158794.88
            ]
          ]
        ]
      }
    },
    {
      "type": "Feature",
      "properties": {
        "id": "97W9LIDEHBWWT15Z1NO9VF1FS",
        "gridName": "MainGrid"
      },
      "geometry": {
        "type": "Polygon",
        "coordinates": [
          [
            [
              390600.0,
              -37800.0
            ],
            [
              390600.0,
              -37800.0
            ],
            [
              390600.0,
              -37800.0
            ],
            [
              390600.0,
              -37800.0
            ],
            [
              390600.0,
              -37800.0
            ]
          ]
        ]
      }
    },
    {
      "type": "Feature",
      "properties": {
        "id": "98CEFJS02ZFIXMI882V29OMSX",
        "gridName": "MainGrid"
      },
      "geometry": {
        "type": "Polygon",
        "coordinates": [
          [
            [
              169291.86,
              43424.863
            ],
            [
              208563.94,
              43424.863
            ],
            [
              208563.94,
              81892.13
            ],
            [
              169291.86,
              81892.13
            ],
            [
              169291.86,
              43424.863
            ]
          ]
        ]
      }
    },
    {
      "type": "Feature",
      "properties": {
        "id": "99DOQKA6ZV44IZBRVPWVM7D2O",
        "gridName": "MainGrid"
      },
      "geometry": {
        "type": "Polygon",
        "coordinates": [
          [
            [
              202200.0,
              118900.0
            ],
            [
              247087.3,
              118900.0
            ],
            [
              247087.3,
              150632.1
            ],
            [
              202200.0,
              150632.1
            ],
            [
              202200.0,
              118900.0
            ]
          ]
        ]
      }
    },
    {
      "type": "Feature",
      "properties": {
        "id": "99FRT5ANWW2A59D3NYQ53VUOQ",
        "gridName": "MainGrid"
      },
      "geometry": {
        "type": "Polygon",
        "coordinates": [
          [
            [
              -781199.0,
              -302399.0
            ],
            [
              -756001.0,
              -302399.0
            ],
            [
              -756001.0,
              -277201.0
            ],
            [
              -781199.0,
              -277201.0
            ],
            [
              -781199.0,
              -302399.0
            ]
          ]
        ]
      }
    },
    {
      "type": "Feature",
      "properties": {
        "id": "9A1ZGD9GJZAH9LSKKTKLXDRPT",
        "gridName": "MainGrid"
      },
      "geometry": {
        "type": "Polygon",
        "coordinates": [
          [
            [
              -554399.0,
              75601.0
            ],
            [
              -529201.0,
              75601.0
            ],
            [
              -529201.0,
              100799.0
            ],
            [
              -554399.0,
              100799.0
            ],
            [
              -554399.0,
              75601.0
            ]
          ]
        ]
      }
    },
    {
      "type": "Feature",
      "properties": {
        "id": "9AFE3C9LDVS895FS3J84969Q2",
        "gridName": "MainGrid"
      },
      "geometry": {
        "type": "Polygon",
        "coordinates": [
          [
            [
              -50399.0,
              167766.77
            ],
            [
              -12742.617,
              167766.77
            ],
            [
              -12742.617,
              204777.69
            ],
            [
              -50399.0,
              204777.69
            ],
            [
              -50399.0,
              167766.77
            ]
          ]
        ]
      }
    },
    {
      "type": "Feature",
      "properties": {
        "id": "9AKE6I8RBW7OOT4NR2CY7NYDY",
        "gridName": "MainGrid"
      },
      "geometry": {
        "type": "Polygon",
        "coordinates": [
          [
            [
              -125999.0,
              -75599.0
            ],
            [
              -100801.0,
              -75599.0
            ],
            [
              -100801.0,
              -50401.0
            ],
            [
              -125999.0,
              -50401.0
            ],
            [
              -125999.0,
              -75599.0
            ]
          ]
        ]
      }
    },
    {
      "type": "Feature",
      "properties": {
        "id": "9AMU3EYOX2KPOOXQ6H5DH8GSP",
        "gridName": "HLOD0_256m_4095m"
      },
      "geometry": {
        "type": "Polygon",
        "coordinates": [
          [
            [
              302400.0,
              151200.0
            ],
            [
              327600.0,
              151200.0
            ],
            [
              327600.0,
              176400.0
            ],
            [
              302400.0,
              176400.0
            ],
            [
              302400.0,
              151200.0
            ]
          ]
        ]
      }
    },
    {
      "type": "Feature",
      "properties": {
        "id": "9BDPZ5MECUA0Z77VKJCOQW1H2",
        "gridName": "MainGrid"
      },
      "geometry": {
        "type": "Polygon",
        "coordinates": [
          [
            [
              349171.7,
              16809.914
            ],
            [
              387520.3,
              16809.914
            ],
            [
              387520.3,
              55160.42
            ],
            [
              349171.7,
              55160.42
            ],
            [
              349171.7,
              16809.914
            ]
          ]
        ]
      }
    },
    {
      "type": "Feature",
      "properties": {
        "id": "9BH90IFGIF7PT500WFV9HR9H1",
        "gridName": "MainGrid"
      },
      "geometry": {
        "type": "Polygon",
        "coordinates": [
          [
            [
              390600.0,
              289800.0
            ],
            [
              390600.0,
              289800.0
            ],
            [
              390600.0,
              289800.0
            ],
            [
              390600.0,
              289800.0
            ],
            [
              390600.0,
              289800.0
            ]
          ]
        ]
      }
    },
    {
      "type": "Feature",
      "properties": {
        "id": "9BVKI5K3PC8DEBZ8BRPCRJ2XV",
        "gridName": "HLOD0_256m_4095m"
      },
      "geometry": {
        "type": "Polygon",
        "coordinates": [
          [
            [
              302400.0,
              0.0
            ],
            [
              327600.0,
              0.0
            ],
            [
              327600.0,
              25200.0
            ],
            [
              302400.0,
              25200.0
            ],
            [
              302400.0,
              0.0
            ]
          ]
        ]
      }
    },
    {
      "type": "Feature",
      "properties": {
        "id": "9BYI1KC7GMDLA3KV7NW01GRT5",
        "gridName": "MainGrid"
      },
      "geometry": {
        "type": "Polygon",
        "coordinates": [
          [
            [
              25201.0,
              -25199.0
            ],
            [
              50399.0,
              -25199.0
            ],
            [
              50399.0,
              -1.0
            ],
            [
              25201.0,
              -1.0
            ],
            [
              25201.0,
              -25199.0
            ]
          ]
        ]
      }
    },
    {
      "type": "Feature",
      "properties": {
        "id": "9CQCVL0S4P48Z6BS5TGGWHSL7",
        "gridName": "MainGrid"
      },
      "geometry": {
        "type": "Polygon",
        "coordinates": [
          [
            [
              -75599.0,
              50401.0
            ],
            [
              -50401.0,
              50401.0
            ],
            [
              -50401.0,
              75599.0
            ],
            [
              -75599.0,
              75599.0
            ],
            [
              -75599.0,
              50401.0
            ]
          ]
        ]
      }
    },
    {
      "type": "Feature",
      "properties": {
        "id": "9EK29W8QR0H7YNJ4CM9RT3DGI",
        "gridName": "MainGrid"
      },
      "geometry": {
        "type": "Polygon",
        "coordinates": [
          [
            [
              352801.0,
              -25199.0
            ],
            [
              377999.0,
              -25199.0
            ],
            [
              377999.0,
              -1.0
            ],
            [
              352801.0,
              -1.0
            ],
            [
              352801.0,
              -25199.0
            ]
          ]
        ]
      }
    },
    {
      "type": "Feature",
      "properties": {
        "id": "9FV76JH8UN9ZSNFWRZUM9GRD1",
        "gridName": "HLOD0_256m_4095m"
      },
      "geometry": {
        "type": "Polygon",
        "coordinates": [
          [
            [
              201600.0,
              0.0
            ],
            [
              226800.0,
              0.0
            ],
            [
              226800.0,
              25200.0
            ],
            [
              201600.0,
              25200.0
            ],
            [
              201600.0,
              0.0
            ]
          ]
        ]
      }
    },
    {
      "type": "Feature",
      "properties": {
        "id": "9FY4G2KPT8TZ9XMV1T6GY1696",
        "gridName": "MainGrid"
      },
      "geometry": {
        "type": "Polygon",
        "coordinates": [
          [
            [
              226801.0,
              403201.0
            ],
            [
              251999.0,
              403201.0
            ],
            [
              251999.0,
              428399.0
            ],
            [
              226801.0,
              428399.0
            ],
            [
              226801.0,
              403201.0
            ]
          ]
        ]
      }
    },
    {
      "type": "Feature",
      "properties": {
        "id": "9GC9ISFTUVIYGD9T0CAVSPSZM",
        "gridName": "MainGrid"
      },
      "geometry": {
        "type": "Polygon",
        "coordinates": [
          [
            [
              336949.25,
              270335.47
            ],
            [
              351633.06,
              270335.47
            ],
            [
              351633.06,
              294255.06
            ],
            [
              336949.25,
              294255.06
            ],
            [
              336949.25,
              270335.47
            ]
          ]
        ]
      }
    },
    {
      "type": "Feature",
      "properties": {
        "id": "9GE4Z0WS1FHOJ7MT2L2BVY8K2",
        "gridName": "MainGrid"
      },
      "geometry": {
        "type": "Polygon",
        "coordinates": [
          [
            [
              -680962.25,
              704749.6
            ],
            [
              -655201.0,
              704749.6
            ],
            [
              -655201.0,
              732398.25
            ],
            [
              -680962.25,
              732398.25
            ],
            [
              -680962.25,
              704749.6
            ]
          ]
        ]
      }
    },
    {
      "type": "Feature",
      "properties": {
        "id": "9H0KB3POB6LU4REIHGCJKD3N9",
        "gridName": "HLOD0_256m_4095m"
      },
      "geometry": {
        "type": "Polygon",
        "coordinates": [
          [
            [
              50400.0,
              75600.0
            ],
            [
              75600.0,
              75600.0
            ],
            [
              75600.0,
              100800.0
            ],
            [
              50400.0,
              100800.0
            ],
            [
              50400.0,
              75600.0
            ]
          ]
        ]
      }
    },
    {
      "type": "Feature",
      "properties": {
        "id": "9IJ6VMBWZMA7VGMH9AWQ6JF9R",
        "gridName": "MainGrid"
      },
      "geometry": {
        "type": "Polygon",
        "coordinates": [
          [
            [
              -560015.8,
              44894.773
            ],
            [
              -529201.0,
              44894.773
            ],
            [
              -529201.0,
              75599.0
            ],
            [
              -560015.8,
              75599.0
            ],
            [
              -560015.8,
              44894.773
            ]
          ]
        ]
      }
    },
    {
      "type": "Feature",
      "properties": {
        "id": "9LAQ1PMEVQJH9JSJLIOLPCLUB",
        "gridName": "HLOD0_256m_4095m"
      },
      "geometry": {
        "type": "Polygon",
        "coordinates": [
          [
            [
              378000.0,
              176400.0
            ],
            [
              403200.0,
              176400.0
            ],
            [
              403200.0,
              201600.0
            ],
            [
              378000.0,
              201600.0
            ],
            [
              378000.0,
              176400.0
            ]
          ]
        ]
      }
    },
    {
      "type": "Feature",
      "properties": {
        "id": "9M5SFJX47R2GRY9U6OQP18IJJ",
        "gridName": "MainGrid"
      },
      "geometry": {
        "type": "Polygon",
        "coordinates": [
          [
            [
              1.0,
              -90078.734
            ],
            [
              32896.906,
              -90078.734
            ],
            [
              32896.906,
              -10276.635
            ],
            [
              1.0,
              -10276.635
            ],
            [
              1.0,
              -90078.734
            ]
          ]
        ]
      }
    },
    {
      "type": "Feature",
      "properties": {
        "id": "9MENC6WRA3O716TKF2D8QFFSJ",
        "gridName": "MainGrid"
      },
      "geometry": {
        "type": "Polygon",
        "coordinates": [
          [
            [
              113400.0,
              289800.0
            ],
            [
              113400.0,
              289800.0
            ],
            [
              113400.0,
              289800.0
            ],
            [
              113400.0,
              289800.0
            ],
            [
              113400.0,
              289800.0
            ]
          ]
        ]
      }
    },
    {
      "type": "Feature",
      "properties": {
        "id": "9MMWJXB0NH48B0KAWGZS4UKSC",
        "gridName": "HLOD0_256m_767m"
      },
      "geometry": {
        "type": "Polygon",
        "coordinates": [
          [
            [
              100800.0,
              50400.0
            ],
            [
              126000.0,
              50400.0
            ],
            [
              126000.0,
              75600.0
            ],
            [
              100800.0,
              75600.0
            ],
            [
              100800.0,
              50400.0
            ]
          ]
        ]
      }
    },
    {
      "type": "Feature",
      "properties": {
        "id": "9N5524XR1X0S4J8UHBU5CWJNC",
        "gridName": "HLOD0_256m_4095m"
      },
      "geometry": {
        "type": "Polygon",
        "coordinates": [
          [
            [
              126000.0,
              0.0
            ],
            [
              151200.0,
              0.0
            ],
            [
              151200.0,
              25200.0
            ],
            [
              126000.0,
              25200.0
            ],
            [
              126000.0,
              0.0
            ]
          ]
        ]
      }
    },
    {
      "type": "Feature",
      "properties": {
        "id": "9NGGAHB6F8GHS3LG4WISNF9AN",
        "gridName": "MainGrid"
      },
      "geometry": {
        "type": "Polygon",
        "coordinates": [
          [
            [
              -579599.0,
              -125999.0
            ],
            [
              -554401.0,
              -125999.0
            ],
            [
              -554401.0,
              -100801.0
            ],
            [
              -579599.0,
              -100801.0
            ],
            [
              -579599.0,
              -125999.0
            ]
          ]
        ]
      }
    },
    {
      "type": "Feature",
      "properties": {
        "id": "9NJDWLN8CE96VC7ULDUE2965B",
        "gridName": "VisualGrid"
      },
      "geometry": {
        "type": "Polygon",
        "coordinates": [
          [
            [
              67004.91,
              50238.668
            ],
            [
              98383.734,
              50238.668
            ],
            [
              98383.734,
              83999.484
            ],
            [
              67004.91,
              83999.484
            ],
            [
              67004.91,
              50238.668
            ]
          ]
        ]
      }
    },
    {
      "type": "Feature",
      "properties": {
        "id": "9O84FXNZWZ3QFLPBAEQ9PZUZ7",
        "gridName": "HLOD0_256m_4095m"
      },
      "geometry": {
        "type": "Polygon",
        "coordinates": [
          [
            [
              -504000.0,
              -504000.0
            ],
            [
              -453600.0,
              -504000.0
            ],
            [
              -453600.0,
              -453600.0
            ],
            [
              -504000.0,
              -453600.0
            ],
            [
              -504000.0,
              -504000.0
            ]
          ]
        ]
      }
    },
    {
      "type": "Feature",
      "properties": {
        "id": "9OC5ERUPVJ4WHF0QJPZS47DOZ",
        "gridName": "HLOD0_256m_4095m"
      },
      "geometry": {
        "type": "Polygon",
        "coordinates": [
          [
            [
              226800.0,
              75600.0
            ],
            [
              252000.0,
              75600.0
            ],
            [
              252000.0,
              100800.0
            ],
            [
              226800.0,
              100800.0
            ],
            [
              226800.0,
              75600.0
            ]
          ]
        ]
      }
    },
    {
      "type": "Feature",
      "properties": {
        "id": "9OJH8F7W6XBWJ9F1W2PJIQP9B",
        "gridName": "MainGrid"
      },
      "geometry": {
        "type": "Polygon",
        "coordinates": [
          [
            [
              390600.0,
              -63000.0
            ],
            [
              390600.0,
              -63000.0
            ],
            [
              390600.0,
              -63000.0
            ],
            [
              390600.0,
              -63000.0
            ],
            [
              390600.0,
              -63000.0
            ]
          ]
        ]
      }
    },
    {
      "type": "Feature",
      "properties": {
        "id": "9QAHBALBQD4FDY0RPLQ5J699N",
        "gridName": "MainGrid"
      },
      "geometry": {
        "type": "Polygon",
        "coordinates": [
          [
            [
              415800.0,
              37800.0
            ],
            [
              415800.0,
              37800.0
            ],
            [
              415800.0,
              37800.0
            ],
            [
              415800.0,
              37800.0
            ],
            [
              415800.0,
              37800.0
            ]
          ]
        ]
      }
    },
    {
      "type": "Feature",
      "properties": {
        "id": "9QL50M61Q5E51FDLOM5UBYZII",
        "gridName": "MainGrid"
      },
      "geometry": {
        "type": "Polygon",
        "coordinates": [
          [
            [
              96238.47,
              123754.31
            ],
            [
              142411.47,
              123754.31
            ],
            [
              142411.47,
              157914.83
            ],
            [
              96238.47,
              157914.83
            ],
            [
              96238.47,
              123754.31
            ]
          ]
        ]
      }
    },
    {
      "type": "Feature",
      "properties": {
        "id": "9QNS5FBGBQQ72UE0ROMH3DPUO",
        "gridName": "MainGrid"
      },
      "geometry": {
        "type": "Polygon",
        "coordinates": [
          [
            [
              -75599.0,
              126001.0
            ],
            [
              -50401.0,
              126001.0
            ],
            [
              -50401.0,
              151199.0
            ],
            [
              -75599.0,
              151199.0
            ],
            [
              -75599.0,
              126001.0
            ]
          ]
        ]
      }
    },
    {
      "type": "Feature",
      "properties": {
        "id": "9QPGXGAN7236AX8HB2M4U85NN",
        "gridName": "HLOD0_256m_4095m"
      },
      "geometry": {
        "type": "Polygon",
        "coordinates": [
          [
            [
              25200.0,
              75600.0
            ],
            [
              50400.0,
              75600.0
            ],
            [
              50400.0,
              100800.0
            ],
            [
              25200.0,
              100800.0
            ],
            [
              25200.0,
              75600.0
            ]
          ]
        ]
      }
    },
    {
      "type": "Feature",
      "properties": {
        "id": "9RF84ZHN0DJ7KS0THLZ7J9WQV",
        "gridName": "MainGrid"
      },
      "geometry": {
        "type": "Polygon",
        "coordinates": [
          [
            [
              415800.0,
              63000.0
            ],
            [
              415800.0,
              63000.0
            ],
            [
              415800.0,
              63000.0
            ],
            [
              415800.0,
              63000.0
            ],
            [
              415800.0,
              63000.0
            ]
          ]
        ]
      }
    },
    {
      "type": "Feature",
      "properties": {
        "id": "9SN8S2FISY8IVVMXNOAK8I57H",
        "gridName": "MainGrid"
      },
      "geometry": {
        "type": "Polygon",
        "coordinates": [
          [
            [
              232485.6,
              -118730.55
            ],
            [
              320672.06,
              -118730.55
            ],
            [
              320672.06,
              -483.61832
            ],
            [
              232485.6,
              -483.61832
            ],
            [
              232485.6,
              -118730.55
            ]
          ]
        ]
      }
    },
    {
      "type": "Feature",
      "properties": {
        "id": "9SNOORAOI0PNJP5G9BAR0RCTN",
        "gridName": "MainGrid"
      },
      "geometry": {
        "type": "Polygon",
        "coordinates": [
          [
            [
              415800.0,
              214200.0
            ],
            [
              415800.0,
              214200.0
            ],
            [
              415800.0,
              214200.0
            ],
            [
              415800.0,
              214200.0
            ],
            [
              415800.0,
              214200.0
            ]
          ]
        ]
      }
    },
    {
      "type": "Feature",
      "properties": {
        "id": "9SS3GUA6UKF6301K83J9BTIMN",
        "gridName": "MainGrid"
      },
      "geometry": {
        "type": "Polygon",
        "coordinates": [
          [
            [
              -793209.7,
              706612.2
            ],
            [
              -764496.75,
              706612.2
            ],
            [
              -764496.75,
              735824.9
            ],
            [
              -793209.7,
              735824.9
            ],
            [
              -793209.7,
              706612.2
            ]
          ]
        ]
      }
    },
    {
      "type": "Feature",
      "properties": {
        "id": "9SWNG7MW0UZUE9OL40NXQKFT4",
        "gridName": "MainGrid"
      },
      "geometry": {
        "type": "Polygon",
        "coordinates": [
          [
            [
              -604799.0,
              -151199.0
            ],
            [
              -579601.0,
              -151199.0
            ],
            [
              -579601.0,
              -126001.0
            ],
            [
              -604799.0,
              -126001.0
            ],
            [
              -604799.0,
              -151199.0
            ]
          ]
        ]
      }
    },
    {
      "type": "Feature",
      "properties": {
        "id": "9T6AR5VI942CQIZ5ZDJZ2KMOJ",
        "gridName": "MainGrid"
      },
      "geometry": {
        "type": "Polygon",
        "coordinates": [
          [
            [
              -790400.0,
              724811.6
            ],
            [
              -747558.7,
              724811.6
            ],
            [
              -747558.7,
              760600.0
            ],
            [
              -790400.0,
              760600.0
            ],
            [
              -790400.0,
              724811.6
            ]
          ]
        ]
      }
    },
    {
      "type": "Feature",
      "properties": {
        "id": "9TE64YT3DBR8WNTVNIBPL4JL2",
        "gridName": "MainGrid"
      },
      "geometry": {
        "type": "Polygon",
        "coordinates": [
          [
            [
              75601.0,
              403201.0
            ],
            [
              104049.67,
              403201.0
            ],
            [
              104049.67,
              432759.3
            ],
            [
              75601.0,
              432759.3
            ],
            [
              75601.0,
              403201.0
            ]
          ]
        ]
      }
    },
    {
      "type": "Feature",
      "properties": {
        "id": "9TEXPRM60174I7Z7JH9TWR54K",
        "gridName": "MainGrid"
      },
      "geometry": {
        "type": "Polygon",
        "coordinates": [
          [
            [
              -125999.0,
              100801.0
            ],
            [
              -100801.0,
              100801.0
            ],
            [
              -100801.0,
              125999.0
            ],
            [
              -125999.0,
              125999.0
            ],
            [
              -125999.0,
              100801.0
            ]
          ]
        ]
      }
    },
    {
      "type": "Feature",
      "properties": {
        "id": "9TIOCDQO6TBPS73ZCXGSJL3LE",
        "gridName": "MainGrid"
      },
      "geometry": {
        "type": "Polygon",
        "coordinates": [
          [
            [
              -178820.11,
              -71429.25
            ],
            [
              -155203.3,
              -71429.25
            ],
            [
              -155203.3,
              -43137.316
            ],
            [
              -178820.11,
              -43137.316
            ],
            [
              -178820.11,
              -71429.25
            ]
          ]
        ]
      }
    },
    {
      "type": "Feature",
      "properties": {
        "id": "9U61LNBE46TSOGJA86304PEPS",
        "gridName": "HLOD0_256m_4095m"
      },
      "geometry": {
        "type": "Polygon",
        "coordinates": [
          [
            [
              100800.0,
              50400.0
            ],
            [
              126000.0,
              50400.0
            ],
            [
              126000.0,
              75600.0
            ],
            [
              100800.0,
              75600.0
            ],
            [
              100800.0,
              50400.0
            ]
          ]
        ]
      }
    },
    {
      "type": "Feature",
      "properties": {
        "id": "9UPMLTS2WYZPLREW2WX5DUQSF",
        "gridName": "MainGrid"
      },
      "geometry": {
        "type": "Polygon",
        "coordinates": [
          [
            [
              -604799.0,
              -277199.0
            ],
            [
              -579601.0,
              -277199.0
            ],
            [
              -579601.0,
              -252001.0
            ],
            [
              -604799.0,
              -252001.0
            ],
            [
              -604799.0,
              -277199.0
            ]
          ]
        ]
      }
    },
    {
      "type": "Feature",
      "properties": {
        "id": "9WMW3ZVFKVQ3S75YVVD0JD8JI",
        "gridName": "MainGrid"
      },
      "geometry": {
        "type": "Polygon",
        "coordinates": [
          [
            [
              -579599.0,
              176401.0
            ],
            [
              -554401.0,
              176401.0
            ],
            [
              -554401.0,
              201599.0
            ],
            [
              -579599.0,
              201599.0
            ],
            [
              -579599.0,
              176401.0
            ]
          ]
        ]
      }
    },
    {
      "type": "Feature",
      "properties": {
        "id": "9XEWPVXOTZKDIDPS69Q21SDAH",
        "gridName": "MainGrid"
      },
      "geometry": {
        "type": "Polygon",
        "coordinates": [
          [
            [
              -529199.0,
              25201.0
            ],
            [
              -504001.0,
              25201.0
            ],
            [
              -504001.0,
              50399.0
            ],
            [
              -529199.0,
              50399.0
            ],
            [
              -529199.0,
              25201.0
            ]
          ]
        ]
      }
    },
    {
      "type": "Feature",
      "properties": {
        "id": "9XRPAH1WZVAUT1GUI03M2RMKF",
        "gridName": "HLOD0_256m_4095m"
      },
      "geometry": {
        "type": "Polygon",
        "coordinates": [
          [
            [
              50400.0,
              -75600.0
            ],
            [
              75600.0,
              -75600.0
            ],
            [
              75600.0,
              -50400.0
            ],
            [
              50400.0,
              -50400.0
            ],
            [
              50400.0,
              -75600.0
            ]
          ]
        ]
      }
    },
    {
      "type": "Feature",
      "properties": {
        "id": "9Y6R3VBZ4SBWHV7T3RIYD3TGN",
        "gridName": "MainGrid"
      },
      "geometry": {
        "type": "Polygon",
        "coordinates": [
          [
            [
              378001.0,
              201601.0
            ],
            [
              403199.0,
              201601.0
            ],
            [
              403199.0,
              226799.0
            ],
            [
              378001.0,
              226799.0
            ],
            [
              378001.0,
              201601.0
            ]
          ]
        ]
      }
    },
    {
      "type": "Feature",
      "properties": {
        "id": "9YCLOLHRUKCQKDBCSMZT1B9OZ",
        "gridName": "MainGrid"
      },
      "geometry": {
        "type": "Polygon",
        "coordinates": [
          [
            [
              -579599.0,
              75601.0
            ],
            [
              -554401.0,
              75601.0
            ],
            [
              -554401.0,
              100799.0
            ],
            [
              -579599.0,
              100799.0
            ],
            [
              -579599.0,
              75601.0
            ]
          ]
        ]
      }
    },
    {
      "type": "Feature",
      "properties": {
        "id": "9Z7HOGUXE9PMX5I0TYZAZYLHP",
        "gridName": "MainGrid"
      },
      "geometry": {
        "type": "Polygon",
        "coordinates": [
          [
            [
              -761466.6,
              755862.6
            ],
            [
              -724807.06,
              755862.6
            ],
            [
              -724807.06,
              781199.0
            ],
            [
              -761466.6,
              781199.0
            ],
            [
              -761466.6,
              755862.6
            ]
          ]
        ]
      }
    },
    {
      "type": "Feature",
      "properties": {
        "id": "9ZVB5JO3MQ3OHGP0QM6AUDI8N",
        "gridName": "MainGrid"
      },
      "geometry": {
        "type": "Polygon",
        "coordinates": [
          [
            [
              126001.0,
              428401.0
            ],
            [
              151199.0,
              428401.0
            ],
            [
              151199.0,
              453599.0
            ],
            [
              126001.0,
              453599.0
            ],
            [
              126001.0,
              428401.0
            ]
          ]
        ]
      }
    },
    {
      "type": "Feature",
      "properties": {
        "id": "A0GLMDYIRE6K6GMU067AI1YXK",
        "gridName": "HLOD0_256m_4095m"
      },
      "geometry": {
        "type": "Polygon",
        "coordinates": [
          [
            [
              -453600.0,
              -151200.0
            ],
            [
              -428400.0,
              -151200.0
            ],
            [
              -428400.0,
              -126000.0
            ],
            [
              -453600.0,
              -126000.0
            ],
            [
              -453600.0,
              -151200.0
            ]
          ]
        ]
      }
    },
    {
      "type": "Feature",
      "properties": {
        "id": "A14LWO0DXCI72ZW1JX6IANE4W",
        "gridName": "MainGrid"
      },
      "geometry": {
        "type": "Polygon",
        "coordinates": [
          [
            [
              245926.44,
              -27251.143
            ],
            [
              277199.0,
              -27251.143
            ],
            [
              277199.0,
              -1.0
            ],
            [
              245926.44,
              -1.0
            ],
            [
              245926.44,
              -27251.143
            ]
          ]
        ]
      }
    },
    {
      "type": "Feature",
      "properties": {
        "id": "A2D8RY74ORE30IYAA9SRHQZTG",
        "gridName": "MainGrid"
      },
      "geometry": {
        "type": "Polygon",
        "coordinates": [
          [
            [
              100063.33,
              -7847.647
            ],
            [
              131989.83,
              -7847.647
            ],
            [
              131989.83,
              25200.0
            ],
            [
              100063.33,
              25200.0
            ],
            [
              100063.33,
              -7847.647
            ]
          ]
        ]
      }
    },
    {
      "type": "Feature",
      "properties": {
        "id": "A2X31ZJC46FYMX58TPOQDO061",
        "gridName": "VisualGrid"
      },
      "geometry": {
        "type": "Polygon",
        "coordinates": [
          [
            [
              186376.72,
              22911.334
            ],
            [
              205714.67,
              22911.334
            ],
            [
              205714.67,
              50445.273
            ],
            [
              186376.72,
              50445.273
            ],
            [
              186376.72,
              22911.334
            ]
          ]
        ]
      }
    },
    {
      "type": "Feature",
      "properties": {
        "id": "A3YB8FTBEOKJXAD5Y38YDWZ18",
        "gridName": "VisualGrid"
      },
      "geometry": {
        "type": "Polygon",
        "coordinates": [
          [
            [
              69932.195,
              51449.336
            ],
            [
              98650.56,
              51449.336
            ],
            [
              98650.56,
              79678.96
            ],
            [
              69932.195,
              79678.96
            ],
            [
              69932.195,
              51449.336
            ]
          ]
        ]
      }
    },
    {
      "type": "Feature",
      "properties": {
        "id": "A3ZIKDFUEYAHP9AJM15YR3MZF",
        "gridName": "MainGrid"
      },
      "geometry": {
        "type": "Polygon",
        "coordinates": [
          [
            [
              -584696.25,
              -253479.75
            ],
            [
              -524336.44,
              -253479.75
            ],
            [
              -524336.44,
              -202371.31
            ],
            [
              -584696.25,
              -202371.31
            ],
            [
              -584696.25,
              -253479.75
            ]
          ]
        ]
      }
    },
    {
      "type": "Feature",
      "properties": {
        "id": "A476XVZRFURSYZLZ02F71627N",
        "gridName": "MainGrid"
      },
      "geometry": {
        "type": "Polygon",
        "coordinates": [
          [
            [
              -125999.0,
              151201.0
            ],
            [
              -100801.0,
              151201.0
            ],
            [
              -100801.0,
              176399.0
            ],
            [
              -125999.0,
              176399.0
            ],
            [
              -125999.0,
              151201.0
            ]
          ]
        ]
      }
    },
    {
      "type": "Feature",
      "properties": {
        "id": "A5YRR6P705J4CSN1WQGYKNE6L",
        "gridName": "MainGrid"
      },
      "geometry": {
        "type": "Polygon",
        "coordinates": [
          [
            [
              -503999.0,
              -302399.0
            ],
            [
              -478801.0,
              -302399.0
            ],
            [
              -478801.0,
              -277201.0
            ],
            [
              -503999.0,
              -277201.0
            ],
            [
              -503999.0,
              -302399.0
            ]
          ]
        ]
      }
    },
    {
      "type": "Feature",
      "properties": {
        "id": "A66MIYJLURG8URKDM7KOSXZPH",
        "gridName": "MainGrid"
      },
      "geometry": {
        "type": "Polygon",
        "coordinates": [
          [
            [
              -579599.0,
              -201599.0
            ],
            [
              -554401.0,
              -201599.0
            ],
            [
              -554401.0,
              -176401.0
            ],
            [
              -579599.0,
              -176401.0
            ],
            [
              -579599.0,
              -201599.0
            ]
          ]
        ]
      }
    },
    {
      "type": "Feature",
      "properties": {
        "id": "A6CTIP6WUF4VH8QLBXZJLX02Y",
        "gridName": "MainGrid"
      },
      "geometry": {
        "type": "Polygon",
        "coordinates": [
          [
            [
              290906.72,
              1.0
            ],
            [
              334533.22,
              1.0
            ],
            [
              334533.22,
              30278.973
            ],
            [
              290906.72,
              30278.973
            ],
            [
              290906.72,
              1.0
            ]
          ]
        ]
      }
    },
    {
      "type": "Feature",
      "properties": {
        "id": "A6QCYM2C1V9J2I6OLB6PBRV8Y",
        "gridName": "MainGrid"
      },
      "geometry": {
        "type": "Polygon",
        "coordinates": [
          [
            [
              -176399.0,
              50401.0
            ],
            [
              -151201.0,
              50401.0
            ],
            [
              -151201.0,
              75599.0
            ],
            [
              -176399.0,
              75599.0
            ],
            [
              -176399.0,
              50401.0
            ]
          ]
        ]
      }
    },
    {
      "type": "Feature",
      "properties": {
        "id": "A6SXKTIQQBWL11IJU5M73GQM9",
        "gridName": "HLOD0_256m_4095m"
      },
      "geometry": {
        "type": "Polygon",
        "coordinates": [
          [
            [
              50400.0,
              100800.0
            ],
            [
              75600.0,
              100800.0
            ],
            [
              75600.0,
              126000.0
            ],
            [
              50400.0,
              126000.0
            ],
            [
              50400.0,
              100800.0
            ]
          ]
        ]
      }
    },
    {
      "type": "Feature",
      "properties": {
        "id": "A74LO2DGBB2V63816X46FZRO0",
        "gridName": "MainGrid"
      },
      "geometry": {
        "type": "Polygon",
        "coordinates": [
          [
            [
              415800.0,
              189000.0
            ],
            [
              415800.0,
              189000.0
            ],
            [
              415800.0,
              189000.0
            ],
            [
              415800.0,
              189000.0
            ],
            [
              415800.0,
              189000.0
            ]
          ]
        ]
      }
    },
    {
      "type": "Feature",
      "properties": {
        "id": "A7FERMD992YMVYVLXSOMILV4K",
        "gridName": "MainGrid"
      },
      "geometry": {
        "type": "Polygon",
        "coordinates": [
          [
            [
              -75599.0,
              25201.0
            ],
            [
              -50401.0,
              25201.0
            ],
            [
              -50401.0,
              50399.0
            ],
            [
              -75599.0,
              50399.0
            ],
            [
              -75599.0,
              25201.0
            ]
          ]
        ]
      }
    },
    {
      "type": "Feature",
      "properties": {
        "id": "A7KL3B9P3HPOIOKLV497UU0M7",
        "gridName": "MainGrid"
      },
      "geometry": {
        "type": "Polygon",
        "coordinates": [
          [
            [
              345516.56,
              42849.035
            ],
            [
              379067.7,
              42849.035
            ],
            [
              379067.7,
              80731.36
            ],
            [
              345516.56,
              80731.36
            ],
            [
              345516.56,
              42849.035
            ]
          ]
        ]
      }
    },
    {
      "type": "Feature",
      "properties": {
        "id": "A7LFFKNUMRPHH3KKC9F9KLQZN",
        "gridName": "HLOD0_256m_4095m"
      },
      "geometry": {
        "type": "Polygon",
        "coordinates": [
          [
            [
              100800.0,
              -75600.0
            ],
            [
              126000.0,
              -75600.0
            ],
            [
              126000.0,
              -50400.0
            ],
            [
              100800.0,
              -50400.0
            ],
            [
              100800.0,
              -75600.0
            ]
          ]
        ]
      }
    },
    {
      "type": "Feature",
      "properties": {
        "id": "A94X717J3CPANB1G1OED95UKD",
        "gridName": "HLOD0_256m_4095m"
      },
      "geometry": {
        "type": "Polygon",
        "coordinates": [
          [
            [
              50400.0,
              25200.0
            ],
            [
              75600.0,
              25200.0
            ],
            [
              75600.0,
              50400.0
            ],
            [
              50400.0,
              50400.0
            ],
            [
              50400.0,
              25200.0
            ]
          ]
        ]
      }
    },
    {
      "type": "Feature",
      "properties": {
        "id": "AA1UXNGUDYS2W6YQMVHWAOK8U",
        "gridName": "HLOD0_256m_4095m"
      },
      "geometry": {
        "type": "Polygon",
        "coordinates": [
          [
            [
              -126000.0,
              630000.0
            ],
            [
              -100800.0,
              630000.0
            ],
            [
              -100800.0,
              655200.0
            ],
            [
              -126000.0,
              655200.0
            ],
            [
              -126000.0,
              630000.0
            ]
          ]
        ]
      }
    },
    {
      "type": "Feature",
      "properties": {
        "id": "AAC38T3D19X5TJ1V6H5VEPCYW",
        "gridName": "HLOD0_256m_4095m"
      },
      "geometry": {
        "type": "Polygon",
        "coordinates": [
          [
            [
              126000.0,
              100800.0
            ],
            [
              151200.0,
              100800.0
            ],
            [
              151200.0,
              126000.0
            ],
            [
              126000.0,
              126000.0
            ],
            [
              126000.0,
              100800.0
            ]
          ]
        ]
      }
    },
    {
      "type": "Feature",
      "properties": {
        "id": "AAVIOF395OAEUS8RIRMVLG5WZ",
        "gridName": "MainGrid"
      },
      "geometry": {
        "type": "Polygon",
        "coordinates": [
          [
            [
              -201599.0,
              151201.0
            ],
            [
              -176401.0,
              151201.0
            ],
            [
              -176401.0,
              176399.0
            ],
            [
              -201599.0,
              176399.0
            ],
            [
              -201599.0,
              151201.0
            ]
          ]
        ]
      }
    },
    {
      "type": "Feature",
      "properties": {
        "id": "AD20WC7T6KCLHRV878UFTFJVJ",
        "gridName": "MainGrid"
      },
      "geometry": {
        "type": "Polygon",
        "coordinates": [
          [
            [
              -655199.0,
              -151199.0
            ],
            [
              -630001.0,
              -151199.0
            ],
            [
              -630001.0,
              -126001.0
            ],
            [
              -655199.0,
              -126001.0
            ],
            [
              -655199.0,
              -151199.0
            ]
          ]
        ]
      }
    },
    {
      "type": "Feature",
      "properties": {
        "id": "AD3LRZUHEANSMNK9ELSXQB7QN",
        "gridName": "MainGrid"
      },
      "geometry": {
        "type": "Polygon",
        "coordinates": [
          [
            [
              190283.55,
              75400.51
            ],
            [
              232243.83,
              75400.51
            ],
            [
              232243.83,
              111091.72
            ],
            [
              190283.55,
              111091.72
            ],
            [
              190283.55,
              75400.51
            ]
          ]
        ]
      }
    },
    {
      "type": "Feature",
      "properties": {
        "id": "ADEUN9BKZPRYXDYR1ZOOCEMYQ",
        "gridName": "HLOD0_256m_767m"
      },
      "geometry": {
        "type": "Polygon",
        "coordinates": [
          [
            [
              252000.0,
              504000.0
            ],
            [
              302400.0,
              504000.0
            ],
            [
              302400.0,
              554400.0
            ],
            [
              252000.0,
              554400.0
            ],
            [
              252000.0,
              504000.0
            ]
          ]
        ]
      }
    },
    {
      "type": "Feature",
      "properties": {
        "id": "ADR1XG2U0YP4S64T0O1H85I5Q",
        "gridName": "MainGrid"
      },
      "geometry": {
        "type": "Polygon",
        "coordinates": [
          [
            [
              352801.0,
              -75599.0
            ],
            [
              377999.0,
              -75599.0
            ],
            [
              377999.0,
              -50401.0
            ],
            [
              352801.0,
              -50401.0
            ],
            [
              352801.0,
              -75599.0
            ]
          ]
        ]
      }
    },
    {
      "type": "Feature",
      "properties": {
        "id": "AE2Q45I0M69E72TU8S2VQSDPU",
        "gridName": "HLOD0_256m_4095m"
      },
      "geometry": {
        "type": "Polygon",
        "coordinates": [
          [
            [
              -806400.0,
              756000.0
            ],
            [
              -781200.0,
              756000.0
            ],
            [
              -781200.0,
              781200.0
            ],
            [
              -806400.0,
              781200.0
            ],
            [
              -806400.0,
              756000.0
            ]
          ]
        ]
      }
    },
    {
      "type": "Feature",
      "properties": {
        "id": "AEFVM3PPTF03QI71W3RMCVVZD",
        "gridName": "HLOD0_256m_4095m"
      },
      "geometry": {
        "type": "Polygon",
        "coordinates": [
          [
            [
              277200.0,
              75600.0
            ],
            [
              302400.0,
              75600.0
            ],
            [
              302400.0,
              100800.0
            ],
            [
              277200.0,
              100800.0
            ],
            [
              277200.0,
              75600.0
            ]
          ]
        ]
      }
    },
    {
      "type": "Feature",
      "properties": {
        "id": "AFG05BGDV7249T1NTPP93E6OM",
        "gridName": "VisualGrid"
      },
      "geometry": {
        "type": "Polygon",
        "coordinates": [
          [
            [
              205521.62,
              -5090.606
            ],
            [
              232452.92,
              -5090.606
            ],
            [
              232452.92,
              27558.598
            ],
            [
              205521.62,
              27558.598
            ],
            [
              205521.62,
              -5090.606
            ]
          ]
        ]
      }
    },
    {
      "type": "Feature",
      "properties": {
        "id": "AFL7FN2MAHUSD13F39LQ5IT0O",
        "gridName": "MainGrid"
      },
      "geometry": {
        "type": "Polygon",
        "coordinates": [
          [
            [
              -109001.664,
              27279.34
            ],
            [
              -77033.29,
              27279.34
            ],
            [
              -77033.29,
              55186.363
            ],
            [
              -109001.664,
              55186.363
            ],
            [
              -109001.664,
              27279.34
            ]
          ]
        ]
      }
    },
    {
      "type": "Feature",
      "properties": {
        "id": "AFNU2MIEFXTKHVULUKKEX4NDG",
        "gridName": "HLOD0_256m_4095m"
      },
      "geometry": {
        "type": "Polygon",
        "coordinates": [
          [
            [
              302400.0,
              25200.0
            ],
            [
              327600.0,
              25200.0
            ],
            [
              327600.0,
              50400.0
            ],
            [
              302400.0,
              50400.0
            ],
            [
              302400.0,
              25200.0
            ]
          ]
        ]
      }
    },
    {
      "type": "Feature",
      "properties": {
        "id": "AFUFPB12NXMVRACNRNPF1R9T2",
        "gridName": "MainGrid"
      },
      "geometry": {
        "type": "Polygon",
        "coordinates": [
          [
            [
              126000.0,
              220500.0
            ],
            [
              176800.0,
              220500.0
            ],
            [
              176800.0,
              271300.0
            ],
            [
              126000.0,
              271300.0
            ],
            [
              126000.0,
              220500.0
            ]
          ]
        ]
      }
    },
    {
      "type": "Feature",
      "properties": {
        "id": "AFUJ77ZOCL9EHF9UAEG638JGO",
        "gridName": "MainGrid"
      },
      "geometry": {
        "type": "Polygon",
        "coordinates": [
          [
            [
              -503999.0,
              -354520.6
            ],
            [
              -478694.34,
              -354520.6
            ],
            [
              -478694.34,
              -294520.6
            ],
            [
              -503999.0,
              -294520.6
            ],
            [
              -503999.0,
              -354520.6
            ]
          ]
        ]
      }
    },
    {
      "type": "Feature",
      "properties": {
        "id": "AG1KM109TFIJ837NUSNY4AXX7",
        "gridName": "MainGrid"
      },
      "geometry": {
        "type": "Polygon",
        "coordinates": [
          [
            [
              -655199.0,
              -277199.0
            ],
            [
              -630001.0,
              -277199.0
            ],
            [
              -630001.0,
              -252001.0
            ],
            [
              -655199.0,
              -252001.0
            ],
            [
              -655199.0,
              -277199.0
            ]
          ]
        ]
      }
    },
    {
      "type": "Feature",
      "properties": {
        "id": "AGI8I8GY0CNY718Q7IG6ISBFA",
        "gridName": "MainGrid"
      },
      "geometry": {
        "type": "Polygon",
        "coordinates": [
          [
            [
              -29251.248,
              202001.67
            ],
            [
              -23295.875,
              202001.67
            ],
            [
              -23295.875,
              208118.94
            ],
            [
              -29251.248,
              208118.94
            ],
            [
              -29251.248,
              202001.67
            ]
          ]
        ]
      }
    },
    {
      "type": "Feature",
      "properties": {
        "id": "AH1KHVYOKGH2CP54XNL3JAWTA",
        "gridName": "MainGrid"
      },
      "geometry": {
        "type": "Polygon",
        "coordinates": [
          [
            [
              212378.66,
              -38853.56
            ],
            [
              258513.16,
              -38853.56
            ],
            [
              258513.16,
              7938.0566
            ],
            [
              212378.66,
              7938.0566
            ],
            [
              212378.66,
              -38853.56
            ]
          ]
        ]
      }
    },
    {
      "type": "Feature",
      "properties": {
        "id": "AI5XZCSPE37AKA91Z3FQHPNPM",
        "gridName": "MainGrid"
      },
      "geometry": {
        "type": "Polygon",
        "coordinates": [
          [
            [
              202200.0,
              105445.49
            ],
            [
              291666.88,
              105445.49
            ],
            [
              291666.88,
              200950.72
            ],
            [
              202200.0,
              200950.72
            ],
            [
              202200.0,
              105445.49
            ]
          ]
        ]
      }
    },
    {
      "type": "Feature",
      "properties": {
        "id": "AITUDVGA6FE714LPPU5QAJYFX",
        "gridName": "MainGrid"
      },
      "geometry": {
        "type": "Polygon",
        "coordinates": [
          [
            [
              327601.0,
              -25199.0
            ],
            [
              352799.0,
              -25199.0
            ],
            [
              352799.0,
              -1.0
            ],
            [
              327601.0,
              -1.0
            ],
            [
              327601.0,
              -25199.0
            ]
          ]
        ]
      }
    },
    {
      "type": "Feature",
      "properties": {
        "id": "AJZ39EM2UZNUR2WBP87NPW6BQ",
        "gridName": "VisualGrid"
      },
      "geometry": {
        "type": "Polygon",
        "coordinates": [
          [
            [
              -795991.44,
              673182.56
            ],
            [
              -758375.06,
              673182.56
            ],
            [
              -758375.06,
              705306.25
            ],
            [
              -795991.44,
              705306.25
            ],
            [
              -795991.44,
              673182.56
            ]
          ]
        ]
      }
    },
    {
      "type": "Feature",
      "properties": {
        "id": "AK1DM07NK3LJBYS62TONVRVNE",
        "gridName": "VisualGrid"
      },
      "geometry": {
        "type": "Polygon",
        "coordinates": [
          [
            [
              231824.8,
              75444.79
            ],
            [
              249574.02,
              75444.79
            ],
            [
              249574.02,
              97752.42
            ],
            [
              231824.8,
              97752.42
            ],
            [
              231824.8,
              75444.79
            ]
          ]
        ]
      }
    },
    {
      "type": "Feature",
      "properties": {
        "id": "AK9XU3CIXQ0SO97MX62D3OETE",
        "gridName": "MainGrid"
      },
      "geometry": {
        "type": "Polygon",
        "coordinates": [
          [
            [
              -25199.0,
              75601.0
            ],
            [
              2575.5586,
              75601.0
            ],
            [
              2575.5586,
              100799.0
            ],
            [
              -25199.0,
              100799.0
            ],
            [
              -25199.0,
              75601.0
            ]
          ]
        ]
      }
    },
    {
      "type": "Feature",
      "properties": {
        "id": "AKSB73G115NX9J764EL1MXW7M",
        "gridName": "MainGrid"
      },
      "geometry": {
        "type": "Polygon",
        "coordinates": [
          [
            [
              -554399.0,
              -201599.0
            ],
            [
              -529201.0,
              -201599.0
            ],
            [
              -529201.0,
              -176401.0
            ],
            [
              -554399.0,
              -176401.0
            ],
            [
              -554399.0,
              -201599.0
            ]
          ]
        ]
      }
    },
    {
      "type": "Feature",
      "properties": {
        "id": "ALNG9BVUEI5C7NEZRMIRQK1MG",
        "gridName": "MainGrid"
      },
      "geometry": {
        "type": "Polygon",
        "coordinates": [
          [
            [
              321634.78,
              143717.64
            ],
            [
              361160.88,
              143717.64
            ],
            [
              361160.88,
              184612.5
            ],
            [
              321634.78,
              184612.5
            ],
            [
              321634.78,
              143717.64
            ]
          ]
        ]
      }
    },
    {
      "type": "Feature",
      "properties": {
        "id": "ALOKUTNS9JYR3RY6TSD59ZRP1",
        "gridName": "VisualGrid"
      },
      "geometry": {
        "type": "Polygon",
        "coordinates": [
          [
            [
              242839.94,
              15836.766
            ],
            [
              269527.3,
              15836.766
            ],
            [
              269527.3,
              54959.297
            ],
            [
              242839.94,
              54959.297
            ],
            [
              242839.94,
              15836.766
            ]
          ]
        ]
      }
    },
    {
      "type": "Feature",
      "properties": {
        "id": "ALZ91B40IKNBUY9J3C6RTD7E9",
        "gridName": "HLOD0_256m_4095m"
      },
      "geometry": {
        "type": "Polygon",
        "coordinates": [
          [
            [
              -856800.0,
              705600.0
            ],
            [
              -831600.0,
              705600.0
            ],
            [
              -831600.0,
              730800.0
            ],
            [
              -856800.0,
              730800.0
            ],
            [
              -856800.0,
              705600.0
            ]
          ]
        ]
      }
    },
    {
      "type": "Feature",
      "properties": {
        "id": "AM8Y1S0A0KK6182U2IBFICU0Z",
        "gridName": "MainGrid"
      },
      "geometry": {
        "type": "Polygon",
        "coordinates": [
          [
            [
              -151199.0,
              176401.0
            ],
            [
              -126001.0,
              176401.0
            ],
            [
              -126001.0,
              201599.0
            ],
            [
              -151199.0,
              201599.0
            ],
            [
              -151199.0,
              176401.0
            ]
          ]
        ]
      }
    },
    {
      "type": "Feature",
      "properties": {
        "id": "AME1L0TIARLQ7PXOO8DQ4XVXX",
        "gridName": "MainGrid"
      },
      "geometry": {
        "type": "Polygon",
        "coordinates": [
          [
            [
              -201599.0,
              173052.92
            ],
            [
              -175539.44,
              173052.92
            ],
            [
              -175539.44,
              201599.0
            ],
            [
              -201599.0,
              201599.0
            ],
            [
              -201599.0,
              173052.92
            ]
          ]
        ]
      }
    },
    {
      "type": "Feature",
      "properties": {
        "id": "AMIH1GOXGIV73GQJPWAG0YWZY",
        "gridName": "MainGrid"
      },
      "geometry": {
        "type": "Polygon",
        "coordinates": [
          [
            [
              100801.0,
              -100799.0
            ],
            [
              132266.2,
              -100799.0
            ],
            [
              132266.2,
              -64500.707
            ],
            [
              100801.0,
              -64500.707
            ],
            [
              100801.0,
              -100799.0
            ]
          ]
        ]
      }
    },
    {
      "type": "Feature",
      "properties": {
        "id": "ANCYURXRPPLWWIRQNQCG67PXS",
        "gridName": "MainGrid"
      },
      "geometry": {
        "type": "Polygon",
        "coordinates": [
          [
            [
              -2729.227,
              47165.72
            ],
            [
              30085.611,
              47165.72
            ],
            [
              30085.611,
              86430.19
            ],
            [
              -2729.227,
              86430.19
            ],
            [
              -2729.227,
              47165.72
            ]
          ]
        ]
      }
    },
    {
      "type": "Feature",
      "properties": {
        "id": "ANZ6CLIWQ2W35DV8B8FVKF2IZ",
        "gridName": "VisualGrid"
      },
      "geometry": {
        "type": "Polygon",
        "coordinates": [
          [
            [
              32545.227,
              73566.41
            ],
            [
              36148.44,
              73566.41
            ],
            [
              36148.44,
              77169.62
            ],
            [
              32545.227,
              77169.62
            ],
            [
              32545.227,
              73566.41
            ]
          ]
        ]
      }
    },
    {
      "type": "Feature",
      "properties": {
        "id": "AP57513KBPE8DCQ0RRFZ86HUB",
        "gridName": "MainGrid"
      },
      "geometry": {
        "type": "Polygon",
        "coordinates": [
          [
            [
              272727.72,
              151201.0
            ],
            [
              304204.5,
              151201.0
            ],
            [
              304204.5,
              183892.62
            ],
            [
              272727.72,
              183892.62
            ],
            [
              272727.72,
              151201.0
            ]
          ]
        ]
      }
    },
    {
      "type": "Feature",
      "properties": {
        "id": "APKIZ4ITQDO4J1JBZM0D3OQ02",
        "gridName": "MainGrid"
      },
      "geometry": {
        "type": "Polygon",
        "coordinates": [
          [
            [
              151400.0,
              152678.89
            ],
            [
              181773.45,
              152678.89
            ],
            [
              181773.45,
              195100.0
            ],
            [
              151400.0,
              195100.0
            ],
            [
              151400.0,
              152678.89
            ]
          ]
        ]
      }
    },
    {
      "type": "Feature",
      "properties": {
        "id": "AR9IUDO94II4AD86YZSP95AD3",
        "gridName": "HLOD0_256m_767m"
      },
      "geometry": {
        "type": "Polygon",
        "coordinates": [
          [
            [
              50400.0,
              100800.0
            ],
            [
              75600.0,
              100800.0
            ],
            [
              75600.0,
              126000.0
            ],
            [
              50400.0,
              126000.0
            ],
            [
              50400.0,
              100800.0
            ]
          ]
        ]
      }
    },
    {
      "type": "Feature",
      "properties": {
        "id": "ARJ558KLCXKEIKWVBZLM3ATA1",
        "gridName": "MainGrid"
      },
      "geometry": {
        "type": "Polygon",
        "coordinates": [
          [
            [
              201601.0,
              245900.0
            ],
            [
              227600.0,
              245900.0
            ],
            [
              227600.0,
              277199.0
            ],
            [
              201601.0,
              277199.0
            ],
            [
              201601.0,
              245900.0
            ]
          ]
        ]
      }
    },
    {
      "type": "Feature",
      "properties": {
        "id": "ARRNU9GYJGR2RE30LNCRQB1HO",
        "gridName": "MainGrid"
      },
      "geometry": {
        "type": "Polygon",
        "coordinates": [
          [
            [
              176401.0,
              252001.0
            ],
            [
              201599.0,
              252001.0
            ],
            [
              201599.0,
              277199.0
            ],
            [
              176401.0,
              277199.0
            ],
            [
              176401.0,
              252001.0
            ]
          ]
        ]
      }
    },
    {
      "type": "Feature",
      "properties": {
        "id": "ASI8W8NNW642FH820J9AAKPS8",
        "gridName": "MainGrid"
      },
      "geometry": {
        "type": "Polygon",
        "coordinates": [
          [
            [
              -806606.44,
              695948.2
            ],
            [
              -771960.44,
              695948.2
            ],
            [
              -771960.44,
              730799.0
            ],
            [
              -806606.44,
              730799.0
            ],
            [
              -806606.44,
              695948.2
            ]
          ]
        ]
      }
    },
    {
      "type": "Feature",
      "properties": {
        "id": "ASQ3TD0083S5RA3IKE28VX3RE",
        "gridName": "MainGrid"
      },
      "geometry": {
        "type": "Polygon",
        "coordinates": [
          [
            [
              415800.0,
              12600.0
            ],
            [
              415800.0,
              12600.0
            ],
            [
              415800.0,
              12600.0
            ],
            [
              415800.0,
              12600.0
            ],
            [
              415800.0,
              12600.0
            ]
          ]
        ]
      }
    },
    {
      "type": "Feature",
      "properties": {
        "id": "ATJ531F6K00HWQZG9E40BRK7U",
        "gridName": "HLOD0_256m_4095m"
      },
      "geometry": {
        "type": "Polygon",
        "coordinates": [
          [
            [
              176400.0,
              -50400.0
            ],
            [
              201600.0,
              -50400.0
            ],
            [
              201600.0,
              -25200.0
            ],
            [
              176400.0,
              -25200.0
            ],
            [
              176400.0,
              -50400.0
            ]
          ]
        ]
      }
    },
    {
      "type": "Feature",
      "properties": {
        "id": "ATXRUYLKSFIPPRFBNSTHCTVIE",
        "gridName": "MainGrid"
      },
      "geometry": {
        "type": "Polygon",
        "coordinates": [
          [
            [
              -50399.0,
              75601.0
            ],
            [
              -25201.0,
              75601.0
            ],
            [
              -25201.0,
              100799.0
            ],
            [
              -50399.0,
              100799.0
            ],
            [
              -50399.0,
              75601.0
            ]
          ]
        ]
      }
    },
    {
      "type": "Feature",
      "properties": {
        "id": "ATZ6JMO2IBBKDZS18PTAVDAVF",
        "gridName": "HLOD0_256m_4095m"
      },
      "geometry": {
        "type": "Polygon",
        "coordinates": [
          [
            [
              0.0,
              226800.0
            ],
            [
              25200.0,
              226800.0
            ],
            [
              25200.0,
              252000.0
            ],
            [
              0.0,
              252000.0
            ],
            [
              0.0,
              226800.0
            ]
          ]
        ]
      }
    },
    {
      "type": "Feature",
      "properties": {
        "id": "AU5II3TULBN0VEFH4MGBTV1IY",
        "gridName": "MainGrid"
      },
      "geometry": {
        "type": "Polygon",
        "coordinates": [
          [
            [
              246681.17,
              144072.62
            ],
            [
              282721.28,
              144072.62
            ],
            [
              282721.28,
              185582.25
            ],
            [
              246681.17,
              185582.25
            ],
            [
              246681.17,
              144072.62
            ]
          ]
        ]
      }
    },
    {
      "type": "Feature",
      "properties": {
        "id": "AUZL31K3AZ8O77G49R5WH7TN9",
        "gridName": "MainGrid"
      },
      "geometry": {
        "type": "Polygon",
        "coordinates": [
          [
            [
              -747682.6,
              703154.5
            ],
            [
              -697698.3,
              703154.5
            ],
            [
              -697698.3,
              737263.8
            ],
            [
              -747682.6,
              737263.8
            ],
            [
              -747682.6,
              703154.5
            ]
          ]
        ]
      }
    },
    {
      "type": "Feature",
      "properties": {
        "id": "AV7EIEINI7Z2ZAO0QPSRYOU8Y",
        "gridName": "MainGrid"
      },
      "geometry": {
        "type": "Polygon",
        "coordinates": [
          [
            [
              13875.458,
              189028.06
            ],
            [
              16675.459,
              189028.06
            ],
            [
              16675.459,
              196628.06
            ],
            [
              13875.458,
              196628.06
            ],
            [
              13875.458,
              189028.06
            ]
          ]
        ]
      }
    },
    {
      "type": "Feature",
      "properties": {
        "id": "AWGX7YI0FRNBS0SN7Y3PN14N2",
        "gridName": "HLOD0_256m_4095m"
      },
      "geometry": {
        "type": "Polygon",
        "coordinates": [
          [
            [
              -352800.0,
              -478800.0
            ],
            [
              -327600.0,
              -478800.0
            ],
            [
              -327600.0,
              -453600.0
            ],
            [
              -352800.0,
              -453600.0
            ],
            [
              -352800.0,
              -478800.0
            ]
          ]
        ]
      }
    },
    {
      "type": "Feature",
      "properties": {
        "id": "AWPAJM4E2U31RYH3E0VA7HD74",
        "gridName": "MainGrid"
      },
      "geometry": {
        "type": "Polygon",
        "coordinates": [
          [
            [
              126001.0,
              201601.0
            ],
            [
              151199.0,
              201601.0
            ],
            [
              151199.0,
              226799.0
            ],
            [
              126001.0,
              226799.0
            ],
            [
              126001.0,
              201601.0
            ]
          ]
        ]
      }
    },
    {
      "type": "Feature",
      "properties": {
        "id": "AX3YMWBU6FA31W7NNFCPWK87S",
        "gridName": "MainGrid"
      },
      "geometry": {
        "type": "Polygon",
        "coordinates": [
          [
            [
              19679.467,
              48721.547
            ],
            [
              61329.465,
              48721.547
            ],
            [
              61329.465,
              86430.19
            ],
            [
              19679.467,
              86430.19
            ],
            [
              19679.467,
              48721.547
            ]
          ]
        ]
      }
    },
    {
      "type": "Feature",
      "properties": {
        "id": "AXAW0UFQAB0183CNHXC85RG5L",
        "gridName": "HLOD0_256m_4095m"
      },
      "geometry": {
        "type": "Polygon",
        "coordinates": [
          [
            [
              -705600.0,
              756000.0
            ],
            [
              -680400.0,
              756000.0
            ],
            [
              -680400.0,
              781200.0
            ],
            [
              -705600.0,
              781200.0
            ],
            [
              -705600.0,
              756000.0
            ]
          ]
        ]
      }
    },
    {
      "type": "Feature",
      "properties": {
        "id": "AXTWUOPM8FPDHO5J7ICHIOO6X",
        "gridName": "MainGrid"
      },
      "geometry": {
        "type": "Polygon",
        "coordinates": [
          [
            [
              -453599.0,
              -176399.0
            ],
            [
              -428401.0,
              -176399.0
            ],
            [
              -428401.0,
              -151201.0
            ],
            [
              -453599.0,
              -151201.0
            ],
            [
              -453599.0,
              -176399.0
            ]
          ]
        ]
      }
    },
    {
      "type": "Feature",
      "properties": {
        "id": "AXW0014S5BEJ2P9VITKK6G4CE",
        "gridName": "MainGrid"
      },
      "geometry": {
        "type": "Polygon",
        "coordinates": [
          [
            [
              100801.0,
              529201.0
            ],
            [
              125999.0,
              529201.0
            ],
            [
              125999.0,
              554399.0
            ],
            [
              100801.0,
              554399.0
            ],
            [
              100801.0,
              529201.0
            ]
          ]
        ]
      }
    },
    {
      "type": "Feature",
      "properties": {
        "id": "AZ74HHT61IA6T3AHJO8W5YAG3",
        "gridName": "HLOD0_256m_4095m"
      },
      "geometry": {
        "type": "Polygon",
        "coordinates": [
          [
            [
              302400.0,
              252000.0
            ],
            [
              327600.0,
              252000.0
            ],
            [
              327600.0,
              277200.0
            ],
            [
              302400.0,
              277200.0
            ],
            [
              302400.0,
              252000.0
            ]
          ]
        ]
      }
    },
    {
      "type": "Feature",
      "properties": {
        "id": "AZX12ZJAUVVRHYVVN9GNKF21F",
        "gridName": "MainGrid"
      },
      "geometry": {
        "type": "Polygon",
        "coordinates": [
          [
            [
              226801.0,
              98207.21
            ],
            [
              260289.44,
              98207.21
            ],
            [
              260289.44,
              127736.234
            ],
            [
              226801.0,
              127736.234
            ],
            [
              226801.0,
              98207.21
            ]
          ]
        ]
      }
    },
    {
      "type": "Feature",
      "properties": {
        "id": "B0FS6S9PGY9Z1RUHHJ6ZYPKAC",
        "gridName": "MainGrid"
      },
      "geometry": {
        "type": "Polygon",
        "coordinates": [
          [
            [
              -659697.4,
              -231472.34
            ],
            [
              -630001.0,
              -231472.34
            ],
            [
              -630001.0,
              -194730.34
            ],
            [
              -659697.4,
              -194730.34
            ],
            [
              -659697.4,
              -231472.34
            ]
          ]
        ]
      }
    },
    {
      "type": "Feature",
      "properties": {
        "id": "B0GQLC4E4501RQJQOLDZ74OII",
        "gridName": "MainGrid"
      },
      "geometry": {
        "type": "Polygon",
        "coordinates": [
          [
            [
              -102238.15,
              167915.2
            ],
            [
              -75601.0,
              167915.2
            ],
            [
              -75601.0,
              201599.0
            ],
            [
              -102238.15,
              201599.0
            ],
            [
              -102238.15,
              167915.2
            ]
          ]
        ]
      }
    },
    {
      "type": "Feature",
      "properties": {
        "id": "B0SHZ7DMP6JLNEDKN7NB3JR45",
        "gridName": "VisualGrid"
      },
      "geometry": {
        "type": "Polygon",
        "coordinates": [
          [
            [
              -703851.06,
              714068.1
            ],
            [
              -675895.5,
              714068.1
            ],
            [
              -675895.5,
              742073.56
            ],
            [
              -703851.06,
              742073.56
            ],
            [
              -703851.06,
              714068.1
            ]
          ]
        ]
      }
    },
    {
      "type": "Feature",
      "properties": {
        "id": "B19055MDRVNGYZ8QOCORSVF05",
        "gridName": "MainGrid"
      },
      "geometry": {
        "type": "Polygon",
        "coordinates": [
          [
            [
              277201.0,
              1.0
            ],
            [
              302399.0,
              1.0
            ],
            [
              302399.0,
              25199.0
            ],
            [
              277201.0,
              25199.0
            ],
            [
              277201.0,
              1.0
            ]
          ]
        ]
      }
    },
    {
      "type": "Feature",
      "properties": {
        "id": "B1JPDZ4S3CGPQFT27Z693L0HQ",
        "gridName": "MainGrid"
      },
      "geometry": {
        "type": "Polygon",
        "coordinates": [
          [
            [
              -333266.6,
              -478799.0
            ],
            [
              -302401.0,
              -478799.0
            ],
            [
              -302401.0,
              -451842.84
            ],
            [
              -333266.6,
              -451842.84
            ],
            [
              -333266.6,
              -478799.0
            ]
          ]
        ]
      }
    },
    {
      "type": "Feature",
      "properties": {
        "id": "B1PCAYW3LEDXQUUYROO38QKVJ",
        "gridName": "HLOD0_256m_4095m"
      },
      "geometry": {
        "type": "Polygon",
        "coordinates": [
          [
            [
              75600.0,
              176400.0
            ],
            [
              100800.0,
              176400.0
            ],
            [
              100800.0,
              201600.0
            ],
            [
              75600.0,
              201600.0
            ],
            [
              75600.0,
              176400.0
            ]
          ]
        ]
      }
    },
    {
      "type": "Feature",
      "properties": {
        "id": "B3HSV2FJ44CW5WNLU1QNJS4HP",
        "gridName": "MainGrid"
      },
      "geometry": {
        "type": "Polygon",
        "coordinates": [
          [
            [
              70502.516,
              -57985.688
            ],
            [
              111262.53,
              -57985.688
            ],
            [
              111262.53,
              -22472.889
            ],
            [
              70502.516,
              -22472.889
            ],
            [
              70502.516,
              -57985.688
            ]
          ]
        ]
      }
    },
    {
      "type": "Feature",
      "properties": {
        "id": "B3IM8VCB3L5NGQXO1UPQJCB1R",
        "gridName": "VisualGrid"
      },
      "geometry": {
        "type": "Polygon",
        "coordinates": [
          [
            [
              221223.83,
              43454.098
            ],
            [
              254814.12,
              43454.098
            ],
            [
              254814.12,
              77601.89
            ],
            [
              221223.83,
              77601.89
            ],
            [
              221223.83,
              43454.098
            ]
          ]
        ]
      }
    },
    {
      "type": "Feature",
      "properties": {
        "id": "B3RNEV7ECD9ZUL1HCGH6CFU3R",
        "gridName": "HLOD0_256m_4095m"
      },
      "geometry": {
        "type": "Polygon",
        "coordinates": [
          [
            [
              25200.0,
              25200.0
            ],
            [
              50400.0,
              25200.0
            ],
            [
              50400.0,
              50400.0
            ],
            [
              25200.0,
              50400.0
            ],
            [
              25200.0,
              25200.0
            ]
          ]
        ]
      }
    },
    {
      "type": "Feature",
      "properties": {
        "id": "B47ZSDHUMH5PY170QA0H4CH2I",
        "gridName": "MainGrid"
      },
      "geometry": {
        "type": "Polygon",
        "coordinates": [
          [
            [
              176401.0,
              504001.0
            ],
            [
              201599.0,
              504001.0
            ],
            [
              201599.0,
              529199.0
            ],
            [
              176401.0,
              529199.0
            ],
            [
              176401.0,
              504001.0
            ]
          ]
        ]
      }
    },
    {
      "type": "Feature",
      "properties": {
        "id": "B4E2TQ1JMHKQFDVX3QO9M7XRG",
        "gridName": "MainGrid"
      },
      "geometry": {
        "type": "Polygon",
        "coordinates": [
          [
            [
              176800.0,
              271300.0
            ],
            [
              202200.0,
              271300.0
            ],
            [
              202200.0,
              296700.0
            ],
            [
              176800.0,
              296700.0
            ],
            [
              176800.0,
              271300.0
            ]
          ]
        ]
      }
    },
    {
      "type": "Feature",
      "properties": {
        "id": "B4GUX6M87CZUXZ4OA1IR9XNM2",
        "gridName": "MainGrid"
      },
      "geometry": {
        "type": "Polygon",
        "coordinates": [
          [
            [
              74811.28,
              -84691.06
            ],
            [
              264811.28,
              -84691.06
            ],
            [
              264811.28,
              -43387.133
            ],
            [
              74811.28,
              -43387.133
            ],
            [
              74811.28,
              -84691.06
            ]
          ]
        ]
      }
    },
    {
      "type": "Feature",
      "properties": {
        "id": "B4RG7QKMLE38VMDSU28O36QCM",
        "gridName": "MainGrid"
      },
      "geometry": {
        "type": "Polygon",
        "coordinates": [
          [
            [
              226801.0,
              504001.0
            ],
            [
              251999.0,
              504001.0
            ],
            [
              251999.0,
              529199.0
            ],
            [
              226801.0,
              529199.0
            ],
            [
              226801.0,
              504001.0
            ]
          ]
        ]
      }
    },
    {
      "type": "Feature",
      "properties": {
        "id": "B588XQN62NWSYULIEMQHDRUGB",
        "gridName": "MainGrid"
      },
      "geometry": {
        "type": "Polygon",
        "coordinates": [
          [
            [
              100801.0,
              403201.0
            ],
            [
              125999.0,
              403201.0
            ],
            [
              125999.0,
              428399.0
            ],
            [
              100801.0,
              428399.0
            ],
            [
              100801.0,
              403201.0
            ]
          ]
        ]
      }
    },
    {
      "type": "Feature",
      "properties": {
        "id": "B5NV5D54BC1COQTNO0VTHGBWQ",
        "gridName": "MainGrid"
      },
      "geometry": {
        "type": "Polygon",
        "coordinates": [
          [
            [
              -180810.92,
              1.0
            ],
            [
              -151201.0,
              1.0
            ],
            [
              -151201.0,
              34714.766
            ],
            [
              -180810.92,
              34714.766
            ],
            [
              -180810.92,
              1.0
            ]
          ]
        ]
      }
    },
    {
      "type": "Feature",
      "properties": {
        "id": "B5TFH25W7EO5WODE5KQ0493B7",
        "gridName": "HLOD0_256m_4095m"
      },
      "geometry": {
        "type": "Polygon",
        "coordinates": [
          [
            [
              50400.0,
              201600.0
            ],
            [
              75600.0,
              201600.0
            ],
            [
              75600.0,
              226800.0
            ],
            [
              50400.0,
              226800.0
            ],
            [
              50400.0,
              201600.0
            ]
          ]
        ]
      }
    },
    {
      "type": "Feature",
      "properties": {
        "id": "B6ZZ00877Q3CQ28QGJPQY2ZN4",
        "gridName": "MainGrid"
      },
      "geometry": {
        "type": "Polygon",
        "coordinates": [
          [
            [
              -529199.0,
              -176399.0
            ],
            [
              -504001.0,
              -176399.0
            ],
            [
              -504001.0,
              -151201.0
            ],
            [
              -529199.0,
              -151201.0
            ],
            [
              -529199.0,
              -176399.0
            ]
          ]
        ]
      }
    },
    {
      "type": "Feature",
      "properties": {
        "id": "B77DDV117IZKXTT36K7Y5F20M",
        "gridName": "MainGrid"
      },
      "geometry": {
        "type": "Polygon",
        "coordinates": [
          [
            [
              -714200.0,
              746718.44
            ],
            [
              -680401.0,
              746718.44
            ],
            [
              -680401.0,
              786000.0
            ],
            [
              -714200.0,
              786000.0
            ],
            [
              -714200.0,
              746718.44
            ]
          ]
        ]
      }
    },
    {
      "type": "Feature",
      "properties": {
        "id": "B7ODOV4PZ2DIKC7TCKIDL2OI2",
        "gridName": "MainGrid"
      },
      "geometry": {
        "type": "Polygon",
        "coordinates": [
          [
            [
              146337.75,
              -58163.008
            ],
            [
              179091.0,
              -58163.008
            ],
            [
              179091.0,
              -18853.662
            ],
            [
              146337.75,
              -18853.662
            ],
            [
              146337.75,
              -58163.008
            ]
          ]
        ]
      }
    },
    {
      "type": "Feature",
      "properties": {
        "id": "B7YHFV3GE2KKH3GAOBOZVBYWJ",
        "gridName": "HLOD0_256m_4095m"
      },
      "geometry": {
        "type": "Polygon",
        "coordinates": [
          [
            [
              -756000.0,
              705600.0
            ],
            [
              -730800.0,
              705600.0
            ],
            [
              -730800.0,
              730800.0
            ],
            [
              -756000.0,
              730800.0
            ],
            [
              -756000.0,
              705600.0
            ]
          ]
        ]
      }
    },
    {
      "type": "Feature",
      "properties": {
        "id": "B8BCN8VU19G688XQV2S6D8539",
        "gridName": "MainGrid"
      },
      "geometry": {
        "type": "Polygon",
        "coordinates": [
          [
            [
              -756885.94,
              655201.0
            ],
            [
              -730801.0,
              655201.0
            ],
            [
              -730801.0,
              683771.44
            ],
            [
              -756885.94,
              683771.44
            ],
            [
              -756885.94,
              655201.0
            ]
          ]
        ]
      }
    },
    {
      "type": "Feature",
      "properties": {
        "id": "B8QHI9YGERR1OSKF4RIQIPLLD",
        "gridName": "MainGrid"
      },
      "geometry": {
        "type": "Polygon",
        "coordinates": [
          [
            [
              252001.0,
              -100799.0
            ],
            [
              277199.0,
              -100799.0
            ],
            [
              277199.0,
              -75601.0
            ],
            [
              252001.0,
              -75601.0
            ],
            [
              252001.0,
              -100799.0
            ]
          ]
        ]
      }
    },
    {
      "type": "Feature",
      "properties": {
        "id": "B93KUG3GUVAWVPDHGXZTZIQ2I",
        "gridName": "MainGrid"
      },
      "geometry": {
        "type": "Polygon",
        "coordinates": [
          [
            [
              -503999.0,
              -226799.0
            ],
            [
              -478801.0,
              -226799.0
            ],
            [
              -478801.0,
              -201601.0
            ],
            [
              -503999.0,
              -201601.0
            ],
            [
              -503999.0,
              -226799.0
            ]
          ]
        ]
      }
    },
    {
      "type": "Feature",
      "properties": {
        "id": "B9TKARRE3XJII1E1USKCTJSKJ",
        "gridName": "MainGrid"
      },
      "geometry": {
        "type": "Polygon",
        "coordinates": [
          [
            [
              -478799.0,
              151201.0
            ],
            [
              -453601.0,
              151201.0
            ],
            [
              -453601.0,
              176399.0
            ],
            [
              -478799.0,
              176399.0
            ],
            [
              -478799.0,
              151201.0
            ]
          ]
        ]
      }
    },
    {
      "type": "Feature",
      "properties": {
        "id": "B9XMT5SWGM05VQ6FJ3IWHWUQI",
        "gridName": "MainGrid"
      },
      "geometry": {
        "type": "Polygon",
        "coordinates": [
          [
            [
              -680399.0,
              -176399.0
            ],
            [
              -655201.0,
              -176399.0
            ],
            [
              -655201.0,
              -151201.0
            ],
            [
              -680399.0,
              -151201.0
            ],
            [
              -680399.0,
              -176399.0
            ]
          ]
        ]
      }
    },
    {
      "type": "Feature",
      "properties": {
        "id": "BAXY815ZFFMNSVSVOAAVZ5W6O",
        "gridName": "MainGrid"
      },
      "geometry": {
        "type": "Polygon",
        "coordinates": [
          [
            [
              -352799.0,
              -478799.0
            ],
            [
              -317911.06,
              -478799.0
            ],
            [
              -317911.06,
              -451467.12
            ],
            [
              -352799.0,
              -451467.12
            ],
            [
              -352799.0,
              -478799.0
            ]
          ]
        ]
      }
    },
    {
      "type": "Feature",
      "properties": {
        "id": "BB9D3UWW4EW2PW13QM6OF4KFY",
        "gridName": "MainGrid"
      },
      "geometry": {
        "type": "Polygon",
        "coordinates": [
          [
            [
              -453599.0,
              126001.0
            ],
            [
              -428401.0,
              126001.0
            ],
            [
              -428401.0,
              151199.0
            ],
            [
              -453599.0,
              151199.0
            ],
            [
              -453599.0,
              126001.0
            ]
          ]
        ]
      }
    },
    {
      "type": "Feature",
      "properties": {
        "id": "BBL7OTQG9SQY0YTEQ5UZYX9OO",
        "gridName": "HLOD0_256m_4095m"
      },
      "geometry": {
        "type": "Polygon",
        "coordinates": [
          [
            [
              -25200.0,
              75600.0
            ],
            [
              0.0,
              75600.0
            ],
            [
              0.0,
              100800.0
            ],
            [
              -25200.0,
              100800.0
            ],
            [
              -25200.0,
              75600.0
            ]
          ]
        ]
      }
    },
    {
      "type": "Feature",
      "properties": {
        "id": "BBO2M9O3JUC6BLZEX45XXCOH1",
        "gridName": "MainGrid"
      },
      "geometry": {
        "type": "Polygon",
        "coordinates": [
          [
            [
              -453599.0,
              -201599.0
            ],
            [
              -428401.0,
              -201599.0
            ],
            [
              -428401.0,
              -176401.0
            ],
            [
              -453599.0,
              -176401.0
            ],
            [
              -453599.0,
              -201599.0
            ]
          ]
        ]
      }
    },
    {
      "type": "Feature",
      "properties": {
        "id": "BBW2ARP31M1KQYZIBWUWZ28U4",
        "gridName": "MainGrid"
      },
      "geometry": {
        "type": "Polygon",
        "coordinates": [
          [
            [
              -559551.25,
              -251999.0
            ],
            [
              -529201.0,
              -251999.0
            ],
            [
              -529201.0,
              -223972.22
            ],
            [
              -559551.25,
              -223972.22
            ],
            [
              -559551.25,
              -251999.0
            ]
          ]
        ]
      }
    },
    {
      "type": "Feature",
      "properties": {
        "id": "BCJ6ASDJIJWPOQ5AY9W4CWBJQ",
        "gridName": "HLOD0_256m_4095m"
      },
      "geometry": {
        "type": "Polygon",
        "coordinates": [
          [
            [
              25200.0,
              -50400.0
            ],
            [
              50400.0,
              -50400.0
            ],
            [
              50400.0,
              -25200.0
            ],
            [
              25200.0,
              -25200.0
            ],
            [
              25200.0,
              -50400.0
            ]
          ]
        ]
      }
    },
    {
      "type": "Feature",
      "properties": {
        "id": "BDRMH1DHQVDQF7LX1JMTU7N82",
        "gridName": "MainGrid"
      },
      "geometry": {
        "type": "Polygon",
        "coordinates": [
          [
            [
              378001.0,
              226801.0
            ],
            [
              403199.0,
              226801.0
            ],
            [
              403199.0,
              251999.0
            ],
            [
              378001.0,
              251999.0
            ],
            [
              378001.0,
              226801.0
            ]
          ]
        ]
      }
    },
    {
      "type": "Feature",
      "properties": {
        "id": "BE2HT5S860PGUR0QHCG9FOHBQ",
        "gridName": "MainGrid"
      },
      "geometry": {
        "type": "Polygon",
        "coordinates": [
          [
            [
              -176399.0,
              126001.0
            ],
            [
              -151201.0,
              126001.0
            ],
            [
              -151201.0,
              151199.0
            ],
            [
              -176399.0,
              151199.0
            ],
            [
              -176399.0,
              126001.0
            ]
          ]
        ]
      }
    },
    {
      "type": "Feature",
      "properties": {
        "id": "BE6Y65RUZBSS72Y70MN5O8E10",
        "gridName": "HLOD0_256m_4095m"
      },
      "geometry": {
        "type": "Polygon",
        "coordinates": [
          [
            [
              252000.0,
              176400.0
            ],
            [
              277200.0,
              176400.0
            ],
            [
              277200.0,
              201600.0
            ],
            [
              252000.0,
              201600.0
            ],
            [
              252000.0,
              176400.0
            ]
          ]
        ]
      }
    },
    {
      "type": "Feature",
      "properties": {
        "id": "BFHATHCZ2BJNNKWF1RMPB0YR4",
        "gridName": "MainGrid"
      },
      "geometry": {
        "type": "Polygon",
        "coordinates": [
          [
            [
              -25199.0,
              1.0
            ],
            [
              -1.0,
              1.0
            ],
            [
              -1.0,
              25199.0
            ],
            [
              -25199.0,
              25199.0
            ],
            [
              -25199.0,
              1.0
            ]
          ]
        ]
      }
    },
    {
      "type": "Feature",
      "properties": {
        "id": "BFKT2AIEV77LU4OVTDIPI7HQG",
        "gridName": "MainGrid"
      },
      "geometry": {
        "type": "Polygon",
        "coordinates": [
          [
            [
              0.0,
              0.0
            ],
            [
              25199.0,
              0.0
            ],
            [
              25199.0,
              25199.0
            ],
            [
              0.0,
              25199.0
            ],
            [
              0.0,
              0.0
            ]
          ]
        ]
      }
    },
    {
      "type": "Feature",
      "properties": {
        "id": "BGRL1YRA8EB0QSM1M80704KIS",
        "gridName": "VisualGrid"
      },
      "geometry": {
        "type": "Polygon",
        "coordinates": [
          [
            [
              251974.67,
              92430.59
            ],
            [
              263684.72,
              92430.59
            ],
            [
              263684.72,
              100784.29
            ],
            [
              251974.67,
              100784.29
            ],
            [
              251974.67,
              92430.59
            ]
          ]
        ]
      }
    },
    {
      "type": "Feature",
      "properties": {
        "id": "BGT6JD4RQA7MVGN2L3PTKALGX",
        "gridName": "MainGrid"
      },
      "geometry": {
        "type": "Polygon",
        "coordinates": [
          [
            [
              -629999.0,
              -251999.0
            ],
            [
              -604801.0,
              -251999.0
            ],
            [
              -604801.0,
              -226801.0
            ],
            [
              -629999.0,
              -226801.0
            ],
            [
              -629999.0,
              -251999.0
            ]
          ]
        ]
      }
    },
    {
      "type": "Feature",
      "properties": {
        "id": "BH5UXGCZQVV7HJZVCC02ZLGR3",
        "gridName": "MainGrid"
      },
      "geometry": {
        "type": "Polygon",
        "coordinates": [
          [
            [
              -755999.0,
              -125999.0
            ],
            [
              -730801.0,
              -125999.0
            ],
            [
              -730801.0,
              -100801.0
            ],
            [
              -755999.0,
              -100801.0
            ],
            [
              -755999.0,
              -125999.0
            ]
          ]
        ]
      }
    },
    {
      "type": "Feature",
      "properties": {
        "id": "BI6DB95LRQTA7J6OTXMJW1CHD",
        "gridName": "MainGrid"
      },
      "geometry": {
        "type": "Polygon",
        "coordinates": [
          [
            [
              175346.89,
              -100799.0
            ],
            [
              209051.53,
              -100799.0
            ],
            [
              209051.53,
              -67143.06
            ],
            [
              175346.89,
              -67143.06
            ],
            [
              175346.89,
              -100799.0
            ]
          ]
        ]
      }
    },
    {
      "type": "Feature",
      "properties": {
        "id": "BID7OKYZL56QBQL6GSGPN364K",
        "gridName": "MainGrid"
      },
      "geometry": {
        "type": "Polygon",
        "coordinates": [
          [
            [
              404196.3,
              369710.62
            ],
            [
              437686.28,
              369710.62
            ],
            [
              437686.28,
              544098.75
            ],
            [
              404196.3,
              544098.75
            ],
            [
              404196.3,
              369710.62
            ]
          ]
        ]
      }
    },
    {
      "type": "Feature",
      "properties": {
        "id": "BIGJW8ON9YB9NC2WLE8YGPQFO",
        "gridName": "HLOD0_256m_4095m"
      },
      "geometry": {
        "type": "Polygon",
        "coordinates": [
          [
            [
              226800.0,
              126000.0
            ],
            [
              252000.0,
              126000.0
            ],
            [
              252000.0,
              151200.0
            ],
            [
              226800.0,
              151200.0
            ],
            [
              226800.0,
              126000.0
            ]
          ]
        ]
      }
    },
    {
      "type": "Feature",
      "properties": {
        "id": "BIQLOJT32MJJW4KYCICO095KW",
        "gridName": "MainGrid"
      },
      "geometry": {
        "type": "Polygon",
        "coordinates": [
          [
            [
              -453599.0,
              -226799.0
            ],
            [
              -428401.0,
              -226799.0
            ],
            [
              -428401.0,
              -201601.0
            ],
            [
              -453599.0,
              -201601.0
            ],
            [
              -453599.0,
              -226799.0
            ]
          ]
        ]
      }
    },
    {
      "type": "Feature",
      "properties": {
        "id": "BJHWQJJ0AW8VP18I5X8PS18II",
        "gridName": "MainGrid"
      },
      "geometry": {
        "type": "Polygon",
        "coordinates": [
          [
            [
              318699.1,
              96289.97
            ],
            [
              359453.75,
              96289.97
            ],
            [
              359453.75,
              129563.914
            ],
            [
              318699.1,
              129563.914
            ],
            [
              318699.1,
              96289.97
            ]
          ]
        ]
      }
    },
    {
      "type": "Feature",
      "properties": {
        "id": "BJIP141V5DZ761SPI0S3EUJ85",
        "gridName": "MainGrid"
      },
      "geometry": {
        "type": "Polygon",
        "coordinates": [
          [
            [
              -819617.6,
              646790.8
            ],
            [
              -806135.2,
              646790.8
            ],
            [
              -806135.2,
              655942.0
            ],
            [
              -819617.6,
              655942.0
            ],
            [
              -819617.6,
              646790.8
            ]
          ]
        ]
      }
    },
    {
      "type": "Feature",
      "properties": {
        "id": "BL82DFBJ27DT0UFOEU961NQG0",
        "gridName": "HLOD0_256m_4095m"
      },
      "geometry": {
        "type": "Polygon",
        "coordinates": [
          [
            [
              201600.0,
              75600.0
            ],
            [
              226800.0,
              75600.0
            ],
            [
              226800.0,
              100800.0
            ],
            [
              201600.0,
              100800.0
            ],
            [
              201600.0,
              75600.0
            ]
          ]
        ]
      }
    },
    {
      "type": "Feature",
      "properties": {
        "id": "BM0AZM6H83EKCZFEFGVUWOXW2",
        "gridName": "HLOD0_256m_4095m"
      },
      "geometry": {
        "type": "Polygon",
        "coordinates": [
          [
            [
              151200.0,
              151200.0
            ],
            [
              201600.0,
              151200.0
            ],
            [
              201600.0,
              201600.0
            ],
            [
              151200.0,
              201600.0
            ],
            [
              151200.0,
              151200.0
            ]
          ]
        ]
      }
    },
    {
      "type": "Feature",
      "properties": {
        "id": "BM6DU7DXKHPV7N2YQ85LLEH7C",
        "gridName": "VisualGrid"
      },
      "geometry": {
        "type": "Polygon",
        "coordinates": [
          [
            [
              199250.44,
              45639.484
            ],
            [
              231300.89,
              45639.484
            ],
            [
              231300.89,
              71787.25
            ],
            [
              199250.44,
              71787.25
            ],
            [
              199250.44,
              45639.484
            ]
          ]
        ]
      }
    },
    {
      "type": "Feature",
      "properties": {
        "id": "BM82SP6TXJLK2SLRBAVXS18RS",
        "gridName": "MainGrid"
      },
      "geometry": {
        "type": "Polygon",
        "coordinates": [
          [
            [
              -151199.0,
              100801.0
            ],
            [
              -126001.0,
              100801.0
            ],
            [
              -126001.0,
              125999.0
            ],
            [
              -151199.0,
              125999.0
            ],
            [
              -151199.0,
              100801.0
            ]
          ]
        ]
      }
    },
    {
      "type": "Feature",
      "properties": {
        "id": "BM9HWOXBY8U2QTB2W3ZMC9ED5",
        "gridName": "VisualGrid"
      },
      "geometry": {
        "type": "Polygon",
        "coordinates": [
          [
            [
              -792096.25,
              695974.0
            ],
            [
              -771032.94,
              695974.0
            ],
            [
              -771032.94,
              719832.9
            ],
            [
              -792096.25,
              719832.9
            ],
            [
              -792096.25,
              695974.0
            ]
          ]
        ]
      }
    },
    {
      "type": "Feature",
      "properties": {
        "id": "BMBSWREOS6534Z9G7EVBTE83W",
        "gridName": "MainGrid"
      },
      "geometry": {
        "type": "Polygon",
        "coordinates": [
          [
            [
              -629999.0,
              -277199.0
            ],
            [
              -604801.0,
              -277199.0
            ],
            [
              -604801.0,
              -252001.0
            ],
            [
              -629999.0,
              -252001.0
            ],
            [
              -629999.0,
              -277199.0
            ]
          ]
        ]
      }
    },
    {
      "type": "Feature",
      "properties": {
        "id": "BMGOWLCYCJRQTEZIXU0JPOBY6",
        "gridName": "MainGrid"
      },
      "geometry": {
        "type": "Polygon",
        "coordinates": [
          [
            [
              342370.34,
              218050.67
            ],
            [
              382233.44,
              218050.67
            ],
            [
              382233.44,
              251999.0
            ],
            [
              342370.34,
              251999.0
            ],
            [
              342370.34,
              218050.67
            ]
          ]
        ]
      }
    },
    {
      "type": "Feature",
      "properties": {
        "id": "BMTXEI185ZF7KU5ARKBAJIEG7",
        "gridName": "VisualGrid"
      },
      "geometry": {
        "type": "Polygon",
        "coordinates": [
          [
            [
              206949.67,
              -13346.337
            ],
            [
              218007.33,
              -13346.337
            ],
            [
              218007.33,
              -125.427734
            ],
            [
              206949.67,
              -125.427734
            ],
            [
              206949.67,
              -13346.337
            ]
          ]
        ]
      }
    },
    {
      "type": "Feature",
      "properties": {
        "id": "BN3U5FG3YLO70VNKDEMSFHMT0",
        "gridName": "MainGrid"
      },
      "geometry": {
        "type": "Polygon",
        "coordinates": [
          [
            [
              -680399.0,
              -302399.0
            ],
            [
              -655201.0,
              -302399.0
            ],
            [
              -655201.0,
              -277201.0
            ],
            [
              -680399.0,
              -277201.0
            ],
            [
              -680399.0,
              -302399.0
            ]
          ]
        ]
      }
    },
    {
      "type": "Feature",
      "properties": {
        "id": "BN59Q61KYZ89AYFQAF7SQDNAN",
        "gridName": "MainGrid"
      },
      "geometry": {
        "type": "Polygon",
        "coordinates": [
          [
            [
              373023.16,
              100801.0
            ],
            [
              410908.44,
              100801.0
            ],
            [
              410908.44,
              134436.16
            ],
            [
              373023.16,
              134436.16
            ],
            [
              373023.16,
              100801.0
            ]
          ]
        ]
      }
    },
    {
      "type": "Feature",
      "properties": {
        "id": "BNA76JULT11Z4PMHDLFR1YNHZ",
        "gridName": "MainGrid"
      },
      "geometry": {
        "type": "Polygon",
        "coordinates": [
          [
            [
              354600.0,
              159929.84
            ],
            [
              389129.2,
              159929.84
            ],
            [
              389129.2,
              195100.0
            ],
            [
              354600.0,
              195100.0
            ],
            [
              354600.0,
              159929.84
            ]
          ]
        ]
      }
    },
    {
      "type": "Feature",
      "properties": {
        "id": "BNZHCGFOB6HGGS9ARYW3WY7CM",
        "gridName": "HLOD0_256m_4095m"
      },
      "geometry": {
        "type": "Polygon",
        "coordinates": [
          [
            [
              302400.0,
              100800.0
            ],
            [
              327600.0,
              100800.0
            ],
            [
              327600.0,
              126000.0
            ],
            [
              302400.0,
              126000.0
            ],
            [
              302400.0,
              100800.0
            ]
          ]
        ]
      }
    },
    {
      "type": "Feature",
      "properties": {
        "id": "BO35ZXG8E52K7B8R3EGNN9QYP",
        "gridName": "HLOD0_256m_1999m"
      },
      "geometry": {
        "type": "Polygon",
        "coordinates": [
          [
            [
              226800.0,
              277200.0
            ],
            [
              252000.0,
              277200.0
            ],
            [
              252000.0,
              302400.0
            ],
            [
              226800.0,
              302400.0
            ],
            [
              226800.0,
              277200.0
            ]
          ]
        ]
      }
    },
    {
      "type": "Feature",
      "properties": {
        "id": "BODV6DJ0RFK59309P01UDY6UY",
        "gridName": "HLOD0_256m_4095m"
      },
      "geometry": {
        "type": "Polygon",
        "coordinates": [
          [
            [
              -504000.0,
              -478800.0
            ],
            [
              -478800.0,
              -478800.0
            ],
            [
              -478800.0,
              -453600.0
            ],
            [
              -504000.0,
              -453600.0
            ],
            [
              -504000.0,
              -478800.0
            ]
          ]
        ]
      }
    },
    {
      "type": "Feature",
      "properties": {
        "id": "BOXNJAU1ZWS1DJQJV91Y4O27L",
        "gridName": "MainGrid"
      },
      "geometry": {
        "type": "Polygon",
        "coordinates": [
          [
            [
              426168.3,
              346737.97
            ],
            [
              528566.3,
              346737.97
            ],
            [
              528566.3,
              449135.97
            ],
            [
              426168.3,
              449135.97
            ],
            [
              426168.3,
              346737.97
            ]
          ]
        ]
      }
    },
    {
      "type": "Feature",
      "properties": {
        "id": "BPBH3XFDRKSPIRPPXM5GKTS0O",
        "gridName": "MainGrid"
      },
      "geometry": {
        "type": "Polygon",
        "coordinates": [
          [
            [
              116450.0,
              -33957.027
            ],
            [
              159376.55,
              -33957.027
            ],
            [
              159376.55,
              4334.734
            ],
            [
              116450.0,
              4334.734
            ],
            [
              116450.0,
              -33957.027
            ]
          ]
        ]
      }
    },
    {
      "type": "Feature",
      "properties": {
        "id": "BQ7ZM9414QVGAVMNNGTE3R8KH",
        "gridName": "MainGrid"
      },
      "geometry": {
        "type": "Polygon",
        "coordinates": [
          [
            [
              151201.0,
              176401.0
            ],
            [
              176399.0,
              176401.0
            ],
            [
              176399.0,
              201599.0
            ],
            [
              151201.0,
              201599.0
            ],
            [
              151201.0,
              176401.0
            ]
          ]
        ]
      }
    },
    {
      "type": "Feature",
      "properties": {
        "id": "BQLSNSRAGGGOA0HK45B8LD6TB",
        "gridName": "MainGrid"
      },
      "geometry": {
        "type": "Polygon",
        "coordinates": [
          [
            [
              -50399.0,
              1.0
            ],
            [
              -25201.0,
              1.0
            ],
            [
              -25201.0,
              25199.0
            ],
            [
              -50399.0,
              25199.0
            ],
            [
              -50399.0,
              1.0
            ]
          ]
        ]
      }
    },
    {
      "type": "Feature",
      "properties": {
        "id": "BQQ1KJ0HHZEC1RECQPJST519P",
        "gridName": "MainGrid"
      },
      "geometry": {
        "type": "Polygon",
        "coordinates": [
          [
            [
              -503999.0,
              25201.0
            ],
            [
              -478801.0,
              25201.0
            ],
            [
              -478801.0,
              50399.0
            ],
            [
              -503999.0,
              50399.0
            ],
            [
              -503999.0,
              25201.0
            ]
          ]
        ]
      }
    },
    {
      "type": "Feature",
      "properties": {
        "id": "BR93XHLHAIC062AEHILZ2BZ0G",
        "gridName": "MainGrid"
      },
      "geometry": {
        "type": "Polygon",
        "coordinates": [
          [
            [
              -730799.0,
              -151199.0
            ],
            [
              -705601.0,
              -151199.0
            ],
            [
              -705601.0,
              -126001.0
            ],
            [
              -730799.0,
              -126001.0
            ],
            [
              -730799.0,
              -151199.0
            ]
          ]
        ]
      }
    },
    {
      "type": "Feature",
      "properties": {
        "id": "BSM4EYRGJI4FSH2KTHNKQ1ZX4",
        "gridName": "HLOD0_256m_4095m"
      },
      "geometry": {
        "type": "Polygon",
        "coordinates": [
          [
            [
              100800.0,
              0.0
            ],
            [
              126000.0,
              0.0
            ],
            [
              126000.0,
              25200.0
            ],
            [
              100800.0,
              25200.0
            ],
            [
              100800.0,
              0.0
            ]
          ]
        ]
      }
    },
    {
      "type": "Feature",
      "properties": {
        "id": "BSN0528RLIOJUWSS8YSTA6SAL",
        "gridName": "HLOD0_256m_4095m"
      },
      "geometry": {
        "type": "Polygon",
        "coordinates": [
          [
            [
              378000.0,
              25200.0
            ],
            [
              403200.0,
              25200.0
            ],
            [
              403200.0,
              50400.0
            ],
            [
              378000.0,
              50400.0
            ],
            [
              378000.0,
              25200.0
            ]
          ]
        ]
      }
    },
    {
      "type": "Feature",
      "properties": {
        "id": "BSYQB8WFO1LLN9FUZGAUE3X80",
        "gridName": "MainGrid"
      },
      "geometry": {
        "type": "Polygon",
        "coordinates": [
          [
            [
              -500862.12,
              -490594.2
            ],
            [
              -443531.9,
              -490594.2
            ],
            [
              -443531.9,
              -430967.97
            ],
            [
              -500862.12,
              -430967.97
            ],
            [
              -500862.12,
              -490594.2
            ]
          ]
        ]
      }
    },
    {
      "type": "Feature",
      "properties": {
        "id": "BSZDMQWHZ6QY707NVMKVDTBFG",
        "gridName": "MainGrid"
      },
      "geometry": {
        "type": "Polygon",
        "coordinates": [
          [
            [
              144922.66,
              141508.27
            ],
            [
              176399.0,
              141508.27
            ],
            [
              176399.0,
              184846.98
            ],
            [
              144922.66,
              184846.98
            ],
            [
              144922.66,
              141508.27
            ]
          ]
        ]
      }
    },
    {
      "type": "Feature",
      "properties": {
        "id": "BSZTS1OBFJKZ6E6O0RN2SOE1S",
        "gridName": "MainGrid"
      },
      "geometry": {
        "type": "Polygon",
        "coordinates": [
          [
            [
              1.0,
              -100799.0
            ],
            [
              25199.0,
              -100799.0
            ],
            [
              25199.0,
              -75601.0
            ],
            [
              1.0,
              -75601.0
            ],
            [
              1.0,
              -100799.0
            ]
          ]
        ]
      }
    },
    {
      "type": "Feature",
      "properties": {
        "id": "BTKA6D91R2OH8FL4HSUVGC149",
        "gridName": "MainGrid"
      },
      "geometry": {
        "type": "Polygon",
        "coordinates": [
          [
            [
              -579599.0,
              100801.0
            ],
            [
              -554401.0,
              100801.0
            ],
            [
              -554401.0,
              125999.0
            ],
            [
              -579599.0,
              125999.0
            ],
            [
              -579599.0,
              100801.0
            ]
          ]
        ]
      }
    },
    {
      "type": "Feature",
      "properties": {
        "id": "BTR2U49S704ULYUR36UFFLF4C",
        "gridName": "MainGrid"
      },
      "geometry": {
        "type": "Polygon",
        "coordinates": [
          [
            [
              -898341.5,
              -236666.97
            ],
            [
              -839290.25,
              -236666.97
            ],
            [
              -839290.25,
              -193965.8
            ],
            [
              -898341.5,
              -193965.8
            ],
            [
              -898341.5,
              -236666.97
            ]
          ]
        ]
      }
    },
    {
      "type": "Feature",
      "properties": {
        "id": "BTUOSQ9QOW7SLN4XIM0XGZO0L",
        "gridName": "HLOD0_256m_4095m"
      },
      "geometry": {
        "type": "Polygon",
        "coordinates": [
          [
            [
              50400.0,
              50400.0
            ],
            [
              75600.0,
              50400.0
            ],
            [
              75600.0,
              75600.0
            ],
            [
              50400.0,
              75600.0
            ],
            [
              50400.0,
              50400.0
            ]
          ]
        ]
      }
    },
    {
      "type": "Feature",
      "properties": {
        "id": "BU7D33AXRKFCA4XPW9PTW4SNH",
        "gridName": "MainGrid"
      },
      "geometry": {
        "type": "Polygon",
        "coordinates": [
          [
            [
              242552.48,
              -2506.9136
            ],
            [
              279620.97,
              -2506.9136
            ],
            [
              279620.97,
              27961.709
            ],
            [
              242552.48,
              27961.709
            ],
            [
              242552.48,
              -2506.9136
            ]
          ]
        ]
      }
    },
    {
      "type": "Feature",
      "properties": {
        "id": "BUPU8FBQXVM9013NG95E8YGZ4",
        "gridName": "HLOD0_256m_4095m"
      },
      "geometry": {
        "type": "Polygon",
        "coordinates": [
          [
            [
              378000.0,
              252000.0
            ],
            [
              403200.0,
              252000.0
            ],
            [
              403200.0,
              277200.0
            ],
            [
              378000.0,
              277200.0
            ],
            [
              378000.0,
              252000.0
            ]
          ]
        ]
      }
    },
    {
      "type": "Feature",
      "properties": {
        "id": "BUYY2WYI773TXGTFP4530Y0AF",
        "gridName": "HLOD0_256m_4095m"
      },
      "geometry": {
        "type": "Polygon",
        "coordinates": [
          [
            [
              201600.0,
              -50400.0
            ],
            [
              226800.0,
              -50400.0
            ],
            [
              226800.0,
              -25200.0
            ],
            [
              201600.0,
              -25200.0
            ],
            [
              201600.0,
              -50400.0
            ]
          ]
        ]
      }
    },
    {
      "type": "Feature",
      "properties": {
        "id": "BV1VQDA32HJAIA8SAFVZ9KSQO",
        "gridName": "MainGrid"
      },
      "geometry": {
        "type": "Polygon",
        "coordinates": [
          [
            [
              -705599.0,
              655201.0
            ],
            [
              -680401.0,
              655201.0
            ],
            [
              -680401.0,
              680399.0
            ],
            [
              -705599.0,
              680399.0
            ],
            [
              -705599.0,
              655201.0
            ]
          ]
        ]
      }
    },
    {
      "type": "Feature",
      "properties": {
        "id": "BV5MN3MY0YU8TSOYLHS5JMG5Y",
        "gridName": "MainGrid"
      },
      "geometry": {
        "type": "Polygon",
        "coordinates": [
          [
            [
              345204.12,
              174408.0
            ],
            [
              384527.25,
              174408.0
            ],
            [
              384527.25,
              204602.61
            ],
            [
              345204.12,
              204602.61
            ],
            [
              345204.12,
              174408.0
            ]
          ]
        ]
      }
    },
    {
      "type": "Feature",
      "properties": {
        "id": "BVHPW1UON4LJUVPUYGK3YPT8U",
        "gridName": "MainGrid"
      },
      "geometry": {
        "type": "Polygon",
        "coordinates": [
          [
            [
              226801.0,
              529201.0
            ],
            [
              251999.0,
              529201.0
            ],
            [
              251999.0,
              554399.0
            ],
            [
              226801.0,
              554399.0
            ],
            [
              226801.0,
              529201.0
            ]
          ]
        ]
      }
    },
    {
      "type": "Feature",
      "properties": {
        "id": "BW18RNUGZ3VHI0A4YDGM6CCP6",
        "gridName": "MainGrid"
      },
      "geometry": {
        "type": "Polygon",
        "coordinates": [
          [
            [
              -529199.0,
              -302399.0
            ],
            [
              -504001.0,
              -302399.0
            ],
            [
              -504001.0,
              -277201.0
            ],
            [
              -529199.0,
              -277201.0
            ],
            [
              -529199.0,
              -302399.0
            ]
          ]
        ]
      }
    },
    {
      "type": "Feature",
      "properties": {
        "id": "BXZHWJNJL41JHFAVGFE4SQQ2B",
        "gridName": "MainGrid"
      },
      "geometry": {
        "type": "Polygon",
        "coordinates": [
          [
            [
              -176399.0,
              624124.44
            ],
            [
              -142095.34,
              624124.44
            ],
            [
              -142095.34,
              655199.0
            ],
            [
              -176399.0,
              655199.0
            ],
            [
              -176399.0,
              624124.44
            ]
          ]
        ]
      }
    },
    {
      "type": "Feature",
      "properties": {
        "id": "BZ28IFRLXW3FVIPFK21T587PX",
        "gridName": "HLOD0_256m_4095m"
      },
      "geometry": {
        "type": "Polygon",
        "coordinates": [
          [
            [
              352800.0,
              226800.0
            ],
            [
              378000.0,
              226800.0
            ],
            [
              378000.0,
              252000.0
            ],
            [
              352800.0,
              252000.0
            ],
            [
              352800.0,
              226800.0
            ]
          ]
        ]
      }
    },
    {
      "type": "Feature",
      "properties": {
        "id": "BZ5ICTCGBOCT0CHO43NGHFZRL",
        "gridName": "MainGrid"
      },
      "geometry": {
        "type": "Polygon",
        "coordinates": [
          [
            [
              -75599.0,
              151201.0
            ],
            [
              -50401.0,
              151201.0
            ],
            [
              -50401.0,
              176399.0
            ],
            [
              -75599.0,
              176399.0
            ],
            [
              -75599.0,
              151201.0
            ]
          ]
        ]
      }
    },
    {
      "type": "Feature",
      "properties": {
        "id": "BZSWQY82JMJD4NJC5CO853O7C",
        "gridName": "MainGrid"
      },
      "geometry": {
        "type": "Polygon",
        "coordinates": [
          [
            [
              415800.0,
              -37800.0
            ],
            [
              415800.0,
              -37800.0
            ],
            [
              415800.0,
              -37800.0
            ],
            [
              415800.0,
              -37800.0
            ],
            [
              415800.0,
              -37800.0
            ]
          ]
        ]
      }
    },
    {
      "type": "Feature",
      "properties": {
        "id": "C01RDE71QOQUJNGODRODJN981",
        "gridName": "MainGrid"
      },
      "geometry": {
        "type": "Polygon",
        "coordinates": [
          [
            [
              -503999.0,
              -277199.0
            ],
            [
              -478801.0,
              -277199.0
            ],
            [
              -478801.0,
              -252001.0
            ],
            [
              -503999.0,
              -252001.0
            ],
            [
              -503999.0,
              -277199.0
            ]
          ]
        ]
      }
    },
    {
      "type": "Feature",
      "properties": {
        "id": "C0CIOCHBG4AOWVHGB6CHV7P9T",
        "gridName": "VisualGrid"
      },
      "geometry": {
        "type": "Polygon",
        "coordinates": [
          [
            [
              218338.98,
              -20147.48
            ],
            [
              240299.38,
              -20147.48
            ],
            [
              240299.38,
              7977.4756
            ],
            [
              218338.98,
              7977.4756
            ],
            [
              218338.98,
              -20147.48
            ]
          ]
        ]
      }
    },
    {
      "type": "Feature",
      "properties": {
        "id": "C20ITOV9TFLM1WOJFSFJLSWS6",
        "gridName": "MainGrid"
      },
      "geometry": {
        "type": "Polygon",
        "coordinates": [
          [
            [
              219122.83,
              252001.0
            ],
            [
              251999.0,
              252001.0
            ],
            [
              251999.0,
              277199.0
            ],
            [
              219122.83,
              277199.0
            ],
            [
              219122.83,
              252001.0
            ]
          ]
        ]
      }
    },
    {
      "type": "Feature",
      "properties": {
        "id": "C20KI98FSXS9V6Y1N5P2BVGNA",
        "gridName": "VisualGrid"
      },
      "geometry": {
        "type": "Polygon",
        "coordinates": [
          [
            [
              67527.336,
              56118.89
            ],
            [
              93897.57,
              56118.89
            ],
            [
              93897.57,
              81582.75
            ],
            [
              67527.336,
              81582.75
            ],
            [
              67527.336,
              56118.89
            ]
          ]
        ]
      }
    },
    {
      "type": "Feature",
      "properties": {
        "id": "C2XRPPSYTSUXIRO9YTXYVTLLH",
        "gridName": "MainGrid"
      },
      "geometry": {
        "type": "Polygon",
        "coordinates": [
          [
            [
              -478799.0,
              48412.27
            ],
            [
              -446911.53,
              48412.27
            ],
            [
              -446911.53,
              75599.0
            ],
            [
              -478799.0,
              75599.0
            ],
            [
              -478799.0,
              48412.27
            ]
          ]
        ]
      }
    },
    {
      "type": "Feature",
      "properties": {
        "id": "C39RN28UNA4AFVVNRK6J7C11D",
        "gridName": "MainGrid"
      },
      "geometry": {
        "type": "Polygon",
        "coordinates": [
          [
            [
              316487.12,
              19592.285
            ],
            [
              361023.5,
              19592.285
            ],
            [
              361023.5,
              56662.746
            ],
            [
              316487.12,
              56662.746
            ],
            [
              316487.12,
              19592.285
            ]
          ]
        ]
      }
    },
    {
      "type": "Feature",
      "properties": {
        "id": "C3RITGKI2U7NW3DTN6SLE4LEK",
        "gridName": "MainGrid"
      },
      "geometry": {
        "type": "Polygon",
        "coordinates": [
          [
            [
              100801.0,
              453601.0
            ],
            [
              125999.0,
              453601.0
            ],
            [
              125999.0,
              478799.0
            ],
            [
              100801.0,
              478799.0
            ],
            [
              100801.0,
              453601.0
            ]
          ]
        ]
      }
    },
    {
      "type": "Feature",
      "properties": {
        "id": "C3U9XFXODX95659KQ7RG60ECV",
        "gridName": "MainGrid"
      },
      "geometry": {
        "type": "Polygon",
        "coordinates": [
          [
            [
              172545.3,
              -79569.04
            ],
            [
              211481.95,
              -79569.04
            ],
            [
              211481.95,
              -40805.32
            ],
            [
              172545.3,
              -40805.32
            ],
            [
              172545.3,
              -79569.04
            ]
          ]
        ]
      }
    },
    {
      "type": "Feature",
      "properties": {
        "id": "C48J0PLXQVHF4WVS7LOODR1SO",
        "gridName": "MainGrid"
      },
      "geometry": {
        "type": "Polygon",
        "coordinates": [
          [
            [
              25150.0,
              -100799.0
            ],
            [
              50399.0,
              -100799.0
            ],
            [
              50399.0,
              -75601.0
            ],
            [
              25150.0,
              -75601.0
            ],
            [
              25150.0,
              -100799.0
            ]
          ]
        ]
      }
    },
    {
      "type": "Feature",
      "properties": {
        "id": "C51DYJWEU5B11KI6341P85HFO",
        "gridName": "MainGrid"
      },
      "geometry": {
        "type": "Polygon",
        "coordinates": [
          [
            [
              74811.28,
              -28704.969
            ],
            [
              264811.28,
              -28704.969
            ],
            [
              264811.28,
              1670.3547
            ],
            [
              74811.28,
              1670.3547
            ],
            [
              74811.28,
              -28704.969
            ]
          ]
        ]
      }
    },
    {
      "type": "Feature",
      "properties": {
        "id": "C5RLJMX3L04YMOBVF8HSV33WP",
        "gridName": "MainGrid"
      },
      "geometry": {
        "type": "Polygon",
        "coordinates": [
          [
            [
              -806399.0,
              655201.0
            ],
            [
              -781201.0,
              655201.0
            ],
            [
              -781201.0,
              680399.0
            ],
            [
              -806399.0,
              680399.0
            ],
            [
              -806399.0,
              655201.0
            ]
          ]
        ]
      }
    },
    {
      "type": "Feature",
      "properties": {
        "id": "C632CIC7AZ5PHOR0UXKB91UMR",
        "gridName": "HLOD0_256m_4095m"
      },
      "geometry": {
        "type": "Polygon",
        "coordinates": [
          [
            [
              403200.0,
              428400.0
            ],
            [
              428400.0,
              428400.0
            ],
            [
              428400.0,
              453600.0
            ],
            [
              403200.0,
              453600.0
            ],
            [
              403200.0,
              428400.0
            ]
          ]
        ]
      }
    },
    {
      "type": "Feature",
      "properties": {
        "id": "C65CZ6P4LKDCCITBSSAVP4U3D",
        "gridName": "MainGrid"
      },
      "geometry": {
        "type": "Polygon",
        "coordinates": [
          [
            [
              98731.54,
              426976.4
            ],
            [
              125999.0,
              426976.4
            ],
            [
              125999.0,
              453599.0
            ],
            [
              98731.54,
              453599.0
            ],
            [
              98731.54,
              426976.4
            ]
          ]
        ]
      }
    },
    {
      "type": "Feature",
      "properties": {
        "id": "C6BGAWKATQ2XMMZ1WINEAI9EO",
        "gridName": "MainGrid"
      },
      "geometry": {
        "type": "Polygon",
        "coordinates": [
          [
            [
              -503999.0,
              151201.0
            ],
            [
              -478801.0,
              151201.0
            ],
            [
              -478801.0,
              176399.0
            ],
            [
              -503999.0,
              176399.0
            ],
            [
              -503999.0,
              151201.0
            ]
          ]
        ]
      }
    },
    {
      "type": "Feature",
      "properties": {
        "id": "C6FNXHLF7OI92N85ZIDTD3UBL",
        "gridName": "MainGrid"
      },
      "geometry": {
        "type": "Polygon",
        "coordinates": [
          [
            [
              176401.0,
              478801.0
            ],
            [
              201599.0,
              478801.0
            ],
            [
              201599.0,
              503999.0
            ],
            [
              176401.0,
              503999.0
            ],
            [
              176401.0,
              478801.0
            ]
          ]
        ]
      }
    },
    {
      "type": "Feature",
      "properties": {
        "id": "C6W4HE6FEOYDBLX18KY62T8MK",
        "gridName": "MainGrid"
      },
      "geometry": {
        "type": "Polygon",
        "coordinates": [
          [
            [
              -453599.0,
              176401.0
            ],
            [
              -428401.0,
              176401.0
            ],
            [
              -428401.0,
              201599.0
            ],
            [
              -453599.0,
              201599.0
            ],
            [
              -453599.0,
              176401.0
            ]
          ]
        ]
      }
    },
    {
      "type": "Feature",
      "properties": {
        "id": "C6YXSVOVS5R72BB3CVHYB05WE",
        "gridName": "MainGrid"
      },
      "geometry": {
        "type": "Polygon",
        "coordinates": [
          [
            [
              409908.34,
              29567.264
            ],
            [
              569476.8,
              29567.264
            ],
            [
              569476.8,
              233497.53
            ],
            [
              409908.34,
              233497.53
            ],
            [
              409908.34,
              29567.264
            ]
          ]
        ]
      }
    },
    {
      "type": "Feature",
      "properties": {
        "id": "C70QSGAMV0KG66GO6HBR0RRCA",
        "gridName": "MainGrid"
      },
      "geometry": {
        "type": "Polygon",
        "coordinates": [
          [
            [
              343456.16,
              141322.83
            ],
            [
              383508.9,
              141322.83
            ],
            [
              383508.9,
              177992.14
            ],
            [
              343456.16,
              177992.14
            ],
            [
              343456.16,
              141322.83
            ]
          ]
        ]
      }
    },
    {
      "type": "Feature",
      "properties": {
        "id": "C7JJTDHBSFN5TWCHQLFWQ3CU7",
        "gridName": "MainGrid"
      },
      "geometry": {
        "type": "Polygon",
        "coordinates": [
          [
            [
              75601.0,
              529201.0
            ],
            [
              100799.0,
              529201.0
            ],
            [
              100799.0,
              554399.0
            ],
            [
              75601.0,
              554399.0
            ],
            [
              75601.0,
              529201.0
            ]
          ]
        ]
      }
    },
    {
      "type": "Feature",
      "properties": {
        "id": "C81SDIPIBSXZ7ZNBJWRB6HFEV",
        "gridName": "HLOD0_256m_4095m"
      },
      "geometry": {
        "type": "Polygon",
        "coordinates": [
          [
            [
              -151200.0,
              630000.0
            ],
            [
              -126000.0,
              630000.0
            ],
            [
              -126000.0,
              655200.0
            ],
            [
              -151200.0,
              655200.0
            ],
            [
              -151200.0,
              630000.0
            ]
          ]
        ]
      }
    },
    {
      "type": "Feature",
      "properties": {
        "id": "C94KRT2TS4FGJUPSHDUNGB00J",
        "gridName": "MainGrid"
      },
      "geometry": {
        "type": "Polygon",
        "coordinates": [
          [
            [
              227600.0,
              271300.0
            ],
            [
              253000.0,
              271300.0
            ],
            [
              253000.0,
              296700.0
            ],
            [
              227600.0,
              296700.0
            ],
            [
              227600.0,
              271300.0
            ]
          ]
        ]
      }
    },
    {
      "type": "Feature",
      "properties": {
        "id": "C9V7ICJFOHE95RMQP8SQV0ILG",
        "gridName": "MainGrid"
      },
      "geometry": {
        "type": "Polygon",
        "coordinates": [
          [
            [
              -529199.0,
              -125999.0
            ],
            [
              -504001.0,
              -125999.0
            ],
            [
              -504001.0,
              -100801.0
            ],
            [
              -529199.0,
              -100801.0
            ],
            [
              -529199.0,
              -125999.0
            ]
          ]
        ]
      }
    },
    {
      "type": "Feature",
      "properties": {
        "id": "CA3FRZCVBW06RU8HHOU7I67H8",
        "gridName": "MainGrid"
      },
      "geometry": {
        "type": "Polygon",
        "coordinates": [
          [
            [
              100801.0,
              252001.0
            ],
            [
              125999.0,
              252001.0
            ],
            [
              125999.0,
              277199.0
            ],
            [
              100801.0,
              277199.0
            ],
            [
              100801.0,
              252001.0
            ]
          ]
        ]
      }
    },
    {
      "type": "Feature",
      "properties": {
        "id": "CA5AJKBDGLBPYIDIQ3BFOW9X6",
        "gridName": "MainGrid"
      },
      "geometry": {
        "type": "Polygon",
        "coordinates": [
          [
            [
              -503999.0,
              39000.0
            ],
            [
              -478801.0,
              39000.0
            ],
            [
              -478801.0,
              84000.0
            ],
            [
              -503999.0,
              84000.0
            ],
            [
              -503999.0,
              39000.0
            ]
          ]
        ]
      }
    },
    {
      "type": "Feature",
      "properties": {
        "id": "CA7QEQ4QSQI81LC2TFJPKH91Q",
        "gridName": "MainGrid"
      },
      "geometry": {
        "type": "Polygon",
        "coordinates": [
          [
            [
              117619.05,
              -78168.64
            ],
            [
              155009.11,
              -78168.64
            ],
            [
              155009.11,
              -43373.92
            ],
            [
              117619.05,
              -43373.92
            ],
            [
              117619.05,
              -78168.64
            ]
          ]
        ]
      }
    },
    {
      "type": "Feature",
      "properties": {
        "id": "CASV97AT6WC1UTDJXLLBOQGFH",
        "gridName": "MainGrid"
      },
      "geometry": {
        "type": "Polygon",
        "coordinates": [
          [
            [
              151201.0,
              44785.75
            ],
            [
              181938.61,
              44785.75
            ],
            [
              181938.61,
              75954.055
            ],
            [
              151201.0,
              75954.055
            ],
            [
              151201.0,
              44785.75
            ]
          ]
        ]
      }
    },
    {
      "type": "Feature",
      "properties": {
        "id": "CBK2EFGIAMSC8C44KNCD3FZ04",
        "gridName": "MainGrid"
      },
      "geometry": {
        "type": "Polygon",
        "coordinates": [
          [
            [
              -730799.0,
              630001.0
            ],
            [
              -705601.0,
              630001.0
            ],
            [
              -705601.0,
              655199.0
            ],
            [
              -730799.0,
              655199.0
            ],
            [
              -730799.0,
              630001.0
            ]
          ]
        ]
      }
    },
    {
      "type": "Feature",
      "properties": {
        "id": "CBKSFI2K2EW9EVPFUSFZ28USE",
        "gridName": "MainGrid"
      },
      "geometry": {
        "type": "Polygon",
        "coordinates": [
          [
            [
              -151973.55,
              627112.6
            ],
            [
              -125832.83,
              627112.6
            ],
            [
              -125832.83,
              655199.0
            ],
            [
              -151973.55,
              655199.0
            ],
            [
              -151973.55,
              627112.6
            ]
          ]
        ]
      }
    },
    {
      "type": "Feature",
      "properties": {
        "id": "CBM8UVOZBOGXG2O5QTGERLEGP",
        "gridName": "MainGrid"
      },
      "geometry": {
        "type": "Polygon",
        "coordinates": [
          [
            [
              327601.0,
              -50399.0
            ],
            [
              352799.0,
              -50399.0
            ],
            [
              352799.0,
              -25201.0
            ],
            [
              327601.0,
              -25201.0
            ],
            [
              327601.0,
              -50399.0
            ]
          ]
        ]
      }
    },
    {
      "type": "Feature",
      "properties": {
        "id": "CC1B5QSY9I3BLTD92TLNW05WE",
        "gridName": "MainGrid"
      },
      "geometry": {
        "type": "Polygon",
        "coordinates": [
          [
            [
              346751.56,
              68161.25
            ],
            [
              386916.72,
              68161.25
            ],
            [
              386916.72,
              103665.84
            ],
            [
              346751.56,
              103665.84
            ],
            [
              346751.56,
              68161.25
            ]
          ]
        ]
      }
    },
    {
      "type": "Feature",
      "properties": {
        "id": "CCJO6TY2PH06I8SCF2T49WVYX",
        "gridName": "HLOD0_256m_4095m"
      },
      "geometry": {
        "type": "Polygon",
        "coordinates": [
          [
            [
              -478800.0,
              -327600.0
            ],
            [
              -453600.0,
              -327600.0
            ],
            [
              -453600.0,
              -302400.0
            ],
            [
              -478800.0,
              -302400.0
            ],
            [
              -478800.0,
              -327600.0
            ]
          ]
        ]
      }
    },
    {
      "type": "Feature",
      "properties": {
        "id": "CDB2AMBUXUC99VR0UDLFBPIE0",
        "gridName": "MainGrid"
      },
      "geometry": {
        "type": "Polygon",
        "coordinates": [
          [
            [
              -106436.38,
              -70594.016
            ],
            [
              -72136.38,
              -70594.016
            ],
            [
              -72136.38,
              -42700.387
            ],
            [
              -106436.38,
              -42700.387
            ],
            [
              -106436.38,
              -70594.016
            ]
          ]
        ]
      }
    },
    {
      "type": "Feature",
      "properties": {
        "id": "CDJA5J2OV38NCSQ8LEC1SVM9Q",
        "gridName": "MainGrid"
      },
      "geometry": {
        "type": "Polygon",
        "coordinates": [
          [
            [
              202562.44,
              -88594.97
            ],
            [
              264673.94,
              -88594.97
            ],
            [
              264673.94,
              -993.2156
            ],
            [
              202562.44,
              -993.2156
            ],
            [
              202562.44,
              -88594.97
            ]
          ]
        ]
      }
    },
    {
      "type": "Feature",
      "properties": {
        "id": "CDJXO03TKAPICLXLGDPZGPJYF",
        "gridName": "MainGrid"
      },
      "geometry": {
        "type": "Polygon",
        "coordinates": [
          [
            [
              -584480.44,
              -234096.5
            ],
            [
              -547857.1,
              -234096.5
            ],
            [
              -547857.1,
              -196354.39
            ],
            [
              -584480.44,
              -196354.39
            ],
            [
              -584480.44,
              -234096.5
            ]
          ]
        ]
      }
    },
    {
      "type": "Feature",
      "properties": {
        "id": "CE5G0R2LE8UI9P9ULYQHQ4XTQ",
        "gridName": "VisualGrid"
      },
      "geometry": {
        "type": "Polygon",
        "coordinates": [
          [
            [
              -754705.9,
              705807.56
            ],
            [
              -706410.5,
              705807.56
            ],
            [
              -706410.5,
              755784.0
            ],
            [
              -754705.9,
              755784.0
            ],
            [
              -754705.9,
              705807.56
            ]
          ]
        ]
      }
    },
    {
      "type": "Feature",
      "properties": {
        "id": "CE92271J1NYLS0L8XZ30S1HKI",
        "gridName": "MainGrid"
      },
      "geometry": {
        "type": "Polygon",
        "coordinates": [
          [
            [
              75601.0,
              226801.0
            ],
            [
              100799.0,
              226801.0
            ],
            [
              100799.0,
              251999.0
            ],
            [
              75601.0,
              251999.0
            ],
            [
              75601.0,
              226801.0
            ]
          ]
        ]
      }
    },
    {
      "type": "Feature",
      "properties": {
        "id": "CEIV5VQQDL18CSKY9ZFWZOC21",
        "gridName": "HLOD0_256m_4095m"
      },
      "geometry": {
        "type": "Polygon",
        "coordinates": [
          [
            [
              -831600.0,
              730800.0
            ],
            [
              -781200.0,
              730800.0
            ],
            [
              -781200.0,
              756000.0
            ],
            [
              -831600.0,
              756000.0
            ],
            [
              -831600.0,
              730800.0
            ]
          ]
        ]
      }
    },
    {
      "type": "Feature",
      "properties": {
        "id": "CEK7N9TO015JA6K7LVB5WWTAD",
        "gridName": "MainGrid"
      },
      "geometry": {
        "type": "Polygon",
        "coordinates": [
          [
            [
              -762811.4,
              -233916.38
            ],
            [
              -730801.0,
              -233916.38
            ],
            [
              -730801.0,
              -195000.48
            ],
            [
              -762811.4,
              -195000.48
            ],
            [
              -762811.4,
              -233916.38
            ]
          ]
        ]
      }
    },
    {
      "type": "Feature",
      "properties": {
        "id": "CHHZ8NK3LIW2J053K0LBK8DPJ",
        "gridName": "VisualGrid"
      },
      "geometry": {
        "type": "Polygon",
        "coordinates": [
          [
            [
              -773110.1,
              723163.9
            ],
            [
              -744770.9,
              723163.9
            ],
            [
              -744770.9,
              752589.75
            ],
            [
              -773110.1,
              752589.75
            ],
            [
              -773110.1,
              723163.9
            ]
          ]
        ]
      }
    },
    {
      "type": "Feature",
      "properties": {
        "id": "CI9X3TIOQVO1QLQYOORCVI9XR",
        "gridName": "MainGrid"
      },
      "geometry": {
        "type": "Polygon",
        "coordinates": [
          [
            [
              201601.0,
              478801.0
            ],
            [
              226799.0,
              478801.0
            ],
            [
              226799.0,
              503999.0
            ],
            [
              201601.0,
              503999.0
            ],
            [
              201601.0,
              478801.0
            ]
          ]
        ]
      }
    },
    {
      "type": "Feature",
      "properties": {
        "id": "CJENFS4ARRKVB09YD3AVS5MKB",
        "gridName": "MainGrid"
      },
      "geometry": {
        "type": "Polygon",
        "coordinates": [
          [
            [
              100801.0,
              201601.0
            ],
            [
              125999.0,
              201601.0
            ],
            [
              125999.0,
              226799.0
            ],
            [
              100801.0,
              226799.0
            ],
            [
              100801.0,
              201601.0
            ]
          ]
        ]
      }
    },
    {
      "type": "Feature",
      "properties": {
        "id": "CJN09XGZTQWQQJEFX91TJI3E8",
        "gridName": "MainGrid"
      },
      "geometry": {
        "type": "Polygon",
        "coordinates": [
          [
            [
              -29090.738,
              151201.0
            ],
            [
              1423.6086,
              151201.0
            ],
            [
              1423.6086,
              180966.2
            ],
            [
              -29090.738,
              180966.2
            ],
            [
              -29090.738,
              151201.0
            ]
          ]
        ]
      }
    },
    {
      "type": "Feature",
      "properties": {
        "id": "CJSD2DGE85H8MPAP1Q0NGC6HZ",
        "gridName": "HLOD0_256m_4095m"
      },
      "geometry": {
        "type": "Polygon",
        "coordinates": [
          [
            [
              201600.0,
              151200.0
            ],
            [
              226800.0,
              151200.0
            ],
            [
              226800.0,
              176400.0
            ],
            [
              201600.0,
              176400.0
            ],
            [
              201600.0,
              151200.0
            ]
          ]
        ]
      }
    },
    {
      "type": "Feature",
      "properties": {
        "id": "CK8WA6FVGQKKG2Z76LLDJS42Z",
        "gridName": "VisualGrid"
      },
      "geometry": {
        "type": "Polygon",
        "coordinates": [
          [
            [
              91170.57,
              420864.3
            ],
            [
              106509.43,
              420864.3
            ],
            [
              106509.43,
              436075.7
            ],
            [
              91170.57,
              436075.7
            ],
            [
              91170.57,
              420864.3
            ]
          ]
        ]
      }
    },
    {
      "type": "Feature",
      "properties": {
        "id": "CKF5I7AJT41H2V1T0ICO1BXAW",
        "gridName": "HLOD0_256m_4095m"
      },
      "geometry": {
        "type": "Polygon",
        "coordinates": [
          [
            [
              151200.0,
              25200.0
            ],
            [
              176400.0,
              25200.0
            ],
            [
              176400.0,
              50400.0
            ],
            [
              151200.0,
              50400.0
            ],
            [
              151200.0,
              25200.0
            ]
          ]
        ]
      }
    },
    {
      "type": "Feature",
      "properties": {
        "id": "CL26QMEVA4NUFN68GBI55QWGW",
        "gridName": "MainGrid"
      },
      "geometry": {
        "type": "Polygon",
        "coordinates": [
          [
            [
              -579599.0,
              25201.0
            ],
            [
              -554401.0,
              25201.0
            ],
            [
              -554401.0,
              50399.0
            ],
            [
              -579599.0,
              50399.0
            ],
            [
              -579599.0,
              25201.0
            ]
          ]
        ]
      }
    },
    {
      "type": "Feature",
      "properties": {
        "id": "CLHR1R1WHLPPQO3CO5FA9X3J3",
        "gridName": "MainGrid"
      },
      "geometry": {
        "type": "Polygon",
        "coordinates": [
          [
            [
              176401.0,
              222491.3
            ],
            [
              206275.78,
              222491.3
            ],
            [
              206275.78,
              255275.75
            ],
            [
              176401.0,
              255275.75
            ],
            [
              176401.0,
              222491.3
            ]
          ]
        ]
      }
    },
    {
      "type": "Feature",
      "properties": {
        "id": "CLQNL8F68XRTUY60B5ZSI6KSG",
        "gridName": "HLOD0_256m_1999m"
      },
      "geometry": {
        "type": "Polygon",
        "coordinates": [
          [
            [
              252000.0,
              25200.0
            ],
            [
              277200.0,
              25200.0
            ],
            [
              277200.0,
              50400.0
            ],
            [
              252000.0,
              50400.0
            ],
            [
              252000.0,
              25200.0
            ]
          ]
        ]
      }
    },
    {
      "type": "Feature",
      "properties": {
        "id": "CM0348E6JOKD9PZK9M0KMA37Z",
        "gridName": "MainGrid"
      },
      "geometry": {
        "type": "Polygon",
        "coordinates": [
          [
            [
              -355683.03,
              -483249.03
            ],
            [
              -307085.38,
              -483249.03
            ],
            [
              -307085.38,
              -441306.2
            ],
            [
              -355683.03,
              -441306.2
            ],
            [
              -355683.03,
              -483249.03
            ]
          ]
        ]
      }
    },
    {
      "type": "Feature",
      "properties": {
        "id": "CMAT651HA1YV9PLCOVNBZQSEJ",
        "gridName": "MainGrid"
      },
      "geometry": {
        "type": "Polygon",
        "coordinates": [
          [
            [
              303773.28,
              15291.731
            ],
            [
              383894.0,
              15291.731
            ],
            [
              383894.0,
              93500.0
            ],
            [
              303773.28,
              93500.0
            ],
            [
              303773.28,
              15291.731
            ]
          ]
        ]
      }
    },
    {
      "type": "Feature",
      "properties": {
        "id": "CME4C9J8ZNMQO9BGW46U6F72I",
        "gridName": "MainGrid"
      },
      "geometry": {
        "type": "Polygon",
        "coordinates": [
          [
            [
              203718.72,
              -44856.562
            ],
            [
              238345.94,
              -44856.562
            ],
            [
              238345.94,
              -993.2156
            ],
            [
              203718.72,
              -993.2156
            ],
            [
              203718.72,
              -44856.562
            ]
          ]
        ]
      }
    },
    {
      "type": "Feature",
      "properties": {
        "id": "CMN3DEG3X5SJIVP5KNE36M6X5",
        "gridName": "MainGrid"
      },
      "geometry": {
        "type": "Polygon",
        "coordinates": [
          [
            [
              -781199.0,
              756001.0
            ],
            [
              -754294.7,
              756001.0
            ],
            [
              -754294.7,
              781199.0
            ],
            [
              -781199.0,
              781199.0
            ],
            [
              -781199.0,
              756001.0
            ]
          ]
        ]
      }
    },
    {
      "type": "Feature",
      "properties": {
        "id": "CMQJY3C5RH9DNQ1FU4EKAT97A",
        "gridName": "MainGrid"
      },
      "geometry": {
        "type": "Polygon",
        "coordinates": [
          [
            [
              303800.0,
              212460.77
            ],
            [
              399113.75,
              212460.77
            ],
            [
              399113.75,
              271300.0
            ],
            [
              303800.0,
              271300.0
            ],
            [
              303800.0,
              212460.77
            ]
          ]
        ]
      }
    },
    {
      "type": "Feature",
      "properties": {
        "id": "CMXRUVWEI2YTA7E8143PSVOTF",
        "gridName": "MainGrid"
      },
      "geometry": {
        "type": "Polygon",
        "coordinates": [
          [
            [
              104359.914,
              155089.1
            ],
            [
              132680.1,
              155089.1
            ],
            [
              132680.1,
              186530.9
            ],
            [
              104359.914,
              186530.9
            ],
            [
              104359.914,
              155089.1
            ]
          ]
        ]
      }
    },
    {
      "type": "Feature",
      "properties": {
        "id": "CNQVGWQEVNQT27N00OJ8KJ6VW",
        "gridName": "MainGrid"
      },
      "geometry": {
        "type": "Polygon",
        "coordinates": [
          [
            [
              244720.4,
              18104.844
            ],
            [
              278646.72,
              18104.844
            ],
            [
              278646.72,
              63573.953
            ],
            [
              244720.4,
              63573.953
            ],
            [
              244720.4,
              18104.844
            ]
          ]
        ]
      }
    },
    {
      "type": "Feature",
      "properties": {
        "id": "CO66RASTWUQHDBGNHCCPV84XZ",
        "gridName": "MainGrid"
      },
      "geometry": {
        "type": "Polygon",
        "coordinates": [
          [
            [
              -680939.1,
              -233916.38
            ],
            [
              -647857.1,
              -233916.38
            ],
            [
              -647857.1,
              -195673.67
            ],
            [
              -680939.1,
              -195673.67
            ],
            [
              -680939.1,
              -233916.38
            ]
          ]
        ]
      }
    },
    {
      "type": "Feature",
      "properties": {
        "id": "COHZGTWQODI4FGGYU306NQ179",
        "gridName": "MainGrid"
      },
      "geometry": {
        "type": "Polygon",
        "coordinates": [
          [
            [
              49457.977,
              93286.15
            ],
            [
              82065.95,
              93286.15
            ],
            [
              82065.95,
              135414.69
            ],
            [
              49457.977,
              135414.69
            ],
            [
              49457.977,
              93286.15
            ]
          ]
        ]
      }
    },
    {
      "type": "Feature",
      "properties": {
        "id": "COLG6X4UH26887GX59334H16W",
        "gridName": "HLOD0_256m_4095m"
      },
      "geometry": {
        "type": "Polygon",
        "coordinates": [
          [
            [
              0.0,
              0.0
            ],
            [
              403200.0,
              0.0
            ],
            [
              403200.0,
              403200.0
            ],
            [
              0.0,
              403200.0
            ],
            [
              0.0,
              0.0
            ]
          ]
        ]
      }
    },
    {
      "type": "Feature",
      "properties": {
        "id": "COS41WC2M88E9TXNT0P2CMX17",
        "gridName": "MainGrid"
      },
      "geometry": {
        "type": "Polygon",
        "coordinates": [
          [
            [
              -151199.0,
              25201.0
            ],
            [
              -126001.0,
              25201.0
            ],
            [
              -126001.0,
              50399.0
            ],
            [
              -151199.0,
              50399.0
            ],
            [
              -151199.0,
              25201.0
            ]
          ]
        ]
      }
    },
    {
      "type": "Feature",
      "properties": {
        "id": "CPBM3P17KPMYVHJ8YZ5N2NRF8",
        "gridName": "HLOD0_256m_1999m"
      },
      "geometry": {
        "type": "Polygon",
        "coordinates": [
          [
            [
              201600.0,
              277200.0
            ],
            [
              226800.0,
              277200.0
            ],
            [
              226800.0,
              302400.0
            ],
            [
              201600.0,
              302400.0
            ],
            [
              201600.0,
              277200.0
            ]
          ]
        ]
      }
    },
    {
      "type": "Feature",
      "properties": {
        "id": "CQO2A7W0O2E9EBU8YXMPGE5PC",
        "gridName": "MainGrid"
      },
      "geometry": {
        "type": "Polygon",
        "coordinates": [
          [
            [
              -781199.0,
              -327599.0
            ],
            [
              -756001.0,
              -327599.0
            ],
            [
              -756001.0,
              -302401.0
            ],
            [
              -781199.0,
              -302401.0
            ],
            [
              -781199.0,
              -327599.0
            ]
          ]
        ]
      }
    },
    {
      "type": "Feature",
      "properties": {
        "id": "CR4CKUXNGT05Q5088TT4EIOLL",
        "gridName": "MainGrid"
      },
      "geometry": {
        "type": "Polygon",
        "coordinates": [
          [
            [
              43346.18,
              407934.4
            ],
            [
              119691.7,
              407934.4
            ],
            [
              119691.7,
              476939.6
            ],
            [
              43346.18,
              476939.6
            ],
            [
              43346.18,
              407934.4
            ]
          ]
        ]
      }
    },
    {
      "type": "Feature",
      "properties": {
        "id": "CREAESRX17QRBD99SW9AHQ20A",
        "gridName": "HLOD0_256m_4095m"
      },
      "geometry": {
        "type": "Polygon",
        "coordinates": [
          [
            [
              151200.0,
              -25200.0
            ],
            [
              176400.0,
              -25200.0
            ],
            [
              176400.0,
              0.0
            ],
            [
              151200.0,
              0.0
            ],
            [
              151200.0,
              -25200.0
            ]
          ]
        ]
      }
    },
    {
      "type": "Feature",
      "properties": {
        "id": "CS77IUXIREDIMXVJUL2A1IOFP",
        "gridName": "MainGrid"
      },
      "geometry": {
        "type": "Polygon",
        "coordinates": [
          [
            [
              -453599.0,
              -251999.0
            ],
            [
              -428401.0,
              -251999.0
            ],
            [
              -428401.0,
              -226801.0
            ],
            [
              -453599.0,
              -226801.0
            ],
            [
              -453599.0,
              -251999.0
            ]
          ]
        ]
      }
    },
    {
      "type": "Feature",
      "properties": {
        "id": "CSO8JDXGSFDJFAI3LNCRCVGF8",
        "gridName": "HLOD0_256m_4095m"
      },
      "geometry": {
        "type": "Polygon",
        "coordinates": [
          [
            [
              75600.0,
              50400.0
            ],
            [
              100800.0,
              50400.0
            ],
            [
              100800.0,
              75600.0
            ],
            [
              75600.0,
              75600.0
            ],
            [
              75600.0,
              50400.0
            ]
          ]
        ]
      }
    },
    {
      "type": "Feature",
      "properties": {
        "id": "CU11C8MR2NNI0SFPB4P855VHO",
        "gridName": "VisualGrid"
      },
      "geometry": {
        "type": "Polygon",
        "coordinates": [
          [
            [
              174262.61,
              28213.188
            ],
            [
              227968.42,
              28213.188
            ],
            [
              227968.42,
              84004.49
            ],
            [
              174262.61,
              84004.49
            ],
            [
              174262.61,
              28213.188
            ]
          ]
        ]
      }
    },
    {
      "type": "Feature",
      "properties": {
        "id": "CU2RSVD0H9VJPH1XZCUOLF9N7",
        "gridName": "MainGrid"
      },
      "geometry": {
        "type": "Polygon",
        "coordinates": [
          [
            [
              302401.0,
              -75599.0
            ],
            [
              327599.0,
              -75599.0
            ],
            [
              327599.0,
              -50401.0
            ],
            [
              302401.0,
              -50401.0
            ],
            [
              302401.0,
              -75599.0
            ]
          ]
        ]
      }
    },
    {
      "type": "Feature",
      "properties": {
        "id": "CUHD7UIH5BBRFA22AI8CUJZH7",
        "gridName": "MainGrid"
      },
      "geometry": {
        "type": "Polygon",
        "coordinates": [
          [
            [
              -554399.0,
              -125999.0
            ],
            [
              -529201.0,
              -125999.0
            ],
            [
              -529201.0,
              -100801.0
            ],
            [
              -554399.0,
              -100801.0
            ],
            [
              -554399.0,
              -125999.0
            ]
          ]
        ]
      }
    },
    {
      "type": "Feature",
      "properties": {
        "id": "CUHZXG4ERV34HP2900YJQ6UJU",
        "gridName": "MainGrid"
      },
      "geometry": {
        "type": "Polygon",
        "coordinates": [
          [
            [
              415800.0,
              88200.0
            ],
            [
              415800.0,
              88200.0
            ],
            [
              415800.0,
              88200.0
            ],
            [
              415800.0,
              88200.0
            ],
            [
              415800.0,
              88200.0
            ]
          ]
        ]
      }
    },
    {
      "type": "Feature",
      "properties": {
        "id": "CW1QAXDGJAY43K9ZQN0AB5YAQ",
        "gridName": "HLOD0_256m_4095m"
      },
      "geometry": {
        "type": "Polygon",
        "coordinates": [
          [
            [
              0.0,
              126000.0
            ],
            [
              25200.0,
              126000.0
            ],
            [
              25200.0,
              151200.0
            ],
            [
              0.0,
              151200.0
            ],
            [
              0.0,
              126000.0
            ]
          ]
        ]
      }
    },
    {
      "type": "Feature",
      "properties": {
        "id": "CXZ6QRV4K4XFP8JGRKIJN6PWX",
        "gridName": "HLOD0_256m_767m"
      },
      "geometry": {
        "type": "Polygon",
        "coordinates": [
          [
            [
              126000.0,
              151200.0
            ],
            [
              151200.0,
              151200.0
            ],
            [
              151200.0,
              176400.0
            ],
            [
              126000.0,
              176400.0
            ],
            [
              126000.0,
              151200.0
            ]
          ]
        ]
      }
    },
    {
      "type": "Feature",
      "properties": {
        "id": "D016LXF6PPH1MG162BOXNNWEF",
        "gridName": "MainGrid"
      },
      "geometry": {
        "type": "Polygon",
        "coordinates": [
          [
            [
              -680399.0,
              -125999.0
            ],
            [
              -655201.0,
              -125999.0
            ],
            [
              -655201.0,
              -100801.0
            ],
            [
              -680399.0,
              -100801.0
            ],
            [
              -680399.0,
              -125999.0
            ]
          ]
        ]
      }
    },
    {
      "type": "Feature",
      "properties": {
        "id": "D0EVEW5GIRMM55C3ZUUUB1S9U",
        "gridName": "HLOD0_256m_4095m"
      },
      "geometry": {
        "type": "Polygon",
        "coordinates": [
          [
            [
              226800.0,
              226800.0
            ],
            [
              252000.0,
              226800.0
            ],
            [
              252000.0,
              252000.0
            ],
            [
              226800.0,
              252000.0
            ],
            [
              226800.0,
              226800.0
            ]
          ]
        ]
      }
    },
    {
      "type": "Feature",
      "properties": {
        "id": "D0PFFXG3QO5HY781FKOL02PKA",
        "gridName": "MainGrid"
      },
      "geometry": {
        "type": "Polygon",
        "coordinates": [
          [
            [
              224314.2,
              72134.31
            ],
            [
              258123.34,
              72134.31
            ],
            [
              258123.34,
              107344.43
            ],
            [
              224314.2,
              107344.43
            ],
            [
              224314.2,
              72134.31
            ]
          ]
        ]
      }
    },
    {
      "type": "Feature",
      "properties": {
        "id": "D17G3IOGBHB12DG1YX8GOQ3US",
        "gridName": "HLOD0_256m_4095m"
      },
      "geometry": {
        "type": "Polygon",
        "coordinates": [
          [
            [
              277200.0,
              226800.0
            ],
            [
              302400.0,
              226800.0
            ],
            [
              302400.0,
              252000.0
            ],
            [
              277200.0,
              252000.0
            ],
            [
              277200.0,
              226800.0
            ]
          ]
        ]
      }
    },
    {
      "type": "Feature",
      "properties": {
        "id": "D2BHLDADFQ3IK5VEKO2XPCSJS",
        "gridName": "HLOD0_256m_4095m"
      },
      "geometry": {
        "type": "Polygon",
        "coordinates": [
          [
            [
              352800.0,
              252000.0
            ],
            [
              378000.0,
              252000.0
            ],
            [
              378000.0,
              277200.0
            ],
            [
              352800.0,
              277200.0
            ],
            [
              352800.0,
              252000.0
            ]
          ]
        ]
      }
    },
    {
      "type": "Feature",
      "properties": {
        "id": "D3I3UIZYIQMHHMOD7B5HEFCJW",
        "gridName": "MainGrid"
      },
      "geometry": {
        "type": "Polygon",
        "coordinates": [
          [
            [
              252001.0,
              403201.0
            ],
            [
              277199.0,
              403201.0
            ],
            [
              277199.0,
              428399.0
            ],
            [
              252001.0,
              428399.0
            ],
            [
              252001.0,
              403201.0
            ]
          ]
        ]
      }
    },
    {
      "type": "Feature",
      "properties": {
        "id": "D4HFHMJLLQ2PFAO760X2T7101",
        "gridName": "MainGrid"
      },
      "geometry": {
        "type": "Polygon",
        "coordinates": [
          [
            [
              151400.0,
              101239.95
            ],
            [
              195324.08,
              101239.95
            ],
            [
              195324.08,
              144300.0
            ],
            [
              151400.0,
              144300.0
            ],
            [
              151400.0,
              101239.95
            ]
          ]
        ]
      }
    },
    {
      "type": "Feature",
      "properties": {
        "id": "D66DLVJGWM8XH9PWYC26MQCVB",
        "gridName": "HLOD0_256m_4095m"
      },
      "geometry": {
        "type": "Polygon",
        "coordinates": [
          [
            [
              151200.0,
              50400.0
            ],
            [
              176400.0,
              50400.0
            ],
            [
              176400.0,
              75600.0
            ],
            [
              151200.0,
              75600.0
            ],
            [
              151200.0,
              50400.0
            ]
          ]
        ]
      }
    },
    {
      "type": "Feature",
      "properties": {
        "id": "D6A6JV5M84ATD87HUJ47TLJBA",
        "gridName": "MainGrid"
      },
      "geometry": {
        "type": "Polygon",
        "coordinates": [
          [
            [
              198565.11,
              -4433.427
            ],
            [
              233681.84,
              -4433.427
            ],
            [
              233681.84,
              31454.816
            ],
            [
              198565.11,
              31454.816
            ],
            [
              198565.11,
              -4433.427
            ]
          ]
        ]
      }
    },
    {
      "type": "Feature",
      "properties": {
        "id": "D6JR3YHGPAG0IT72Z4JP6XIVE",
        "gridName": "MainGrid"
      },
      "geometry": {
        "type": "Polygon",
        "coordinates": [
          [
            [
              119295.03,
              95830.04
            ],
            [
              155316.06,
              95830.04
            ],
            [
              155316.06,
              135457.5
            ],
            [
              119295.03,
              135457.5
            ],
            [
              119295.03,
              95830.04
            ]
          ]
        ]
      }
    },
    {
      "type": "Feature",
      "properties": {
        "id": "D6UUGLAMTC369JNZ5JFZTN3PP",
        "gridName": "MainGrid"
      },
      "geometry": {
        "type": "Polygon",
        "coordinates": [
          [
            [
              378001.0,
              1.0
            ],
            [
              403199.0,
              1.0
            ],
            [
              403199.0,
              25199.0
            ],
            [
              378001.0,
              25199.0
            ],
            [
              378001.0,
              1.0
            ]
          ]
        ]
      }
    },
    {
      "type": "Feature",
      "properties": {
        "id": "D78PTVZSHKAFMT016U4HJC6K9",
        "gridName": "MainGrid"
      },
      "geometry": {
        "type": "Polygon",
        "coordinates": [
          [
            [
              151400.0,
              261793.73
            ],
            [
              196210.98,
              261793.73
            ],
            [
              196210.98,
              299240.12
            ],
            [
              151400.0,
              299240.12
            ],
            [
              151400.0,
              261793.73
            ]
          ]
        ]
      }
    },
    {
      "type": "Feature",
      "properties": {
        "id": "D8SQQ8CM5JU20JGHFJVG7B7TK",
        "gridName": "MainGrid"
      },
      "geometry": {
        "type": "Polygon",
        "coordinates": [
          [
            [
              -453599.0,
              -302399.0
            ],
            [
              -428401.0,
              -302399.0
            ],
            [
              -428401.0,
              -277201.0
            ],
            [
              -453599.0,
              -277201.0
            ],
            [
              -453599.0,
              -302399.0
            ]
          ]
        ]
      }
    },
    {
      "type": "Feature",
      "properties": {
        "id": "D97THQFWFKZ59KI87BY79DA3E",
        "gridName": "MainGrid"
      },
      "geometry": {
        "type": "Polygon",
        "coordinates": [
          [
            [
              151201.0,
              403201.0
            ],
            [
              176399.0,
              403201.0
            ],
            [
              176399.0,
              428399.0
            ],
            [
              151201.0,
              428399.0
            ],
            [
              151201.0,
              403201.0
            ]
          ]
        ]
      }
    },
    {
      "type": "Feature",
      "properties": {
        "id": "D9MMZ4ZWUMINTN5RMAQ0WNCFL",
        "gridName": "MainGrid"
      },
      "geometry": {
        "type": "Polygon",
        "coordinates": [
          [
            [
              1.0,
              -25199.0
            ],
            [
              25199.0,
              -25199.0
            ],
            [
              25199.0,
              -1.0
            ],
            [
              1.0,
              -1.0
            ],
            [
              1.0,
              -25199.0
            ]
          ]
        ]
      }
    },
    {
      "type": "Feature",
      "properties": {
        "id": "DA94VB7PHM8DGZO3WDN7PU1LZ",
        "gridName": "HLOD0_256m_4095m"
      },
      "geometry": {
        "type": "Polygon",
        "coordinates": [
          [
            [
              25200.0,
              201600.0
            ],
            [
              50400.0,
              201600.0
            ],
            [
              50400.0,
              226800.0
            ],
            [
              25200.0,
              226800.0
            ],
            [
              25200.0,
              201600.0
            ]
          ]
        ]
      }
    },
    {
      "type": "Feature",
      "properties": {
        "id": "DAA47BMQXFLV1P0L0SFGMMH2U",
        "gridName": "HLOD0_256m_4095m"
      },
      "geometry": {
        "type": "Polygon",
        "coordinates": [
          [
            [
              378000.0,
              126000.0
            ],
            [
              403200.0,
              126000.0
            ],
            [
              403200.0,
              151200.0
            ],
            [
              378000.0,
              151200.0
            ],
            [
              378000.0,
              126000.0
            ]
          ]
        ]
      }
    },
    {
      "type": "Feature",
      "properties": {
        "id": "DALQQNA83ZF5X3OELELGGJSKY",
        "gridName": "MainGrid"
      },
      "geometry": {
        "type": "Polygon",
        "coordinates": [
          [
            [
              -790574.4,
              671079.2
            ],
            [
              -755594.94,
              671079.2
            ],
            [
              -755594.94,
              709800.0
            ],
            [
              -790574.4,
              709800.0
            ],
            [
              -790574.4,
              671079.2
            ]
          ]
        ]
      }
    },
    {
      "type": "Feature",
      "properties": {
        "id": "DB031XZH6HN23BVBBAC6UFDR7",
        "gridName": "MainGrid"
      },
      "geometry": {
        "type": "Polygon",
        "coordinates": [
          [
            [
              -480477.84,
              -151199.0
            ],
            [
              -445180.97,
              -151199.0
            ],
            [
              -445180.97,
              -121991.38
            ],
            [
              -480477.84,
              -121991.38
            ],
            [
              -480477.84,
              -151199.0
            ]
          ]
        ]
      }
    },
    {
      "type": "Feature",
      "properties": {
        "id": "DBVWTKMDGDO1QQ7QWZ866AP25",
        "gridName": "HLOD0_256m_4095m"
      },
      "geometry": {
        "type": "Polygon",
        "coordinates": [
          [
            [
              151200.0,
              100800.0
            ],
            [
              176400.0,
              100800.0
            ],
            [
              176400.0,
              126000.0
            ],
            [
              151200.0,
              126000.0
            ],
            [
              151200.0,
              100800.0
            ]
          ]
        ]
      }
    },
    {
      "type": "Feature",
      "properties": {
        "id": "DBXTN5WYROWTQ39T0P2T2TCWG",
        "gridName": "MainGrid"
      },
      "geometry": {
        "type": "Polygon",
        "coordinates": [
          [
            [
              -604799.0,
              -352799.0
            ],
            [
              -579601.0,
              -352799.0
            ],
            [
              -579601.0,
              -327601.0
            ],
            [
              -604799.0,
              -327601.0
            ],
            [
              -604799.0,
              -352799.0
            ]
          ]
        ]
      }
    },
    {
      "type": "Feature",
      "properties": {
        "id": "DC8DZKAY44FAGVBKPVVUKAQA3",
        "gridName": "HLOD0_256m_4095m"
      },
      "geometry": {
        "type": "Polygon",
        "coordinates": [
          [
            [
              176400.0,
              151200.0
            ],
            [
              201600.0,
              151200.0
            ],
            [
              201600.0,
              176400.0
            ],
            [
              176400.0,
              176400.0
            ],
            [
              176400.0,
              151200.0
            ]
          ]
        ]
      }
    },
    {
      "type": "Feature",
      "properties": {
        "id": "DC9GIIUPZTWZYJSAZS9D0Y1BT",
        "gridName": "MainGrid"
      },
      "geometry": {
        "type": "Polygon",
        "coordinates": [
          [
            [
              -629999.0,
              -226799.0
            ],
            [
              -604801.0,
              -226799.0
            ],
            [
              -604801.0,
              -201601.0
            ],
            [
              -629999.0,
              -201601.0
            ],
            [
              -629999.0,
              -226799.0
            ]
          ]
        ]
      }
    },
    {
      "type": "Feature",
      "properties": {
        "id": "DD6DK5II114EG8VTN62B9G7EQ",
        "gridName": "MainGrid"
      },
      "geometry": {
        "type": "Polygon",
        "coordinates": [
          [
            [
              -481500.0,
              75601.0
            ],
            [
              -436500.0,
              75601.0
            ],
            [
              -436500.0,
              100799.0
            ],
            [
              -481500.0,
              100799.0
            ],
            [
              -481500.0,
              75601.0
            ]
          ]
        ]
      }
    },
    {
      "type": "Feature",
      "properties": {
        "id": "DD7OSLORZ1O13RA67PRMW0T91",
        "gridName": "HLOD0_256m_4095m"
      },
      "geometry": {
        "type": "Polygon",
        "coordinates": [
          [
            [
              302400.0,
              201600.0
            ],
            [
              327600.0,
              201600.0
            ],
            [
              327600.0,
              226800.0
            ],
            [
              302400.0,
              226800.0
            ],
            [
              302400.0,
              201600.0
            ]
          ]
        ]
      }
    },
    {
      "type": "Feature",
      "properties": {
        "id": "DDRJCIQ0LPSLEYBRIIEQZ7DW9",
        "gridName": "MainGrid"
      },
      "geometry": {
        "type": "Polygon",
        "coordinates": [
          [
            [
              -680399.0,
              630001.0
            ],
            [
              -655201.0,
              630001.0
            ],
            [
              -655201.0,
              655199.0
            ],
            [
              -680399.0,
              655199.0
            ],
            [
              -680399.0,
              630001.0
            ]
          ]
        ]
      }
    },
    {
      "type": "Feature",
      "properties": {
        "id": "DE657KXGO3TVYDV2PPUKP87VL",
        "gridName": "HLOD0_256m_4095m"
      },
      "geometry": {
        "type": "Polygon",
        "coordinates": [
          [
            [
              352800.0,
              100800.0
            ],
            [
              378000.0,
              100800.0
            ],
            [
              378000.0,
              126000.0
            ],
            [
              352800.0,
              126000.0
            ],
            [
              352800.0,
              100800.0
            ]
          ]
        ]
      }
    },
    {
      "type": "Feature",
      "properties": {
        "id": "DEO8SVTX4CAYJUAA0IP8655OA",
        "gridName": "MainGrid"
      },
      "geometry": {
        "type": "Polygon",
        "coordinates": [
          [
            [
              -554849.0,
              25201.0
            ],
            [
              -529201.0,
              25201.0
            ],
            [
              -529201.0,
              53033.76
            ],
            [
              -554849.0,
              53033.76
            ],
            [
              -554849.0,
              25201.0
            ]
          ]
        ]
      }
    },
    {
      "type": "Feature",
      "properties": {
        "id": "DFNXW5X3QH5QULV2GVBDW60TV",
        "gridName": "HLOD0_256m_4095m"
      },
      "geometry": {
        "type": "Polygon",
        "coordinates": [
          [
            [
              176400.0,
              201600.0
            ],
            [
              201600.0,
              201600.0
            ],
            [
              201600.0,
              226800.0
            ],
            [
              176400.0,
              226800.0
            ],
            [
              176400.0,
              201600.0
            ]
          ]
        ]
      }
    },
    {
      "type": "Feature",
      "properties": {
        "id": "DFUD5BYRAP66329X1R2PMS65S",
        "gridName": "MainGrid"
      },
      "geometry": {
        "type": "Polygon",
        "coordinates": [
          [
            [
              43642.01,
              173921.66
            ],
            [
              79907.47,
              173921.66
            ],
            [
              79907.47,
              201971.27
            ],
            [
              43642.01,
              201971.27
            ],
            [
              43642.01,
              173921.66
            ]
          ]
        ]
      }
    },
    {
      "type": "Feature",
      "properties": {
        "id": "DFWV18Y5W7Y8AVJJWGD63VKZS",
        "gridName": "MainGrid"
      },
      "geometry": {
        "type": "Polygon",
        "coordinates": [
          [
            [
              98938.74,
              147008.48
            ],
            [
              140286.7,
              147008.48
            ],
            [
              140286.7,
              177036.16
            ],
            [
              98938.74,
              177036.16
            ],
            [
              98938.74,
              147008.48
            ]
          ]
        ]
      }
    },
    {
      "type": "Feature",
      "properties": {
        "id": "DGLSQA1CE58QC70GCDXCR278F",
        "gridName": "MainGrid"
      },
      "geometry": {
        "type": "Polygon",
        "coordinates": [
          [
            [
              201601.0,
              428401.0
            ],
            [
              226799.0,
              428401.0
            ],
            [
              226799.0,
              453599.0
            ],
            [
              201601.0,
              453599.0
            ],
            [
              201601.0,
              428401.0
            ]
          ]
        ]
      }
    },
    {
      "type": "Feature",
      "properties": {
        "id": "DH3H9JSPZJNPE52C4QH99FSK6",
        "gridName": "MainGrid"
      },
      "geometry": {
        "type": "Polygon",
        "coordinates": [
          [
            [
              375999.7,
              165194.05
            ],
            [
              403199.0,
              165194.05
            ],
            [
              403199.0,
              201599.0
            ],
            [
              375999.7,
              201599.0
            ],
            [
              375999.7,
              165194.05
            ]
          ]
        ]
      }
    },
    {
      "type": "Feature",
      "properties": {
        "id": "DIHS4MZ2LUEOMSJOFFRUL8GPG",
        "gridName": "MainGrid"
      },
      "geometry": {
        "type": "Polygon",
        "coordinates": [
          [
            [
              176401.0,
              139777.48
            ],
            [
              203760.23,
              139777.48
            ],
            [
              203760.23,
              193804.66
            ],
            [
              176401.0,
              193804.66
            ],
            [
              176401.0,
              139777.48
            ]
          ]
        ]
      }
    },
    {
      "type": "Feature",
      "properties": {
        "id": "DJO26SLN9VT1PKR61TPVE5VOJ",
        "gridName": "MainGrid"
      },
      "geometry": {
        "type": "Polygon",
        "coordinates": [
          [
            [
              253000.0,
              117080.65
            ],
            [
              297053.25,
              117080.65
            ],
            [
              297053.25,
              145382.64
            ],
            [
              253000.0,
              145382.64
            ],
            [
              253000.0,
              117080.65
            ]
          ]
        ]
      }
    },
    {
      "type": "Feature",
      "properties": {
        "id": "DK1WCWPM2I3FUGXO406OM0MRQ",
        "gridName": "MainGrid"
      },
      "geometry": {
        "type": "Polygon",
        "coordinates": [
          [
            [
              -25199.0,
              25201.0
            ],
            [
              4117.007,
              25201.0
            ],
            [
              4117.007,
              54771.16
            ],
            [
              -25199.0,
              54771.16
            ],
            [
              -25199.0,
              25201.0
            ]
          ]
        ]
      }
    },
    {
      "type": "Feature",
      "properties": {
        "id": "DL4YRCAQDY41BGV0629DS23CH",
        "gridName": "MainGrid"
      },
      "geometry": {
        "type": "Polygon",
        "coordinates": [
          [
            [
              390600.0,
              -88200.0
            ],
            [
              390600.0,
              -88200.0
            ],
            [
              390600.0,
              -88200.0
            ],
            [
              390600.0,
              -88200.0
            ],
            [
              390600.0,
              -88200.0
            ]
          ]
        ]
      }
    },
    {
      "type": "Feature",
      "properties": {
        "id": "DL5WKL6F7OW2KRVYQ28HFEERI",
        "gridName": "HLOD0_256m_4095m"
      },
      "geometry": {
        "type": "Polygon",
        "coordinates": [
          [
            [
              0.0,
              -50400.0
            ],
            [
              25200.0,
              -50400.0
            ],
            [
              25200.0,
              -25200.0
            ],
            [
              0.0,
              -25200.0
            ],
            [
              0.0,
              -50400.0
            ]
          ]
        ]
      }
    },
    {
      "type": "Feature",
      "properties": {
        "id": "DM1ZXCRKJF8HXHTPMTYGANRXF",
        "gridName": "MainGrid"
      },
      "geometry": {
        "type": "Polygon",
        "coordinates": [
          [
            [
              -790400.0,
              709360.2
            ],
            [
              -706155.94,
              709360.2
            ],
            [
              -706155.94,
              786805.8
            ],
            [
              -790400.0,
              786805.8
            ],
            [
              -790400.0,
              709360.2
            ]
          ]
        ]
      }
    },
    {
      "type": "Feature",
      "properties": {
        "id": "DM5404XONTPZAAB3WG1Z89YAZ",
        "gridName": "MainGrid"
      },
      "geometry": {
        "type": "Polygon",
        "coordinates": [
          [
            [
              -529199.0,
              75601.0
            ],
            [
              -504001.0,
              75601.0
            ],
            [
              -504001.0,
              100799.0
            ],
            [
              -529199.0,
              100799.0
            ],
            [
              -529199.0,
              75601.0
            ]
          ]
        ]
      }
    },
    {
      "type": "Feature",
      "properties": {
        "id": "DM8HQE07ZO4WLWD45SZPGLGCH",
        "gridName": "MainGrid"
      },
      "geometry": {
        "type": "Polygon",
        "coordinates": [
          [
            [
              100801.0,
              176401.0
            ],
            [
              125999.0,
              176401.0
            ],
            [
              125999.0,
              201599.0
            ],
            [
              100801.0,
              201599.0
            ],
            [
              100801.0,
              176401.0
            ]
          ]
        ]
      }
    },
    {
      "type": "Feature",
      "properties": {
        "id": "DMRO5FBL72E9RCD6AFFLG3XTN",
        "gridName": "MainGrid"
      },
      "geometry": {
        "type": "Polygon",
        "coordinates": [
          [
            [
              -201599.0,
              126001.0
            ],
            [
              -176401.0,
              126001.0
            ],
            [
              -176401.0,
              151199.0
            ],
            [
              -201599.0,
              151199.0
            ],
            [
              -201599.0,
              126001.0
            ]
          ]
        ]
      }
    },
    {
      "type": "Feature",
      "properties": {
        "id": "DMW61JFSWSTT0B6E23IC0B7Z2",
        "gridName": "HLOD0_256m_4095m"
      },
      "geometry": {
        "type": "Polygon",
        "coordinates": [
          [
            [
              -327600.0,
              -478800.0
            ],
            [
              -302400.0,
              -478800.0
            ],
            [
              -302400.0,
              -453600.0
            ],
            [
              -327600.0,
              -453600.0
            ],
            [
              -327600.0,
              -478800.0
            ]
          ]
        ]
      }
    },
    {
      "type": "Feature",
      "properties": {
        "id": "DN66LG0O6F20M3UF0HULBKX8G",
        "gridName": "MainGrid"
      },
      "geometry": {
        "type": "Polygon",
        "coordinates": [
          [
            [
              69823.4,
              -100799.0
            ],
            [
              100799.0,
              -100799.0
            ],
            [
              100799.0,
              -67414.99
            ],
            [
              69823.4,
              -67414.99
            ],
            [
              69823.4,
              -100799.0
            ]
          ]
        ]
      }
    },
    {
      "type": "Feature",
      "properties": {
        "id": "DNAOXSU9C1SZJ5FP68JTFZFPX",
        "gridName": "MainGrid"
      },
      "geometry": {
        "type": "Polygon",
        "coordinates": [
          [
            [
              218195.67,
              -6404.1655
            ],
            [
              261036.81,
              -6404.1655
            ],
            [
              261036.81,
              31380.232
            ],
            [
              218195.67,
              31380.232
            ],
            [
              218195.67,
              -6404.1655
            ]
          ]
        ]
      }
    },
    {
      "type": "Feature",
      "properties": {
        "id": "DNFCMSFLE90BYOHCU3IE3ES97",
        "gridName": "HLOD0_256m_4095m"
      },
      "geometry": {
        "type": "Polygon",
        "coordinates": [
          [
            [
              50400.0,
              226800.0
            ],
            [
              75600.0,
              226800.0
            ],
            [
              75600.0,
              252000.0
            ],
            [
              50400.0,
              252000.0
            ],
            [
              50400.0,
              226800.0
            ]
          ]
        ]
      }
    },
    {
      "type": "Feature",
      "properties": {
        "id": "DNJX2MHZXDKJHDRNIAG0JB0HD",
        "gridName": "MainGrid"
      },
      "geometry": {
        "type": "Polygon",
        "coordinates": [
          [
            [
              63000.0,
              289800.0
            ],
            [
              63000.0,
              289800.0
            ],
            [
              63000.0,
              289800.0
            ],
            [
              63000.0,
              289800.0
            ],
            [
              63000.0,
              289800.0
            ]
          ]
        ]
      }
    },
    {
      "type": "Feature",
      "properties": {
        "id": "DOAL91DM2II7NDN9WMIWYAPB7",
        "gridName": "HLOD0_256m_4095m"
      },
      "geometry": {
        "type": "Polygon",
        "coordinates": [
          [
            [
              0.0,
              25200.0
            ],
            [
              25200.0,
              25200.0
            ],
            [
              25200.0,
              50400.0
            ],
            [
              0.0,
              50400.0
            ],
            [
              0.0,
              25200.0
            ]
          ]
        ]
      }
    },
    {
      "type": "Feature",
      "properties": {
        "id": "DOGRB4T3F36YWNM6V133ZDJBC",
        "gridName": "HLOD0_256m_4095m"
      },
      "geometry": {
        "type": "Polygon",
        "coordinates": [
          [
            [
              -730800.0,
              756000.0
            ],
            [
              -705600.0,
              756000.0
            ],
            [
              -705600.0,
              781200.0
            ],
            [
              -730800.0,
              781200.0
            ],
            [
              -730800.0,
              756000.0
            ]
          ]
        ]
      }
    },
    {
      "type": "Feature",
      "properties": {
        "id": "DP4H649FIBC8ANJ64J54CJVMF",
        "gridName": "MainGrid"
      },
      "geometry": {
        "type": "Polygon",
        "coordinates": [
          [
            [
              352801.0,
              -100799.0
            ],
            [
              377999.0,
              -100799.0
            ],
            [
              377999.0,
              -75601.0
            ],
            [
              352801.0,
              -75601.0
            ],
            [
              352801.0,
              -100799.0
            ]
          ]
        ]
      }
    },
    {
      "type": "Feature",
      "properties": {
        "id": "DPIQ7XXWAE3UNVME0ANUHIQ1N",
        "gridName": "MainGrid"
      },
      "geometry": {
        "type": "Polygon",
        "coordinates": [
          [
            [
              202200.0,
              220500.0
            ],
            [
              233653.22,
              220500.0
            ],
            [
              233653.22,
              249858.78
            ],
            [
              202200.0,
              249858.78
            ],
            [
              202200.0,
              220500.0
            ]
          ]
        ]
      }
    },
    {
      "type": "Feature",
      "properties": {
        "id": "DPZ8T2XAY4KVII15X3G77PFW1",
        "gridName": "MainGrid"
      },
      "geometry": {
        "type": "Polygon",
        "coordinates": [
          [
            [
              -5739.625,
              71109.85
            ],
            [
              34594.0,
              71109.85
            ],
            [
              34594.0,
              107390.84
            ],
            [
              -5739.625,
              107390.84
            ],
            [
              -5739.625,
              71109.85
            ]
          ]
        ]
      }
    },
    {
      "type": "Feature",
      "properties": {
        "id": "DQ0NQ8F8YT8V5G4L0PMRLQZMN",
        "gridName": "MainGrid"
      },
      "geometry": {
        "type": "Polygon",
        "coordinates": [
          [
            [
              94604.555,
              -56130.0
            ],
            [
              132292.25,
              -56130.0
            ],
            [
              132292.25,
              -18057.822
            ],
            [
              94604.555,
              -18057.822
            ],
            [
              94604.555,
              -56130.0
            ]
          ]
        ]
      }
    },
    {
      "type": "Feature",
      "properties": {
        "id": "DQ4XHEX8A6XSEBFHZHQRM03BY",
        "gridName": "MainGrid"
      },
      "geometry": {
        "type": "Polygon",
        "coordinates": [
          [
            [
              50401.0,
              252001.0
            ],
            [
              75599.0,
              252001.0
            ],
            [
              75599.0,
              277199.0
            ],
            [
              50401.0,
              277199.0
            ],
            [
              50401.0,
              252001.0
            ]
          ]
        ]
      }
    },
    {
      "type": "Feature",
      "properties": {
        "id": "DQEKCT7HX0XTFMY9VPTY4ODJQ",
        "gridName": "HLOD0_256m_4095m"
      },
      "geometry": {
        "type": "Polygon",
        "coordinates": [
          [
            [
              -781200.0,
              655200.0
            ],
            [
              -756000.0,
              655200.0
            ],
            [
              -756000.0,
              680400.0
            ],
            [
              -781200.0,
              680400.0
            ],
            [
              -781200.0,
              655200.0
            ]
          ]
        ]
      }
    },
    {
      "type": "Feature",
      "properties": {
        "id": "DQTDKJ9XSCUMOIWLFUDG4VVW9",
        "gridName": "VisualGrid"
      },
      "geometry": {
        "type": "Polygon",
        "coordinates": [
          [
            [
              -732478.1,
              756523.0
            ],
            [
              -730700.06,
              756523.0
            ],
            [
              -730700.06,
              757202.1
            ],
            [
              -732478.1,
              757202.1
            ],
            [
              -732478.1,
              756523.0
            ]
          ]
        ]
      }
    },
    {
      "type": "Feature",
      "properties": {
        "id": "DQXKHZGDHX9NTH88YO5YQ3Q5U",
        "gridName": "MainGrid"
      },
      "geometry": {
        "type": "Polygon",
        "coordinates": [
          [
            [
              -478799.0,
              100801.0
            ],
            [
              -453601.0,
              100801.0
            ],
            [
              -453601.0,
              125999.0
            ],
            [
              -478799.0,
              125999.0
            ],
            [
              -478799.0,
              100801.0
            ]
          ]
        ]
      }
    },
    {
      "type": "Feature",
      "properties": {
        "id": "DR61SPRSC9ORNE946OR4XHPKX",
        "gridName": "MainGrid"
      },
      "geometry": {
        "type": "Polygon",
        "coordinates": [
          [
            [
              -12600.0,
              264600.0
            ],
            [
              -12600.0,
              264600.0
            ],
            [
              -12600.0,
              264600.0
            ],
            [
              -12600.0,
              264600.0
            ],
            [
              -12600.0,
              264600.0
            ]
          ]
        ]
      }
    },
    {
      "type": "Feature",
      "properties": {
        "id": "DSVUCDYDUXDQ76WAUKX8RWYSE",
        "gridName": "MainGrid"
      },
      "geometry": {
        "type": "Polygon",
        "coordinates": [
          [
            [
              378001.0,
              252001.0
            ],
            [
              403199.0,
              252001.0
            ],
            [
              403199.0,
              277199.0
            ],
            [
              378001.0,
              277199.0
            ],
            [
              378001.0,
              252001.0
            ]
          ]
        ]
      }
    },
    {
      "type": "Feature",
      "properties": {
        "id": "DTWNX0V24Q3V6T1ZVQNPO7M9S",
        "gridName": "MainGrid"
      },
      "geometry": {
        "type": "Polygon",
        "coordinates": [
          [
            [
              -579599.0,
              -251999.0
            ],
            [
              -554401.0,
              -251999.0
            ],
            [
              -554401.0,
              -222999.66
            ],
            [
              -579599.0,
              -222999.66
            ],
            [
              -579599.0,
              -251999.0
            ]
          ]
        ]
      }
    },
    {
      "type": "Feature",
      "properties": {
        "id": "DU3MIGHHU1J9E2SB3793AP1TY",
        "gridName": "MainGrid"
      },
      "geometry": {
        "type": "Polygon",
        "coordinates": [
          [
            [
              303729.28,
              17300.0
            ],
            [
              329280.88,
              17300.0
            ],
            [
              329280.88,
              42832.97
            ],
            [
              303729.28,
              42832.97
            ],
            [
              303729.28,
              17300.0
            ]
          ]
        ]
      }
    },
    {
      "type": "Feature",
      "properties": {
        "id": "DU424SE35S7F4SVTJBXFW0ZL7",
        "gridName": "MainGrid"
      },
      "geometry": {
        "type": "Polygon",
        "coordinates": [
          [
            [
              15209.248,
              142443.44
            ],
            [
              56117.188,
              142443.44
            ],
            [
              56117.188,
              182156.75
            ],
            [
              15209.248,
              182156.75
            ],
            [
              15209.248,
              142443.44
            ]
          ]
        ]
      }
    },
    {
      "type": "Feature",
      "properties": {
        "id": "DU9KSL8J62UIE8YBX91O71I7Y",
        "gridName": "VisualGrid"
      },
      "geometry": {
        "type": "Polygon",
        "coordinates": [
          [
            [
              -802379.2,
              664054.7
            ],
            [
              -638896.94,
              664054.7
            ],
            [
              -638896.94,
              795905.75
            ],
            [
              -802379.2,
              795905.75
            ],
            [
              -802379.2,
              664054.7
            ]
          ]
        ]
      }
    },
    {
      "type": "Feature",
      "properties": {
        "id": "DUO77O7B9F68NYLDLET4AVRO3",
        "gridName": "HLOD0_256m_4095m"
      },
      "geometry": {
        "type": "Polygon",
        "coordinates": [
          [
            [
              151200.0,
              -50400.0
            ],
            [
              176400.0,
              -50400.0
            ],
            [
              176400.0,
              -25200.0
            ],
            [
              151200.0,
              -25200.0
            ],
            [
              151200.0,
              -50400.0
            ]
          ]
        ]
      }
    },
    {
      "type": "Feature",
      "properties": {
        "id": "DUZ0WA3ENRY5Z3TE7NTRHS604",
        "gridName": "MainGrid"
      },
      "geometry": {
        "type": "Polygon",
        "coordinates": [
          [
            [
              -680399.0,
              -201599.0
            ],
            [
              -655201.0,
              -201599.0
            ],
            [
              -655201.0,
              -176401.0
            ],
            [
              -680399.0,
              -176401.0
            ],
            [
              -680399.0,
              -201599.0
            ]
          ]
        ]
      }
    },
    {
      "type": "Feature",
      "properties": {
        "id": "DVP1I6O0PFW28T26ABY8LJ3AE",
        "gridName": "MainGrid"
      },
      "geometry": {
        "type": "Polygon",
        "coordinates": [
          [
            [
              -529199.0,
              -151199.0
            ],
            [
              -504001.0,
              -151199.0
            ],
            [
              -504001.0,
              -126001.0
            ],
            [
              -529199.0,
              -126001.0
            ],
            [
              -529199.0,
              -151199.0
            ]
          ]
        ]
      }
    },
    {
      "type": "Feature",
      "properties": {
        "id": "DW9RTT2WMI6F6XSOUQ1OZDKQX",
        "gridName": "HLOD0_256m_4095m"
      },
      "geometry": {
        "type": "Polygon",
        "coordinates": [
          [
            [
              352800.0,
              126000.0
            ],
            [
              378000.0,
              126000.0
            ],
            [
              378000.0,
              151200.0
            ],
            [
              352800.0,
              151200.0
            ],
            [
              352800.0,
              126000.0
            ]
          ]
        ]
      }
    },
    {
      "type": "Feature",
      "properties": {
        "id": "DWJVGREVGC6JW5QCNNPI702VU",
        "gridName": "MainGrid"
      },
      "geometry": {
        "type": "Polygon",
        "coordinates": [
          [
            [
              -765000.0,
              705601.0
            ],
            [
              -717381.3,
              705601.0
            ],
            [
              -717381.3,
              738231.4
            ],
            [
              -765000.0,
              738231.4
            ],
            [
              -765000.0,
              705601.0
            ]
          ]
        ]
      }
    },
    {
      "type": "Feature",
      "properties": {
        "id": "DWVLTQR2LNCSJGNB1E2K4UXSX",
        "gridName": "VisualGrid"
      },
      "geometry": {
        "type": "Polygon",
        "coordinates": [
          [
            [
              -764133.25,
              719986.3
            ],
            [
              -726225.2,
              719986.3
            ],
            [
              -726225.2,
              752516.0
            ],
            [
              -764133.25,
              752516.0
            ],
            [
              -764133.25,
              719986.3
            ]
          ]
        ]
      }
    },
    {
      "type": "Feature",
      "properties": {
        "id": "DX0TQTIL4N1GVTPPIXKYSFGAG",
        "gridName": "MainGrid"
      },
      "geometry": {
        "type": "Polygon",
        "coordinates": [
          [
            [
              -680399.0,
              -277199.0
            ],
            [
              -655201.0,
              -277199.0
            ],
            [
              -655201.0,
              -252001.0
            ],
            [
              -680399.0,
              -252001.0
            ],
            [
              -680399.0,
              -277199.0
            ]
          ]
        ]
      }
    },
    {
      "type": "Feature",
      "properties": {
        "id": "DXXIEYDPR45E0KM0WTIHBAA6M",
        "gridName": "MainGrid"
      },
      "geometry": {
        "type": "Polygon",
        "coordinates": [
          [
            [
              75601.0,
              252001.0
            ],
            [
              100799.0,
              252001.0
            ],
            [
              100799.0,
              277199.0
            ],
            [
              75601.0,
              277199.0
            ],
            [
              75601.0,
              252001.0
            ]
          ]
        ]
      }
    },
    {
      "type": "Feature",
      "properties": {
        "id": "DY960GQL3ONCHR1BBAN6L8HR3",
        "gridName": "MainGrid"
      },
      "geometry": {
        "type": "Polygon",
        "coordinates": [
          [
            [
              167221.12,
              117755.875
            ],
            [
              206648.33,
              117755.875
            ],
            [
              206648.33,
              152585.28
            ],
            [
              167221.12,
              152585.28
            ],
            [
              167221.12,
              117755.875
            ]
          ]
        ]
      }
    },
    {
      "type": "Feature",
      "properties": {
        "id": "DZ0GL2L698CQGISVL79O9BR2J",
        "gridName": "MainGrid"
      },
      "geometry": {
        "type": "Polygon",
        "coordinates": [
          [
            [
              300646.06,
              98434.94
            ],
            [
              333479.06,
              98434.94
            ],
            [
              333479.06,
              133016.2
            ],
            [
              300646.06,
              133016.2
            ],
            [
              300646.06,
              98434.94
            ]
          ]
        ]
      }
    },
    {
      "type": "Feature",
      "properties": {
        "id": "DZ8N8MQJFG57BFZKPBJ649RAS",
        "gridName": "MainGrid"
      },
      "geometry": {
        "type": "Polygon",
        "coordinates": [
          [
            [
              -730799.0,
              -327599.0
            ],
            [
              -705601.0,
              -327599.0
            ],
            [
              -705601.0,
              -302401.0
            ],
            [
              -730799.0,
              -302401.0
            ],
            [
              -730799.0,
              -327599.0
            ]
          ]
        ]
      }
    },
    {
      "type": "Feature",
      "properties": {
        "id": "E08S42SOI4QIU9W71850NV5YU",
        "gridName": "MainGrid"
      },
      "geometry": {
        "type": "Polygon",
        "coordinates": [
          [
            [
              21306.088,
              171010.28
            ],
            [
              51757.188,
              171010.28
            ],
            [
              51757.188,
              202949.52
            ],
            [
              21306.088,
              202949.52
            ],
            [
              21306.088,
              171010.28
            ]
          ]
        ]
      }
    },
    {
      "type": "Feature",
      "properties": {
        "id": "E0Z60GWLPFIA6ICZJ6GA14UE0",
        "gridName": "MainGrid"
      },
      "geometry": {
        "type": "Polygon",
        "coordinates": [
          [
            [
              67618.35,
              45928.37
            ],
            [
              108678.555,
              45928.37
            ],
            [
              108678.555,
              79225.16
            ],
            [
              67618.35,
              79225.16
            ],
            [
              67618.35,
              45928.37
            ]
          ]
        ]
      }
    },
    {
      "type": "Feature",
      "properties": {
        "id": "E1NST4MP5BG6T15LKGWDKUJDA",
        "gridName": "VisualGrid"
      },
      "geometry": {
        "type": "Polygon",
        "coordinates": [
          [
            [
              253829.67,
              98460.05
            ],
            [
              274899.62,
              98460.05
            ],
            [
              274899.62,
              121578.445
            ],
            [
              253829.67,
              121578.445
            ],
            [
              253829.67,
              98460.05
            ]
          ]
        ]
      }
    },
    {
      "type": "Feature",
      "properties": {
        "id": "E235KE8468YG0RSRRAFKRBP1C",
        "gridName": "MainGrid"
      },
      "geometry": {
        "type": "Polygon",
        "coordinates": [
          [
            [
              302401.0,
              -50399.0
            ],
            [
              327599.0,
              -50399.0
            ],
            [
              327599.0,
              -25201.0
            ],
            [
              302401.0,
              -25201.0
            ],
            [
              302401.0,
              -50399.0
            ]
          ]
        ]
      }
    },
    {
      "type": "Feature",
      "properties": {
        "id": "E29UQ1SVQ8UF4G0PDS4YMWBK3",
        "gridName": "MainGrid"
      },
      "geometry": {
        "type": "Polygon",
        "coordinates": [
          [
            [
              -151199.0,
              1.0
            ],
            [
              -126001.0,
              1.0
            ],
            [
              -126001.0,
              25199.0
            ],
            [
              -151199.0,
              25199.0
            ],
            [
              -151199.0,
              1.0
            ]
          ]
        ]
      }
    },
    {
      "type": "Feature",
      "properties": {
        "id": "E3FUAN3RY5SAH4Z68C21ODZ3N",
        "gridName": "MainGrid"
      },
      "geometry": {
        "type": "Polygon",
        "coordinates": [
          [
            [
              -503999.0,
              -352799.0
            ],
            [
              -478801.0,
              -352799.0
            ],
            [
              -478801.0,
              -327601.0
            ],
            [
              -503999.0,
              -327601.0
            ],
            [
              -503999.0,
              -352799.0
            ]
          ]
        ]
      }
    },
    {
      "type": "Feature",
      "properties": {
        "id": "E3GCR9CIQHOMX3R96WDIGE6GP",
        "gridName": "VisualGrid"
      },
      "geometry": {
        "type": "Polygon",
        "coordinates": [
          [
            [
              -705529.44,
              757481.0
            ],
            [
              -694682.6,
              757481.0
            ],
            [
              -694682.6,
              765290.75
            ],
            [
              -705529.44,
              765290.75
            ],
            [
              -705529.44,
              757481.0
            ]
          ]
        ]
      }
    },
    {
      "type": "Feature",
      "properties": {
        "id": "E3H5A1A2IRMYUTDCOWAZ1CDCN",
        "gridName": "HLOD0_256m_4095m"
      },
      "geometry": {
        "type": "Polygon",
        "coordinates": [
          [
            [
              -478800.0,
              -151200.0
            ],
            [
              -453600.0,
              -151200.0
            ],
            [
              -453600.0,
              -126000.0
            ],
            [
              -478800.0,
              -126000.0
            ],
            [
              -478800.0,
              -151200.0
            ]
          ]
        ]
      }
    },
    {
      "type": "Feature",
      "properties": {
        "id": "E3I2VTJSP406A6OISVKUPVLZR",
        "gridName": "MainGrid"
      },
      "geometry": {
        "type": "Polygon",
        "coordinates": [
          [
            [
              -529199.0,
              -226799.0
            ],
            [
              -504001.0,
              -226799.0
            ],
            [
              -504001.0,
              -201601.0
            ],
            [
              -529199.0,
              -201601.0
            ],
            [
              -529199.0,
              -226799.0
            ]
          ]
        ]
      }
    },
    {
      "type": "Feature",
      "properties": {
        "id": "E3LL7BEG9GSTFHHUIIO9TCSNY",
        "gridName": "MainGrid"
      },
      "geometry": {
        "type": "Polygon",
        "coordinates": [
          [
            [
              299622.56,
              118084.75
            ],
            [
              327847.12,
              118084.75
            ],
            [
              327847.12,
              159677.92
            ],
            [
              299622.56,
              159677.92
            ],
            [
              299622.56,
              118084.75
            ]
          ]
        ]
      }
    },
    {
      "type": "Feature",
      "properties": {
        "id": "E43WBBZ1VTRMMSPDD6CBY4U7W",
        "gridName": "MainGrid"
      },
      "geometry": {
        "type": "Polygon",
        "coordinates": [
          [
            [
              -151199.0,
              151201.0
            ],
            [
              -126001.0,
              151201.0
            ],
            [
              -126001.0,
              176399.0
            ],
            [
              -151199.0,
              176399.0
            ],
            [
              -151199.0,
              151201.0
            ]
          ]
        ]
      }
    },
    {
      "type": "Feature",
      "properties": {
        "id": "E4Q8GVNBWOINFY3C8RP3M5EHG",
        "gridName": "MainGrid"
      },
      "geometry": {
        "type": "Polygon",
        "coordinates": [
          [
            [
              354600.0,
              68100.0
            ],
            [
              380000.0,
              68100.0
            ],
            [
              380000.0,
              93500.0
            ],
            [
              354600.0,
              93500.0
            ],
            [
              354600.0,
              68100.0
            ]
          ]
        ]
      }
    },
    {
      "type": "Feature",
      "properties": {
        "id": "E4Y2CGJZNQY985MH6YA4QKG0B",
        "gridName": "MainGrid"
      },
      "geometry": {
        "type": "Polygon",
        "coordinates": [
          [
            [
              295161.25,
              71252.695
            ],
            [
              331375.53,
              71252.695
            ],
            [
              331375.53,
              109989.53
            ],
            [
              295161.25,
              109989.53
            ],
            [
              295161.25,
              71252.695
            ]
          ]
        ]
      }
    },
    {
      "type": "Feature",
      "properties": {
        "id": "E7CUHX4NELIU2VZWPT5ARH2R4",
        "gridName": "HLOD0_256m_4095m"
      },
      "geometry": {
        "type": "Polygon",
        "coordinates": [
          [
            [
              0.0,
              201600.0
            ],
            [
              25200.0,
              201600.0
            ],
            [
              25200.0,
              226800.0
            ],
            [
              0.0,
              226800.0
            ],
            [
              0.0,
              201600.0
            ]
          ]
        ]
      }
    },
    {
      "type": "Feature",
      "properties": {
        "id": "E7MQL6LI92E3NAMOU2K7VZMZ2",
        "gridName": "MainGrid"
      },
      "geometry": {
        "type": "Polygon",
        "coordinates": [
          [
            [
              -453776.0,
              -352799.0
            ],
            [
              -428401.0,
              -352799.0
            ],
            [
              -428401.0,
              -327601.0
            ],
            [
              -453776.0,
              -327601.0
            ],
            [
              -453776.0,
              -352799.0
            ]
          ]
        ]
      }
    },
    {
      "type": "Feature",
      "properties": {
        "id": "E8IPPS29XHY0IJSKIDPWVB038",
        "gridName": "MainGrid"
      },
      "geometry": {
        "type": "Polygon",
        "coordinates": [
          [
            [
              21161.727,
              118712.37
            ],
            [
              56717.71,
              118712.37
            ],
            [
              56717.71,
              162517.47
            ],
            [
              21161.727,
              162517.47
            ],
            [
              21161.727,
              118712.37
            ]
          ]
        ]
      }
    },
    {
      "type": "Feature",
      "properties": {
        "id": "E98AVGVLE0SP05W390J75S4I5",
        "gridName": "MainGrid"
      },
      "geometry": {
        "type": "Polygon",
        "coordinates": [
          [
            [
              -765100.0,
              726917.1
            ],
            [
              -726357.56,
              726917.1
            ],
            [
              -726357.56,
              762315.7
            ],
            [
              -765100.0,
              762315.7
            ],
            [
              -765100.0,
              726917.1
            ]
          ]
        ]
      }
    },
    {
      "type": "Feature",
      "properties": {
        "id": "E9FVYKSILB0OOONAW7UD4EX8X",
        "gridName": "MainGrid"
      },
      "geometry": {
        "type": "Polygon",
        "coordinates": [
          [
            [
              -12600.0,
              -63000.0
            ],
            [
              -12600.0,
              -63000.0
            ],
            [
              -12600.0,
              -63000.0
            ],
            [
              -12600.0,
              -63000.0
            ],
            [
              -12600.0,
              -63000.0
            ]
          ]
        ]
      }
    },
    {
      "type": "Feature",
      "properties": {
        "id": "E9Z5UML89TYE5FRTYU5FRWL1Z",
        "gridName": "MainGrid"
      },
      "geometry": {
        "type": "Polygon",
        "coordinates": [
          [
            [
              176401.0,
              529201.0
            ],
            [
              201599.0,
              529201.0
            ],
            [
              201599.0,
              554399.0
            ],
            [
              176401.0,
              554399.0
            ],
            [
              176401.0,
              529201.0
            ]
          ]
        ]
      }
    },
    {
      "type": "Feature",
      "properties": {
        "id": "EA5WYN4HD8FSX8EBXHQBQJJAX",
        "gridName": "MainGrid"
      },
      "geometry": {
        "type": "Polygon",
        "coordinates": [
          [
            [
              240934.58,
              94049.04
            ],
            [
              280530.97,
              94049.04
            ],
            [
              280530.97,
              125999.0
            ],
            [
              240934.58,
              125999.0
            ],
            [
              240934.58,
              94049.04
            ]
          ]
        ]
      }
    },
    {
      "type": "Feature",
      "properties": {
        "id": "EBDQ6YBM9RGDNL030IUWM2WAR",
        "gridName": "MainGrid"
      },
      "geometry": {
        "type": "Polygon",
        "coordinates": [
          [
            [
              215744.64,
              17730.566
            ],
            [
              259389.1,
              17730.566
            ],
            [
              259389.1,
              59903.777
            ],
            [
              215744.64,
              59903.777
            ],
            [
              215744.64,
              17730.566
            ]
          ]
        ]
      }
    },
    {
      "type": "Feature",
      "properties": {
        "id": "EBM08H2EN0T38KSH9ROYS0U8O",
        "gridName": "MainGrid"
      },
      "geometry": {
        "type": "Polygon",
        "coordinates": [
          [
            [
              277201.0,
              403201.0
            ],
            [
              302399.0,
              403201.0
            ],
            [
              302399.0,
              428399.0
            ],
            [
              277201.0,
              428399.0
            ],
            [
              277201.0,
              403201.0
            ]
          ]
        ]
      }
    },
    {
      "type": "Feature",
      "properties": {
        "id": "EBVB5AZBMXVH9H4JM8TNZHTS9",
        "gridName": "MainGrid"
      },
      "geometry": {
        "type": "Polygon",
        "coordinates": [
          [
            [
              350780.44,
              122264.586
            ],
            [
              388893.34,
              122264.586
            ],
            [
              388893.34,
              159582.08
            ],
            [
              350780.44,
              159582.08
            ],
            [
              350780.44,
              122264.586
            ]
          ]
        ]
      }
    },
    {
      "type": "Feature",
      "properties": {
        "id": "ECPR6VW4LYKPF91T7C8H9IYS4",
        "gridName": "MainGrid"
      },
      "geometry": {
        "type": "Polygon",
        "coordinates": [
          [
            [
              100927.05,
              -97354.61
            ],
            [
              139161.02,
              -97354.61
            ],
            [
              139161.02,
              -61114.1
            ],
            [
              100927.05,
              -61114.1
            ],
            [
              100927.05,
              -97354.61
            ]
          ]
        ]
      }
    },
    {
      "type": "Feature",
      "properties": {
        "id": "EDAY3V9OG52X76GRF7LX2M7P8",
        "gridName": "MainGrid"
      },
      "geometry": {
        "type": "Polygon",
        "coordinates": [
          [
            [
              307722.72,
              512963.4
            ],
            [
              312852.38,
              512963.4
            ],
            [
              312852.38,
              521332.44
            ],
            [
              307722.72,
              521332.44
            ],
            [
              307722.72,
              512963.4
            ]
          ]
        ]
      }
    },
    {
      "type": "Feature",
      "properties": {
        "id": "EDXADD4UW3R17QSV2MOISZVUJ",
        "gridName": "MainGrid"
      },
      "geometry": {
        "type": "Polygon",
        "coordinates": [
          [
            [
              348053.1,
              1.0
            ],
            [
              377999.0,
              1.0
            ],
            [
              377999.0,
              33548.06
            ],
            [
              348053.1,
              33548.06
            ],
            [
              348053.1,
              1.0
            ]
          ]
        ]
      }
    },
    {
      "type": "Feature",
      "properties": {
        "id": "EELNI09910IDUNFI1JX8QTDQL",
        "gridName": "HLOD0_256m_4095m"
      },
      "geometry": {
        "type": "Polygon",
        "coordinates": [
          [
            [
              226800.0,
              100800.0
            ],
            [
              252000.0,
              100800.0
            ],
            [
              252000.0,
              126000.0
            ],
            [
              226800.0,
              126000.0
            ],
            [
              226800.0,
              100800.0
            ]
          ]
        ]
      }
    },
    {
      "type": "Feature",
      "properties": {
        "id": "EFV4YK3RL9JD9MJKWEOGWBYIB",
        "gridName": "MainGrid"
      },
      "geometry": {
        "type": "Polygon",
        "coordinates": [
          [
            [
              -454414.7,
              70432.125
            ],
            [
              -428401.0,
              70432.125
            ],
            [
              -428401.0,
              100799.0
            ],
            [
              -454414.7,
              100799.0
            ],
            [
              -454414.7,
              70432.125
            ]
          ]
        ]
      }
    },
    {
      "type": "Feature",
      "properties": {
        "id": "EGD1V9C6D8288NQ90YEK3ERZB",
        "gridName": "MainGrid"
      },
      "geometry": {
        "type": "Polygon",
        "coordinates": [
          [
            [
              253000.0,
              220500.0
            ],
            [
              278400.0,
              220500.0
            ],
            [
              278400.0,
              245900.0
            ],
            [
              253000.0,
              245900.0
            ],
            [
              253000.0,
              220500.0
            ]
          ]
        ]
      }
    },
    {
      "type": "Feature",
      "properties": {
        "id": "EGK9IAKJQQ43G32BMDY8NHSPY",
        "gridName": "MainGrid"
      },
      "geometry": {
        "type": "Polygon",
        "coordinates": [
          [
            [
              -100799.0,
              151201.0
            ],
            [
              -75601.0,
              151201.0
            ],
            [
              -75601.0,
              180452.36
            ],
            [
              -100799.0,
              180452.36
            ],
            [
              -100799.0,
              151201.0
            ]
          ]
        ]
      }
    },
    {
      "type": "Feature",
      "properties": {
        "id": "EHDR5L23DE8O084UZKOYCCCDQ",
        "gridName": "MainGrid"
      },
      "geometry": {
        "type": "Polygon",
        "coordinates": [
          [
            [
              253000.0,
              169700.0
            ],
            [
              278400.0,
              169700.0
            ],
            [
              278400.0,
              195100.0
            ],
            [
              253000.0,
              195100.0
            ],
            [
              253000.0,
              169700.0
            ]
          ]
        ]
      }
    },
    {
      "type": "Feature",
      "properties": {
        "id": "EHG9YMKYVRX3773I08D23SECC",
        "gridName": "MainGrid"
      },
      "geometry": {
        "type": "Polygon",
        "coordinates": [
          [
            [
              195840.89,
              195512.12
            ],
            [
              229485.14,
              195512.12
            ],
            [
              229485.14,
              234495.53
            ],
            [
              195840.89,
              234495.53
            ],
            [
              195840.89,
              195512.12
            ]
          ]
        ]
      }
    },
    {
      "type": "Feature",
      "properties": {
        "id": "EJASSPX6ELNCZ24NR578GCKLY",
        "gridName": "HLOD0_256m_4095m"
      },
      "geometry": {
        "type": "Polygon",
        "coordinates": [
          [
            [
              -176400.0,
              604800.0
            ],
            [
              -151200.0,
              604800.0
            ],
            [
              -151200.0,
              630000.0
            ],
            [
              -176400.0,
              630000.0
            ],
            [
              -176400.0,
              604800.0
            ]
          ]
        ]
      }
    },
    {
      "type": "Feature",
      "properties": {
        "id": "EJN8DUNYWCBU53BWVQ32B24WJ",
        "gridName": "MainGrid"
      },
      "geometry": {
        "type": "Polygon",
        "coordinates": [
          [
            [
              -25199.0,
              46293.3
            ],
            [
              4473.578,
              46293.3
            ],
            [
              4473.578,
              76663.664
            ],
            [
              -25199.0,
              76663.664
            ],
            [
              -25199.0,
              46293.3
            ]
          ]
        ]
      }
    },
    {
      "type": "Feature",
      "properties": {
        "id": "EK1QGEC024B9RTL4MWO7NC9W2",
        "gridName": "VisualGrid"
      },
      "geometry": {
        "type": "Polygon",
        "coordinates": [
          [
            [
              196470.36,
              22847.422
            ],
            [
              237020.89,
              22847.422
            ],
            [
              237020.89,
              55328.535
            ],
            [
              196470.36,
              55328.535
            ],
            [
              196470.36,
              22847.422
            ]
          ]
        ]
      }
    },
    {
      "type": "Feature",
      "properties": {
        "id": "EL1EYVD3HFBWHQIFEAII34IPH",
        "gridName": "MainGrid"
      },
      "geometry": {
        "type": "Polygon",
        "coordinates": [
          [
            [
              88743.42,
              44555.67
            ],
            [
              130394.06,
              44555.67
            ],
            [
              130394.06,
              79434.32
            ],
            [
              88743.42,
              79434.32
            ],
            [
              88743.42,
              44555.67
            ]
          ]
        ]
      }
    },
    {
      "type": "Feature",
      "properties": {
        "id": "ELG4O5LGO4AXOCFDV8E8TP0Y7",
        "gridName": "MainGrid"
      },
      "geometry": {
        "type": "Polygon",
        "coordinates": [
          [
            [
              -554399.0,
              -302399.0
            ],
            [
              -529201.0,
              -302399.0
            ],
            [
              -529201.0,
              -277201.0
            ],
            [
              -554399.0,
              -277201.0
            ],
            [
              -554399.0,
              -302399.0
            ]
          ]
        ]
      }
    },
    {
      "type": "Feature",
      "properties": {
        "id": "ELU87VANEY2GG9KOM1I6R0HNC",
        "gridName": "HLOD0_256m_4095m"
      },
      "geometry": {
        "type": "Polygon",
        "coordinates": [
          [
            [
              0.0,
              0.0
            ],
            [
              201600.0,
              0.0
            ],
            [
              201600.0,
              201600.0
            ],
            [
              0.0,
              201600.0
            ],
            [
              0.0,
              0.0
            ]
          ]
        ]
      }
    },
    {
      "type": "Feature",
      "properties": {
        "id": "ELZIL5R5A7LAHR9RJ1M0Q9X7S",
        "gridName": "MainGrid"
      },
      "geometry": {
        "type": "Polygon",
        "coordinates": [
          [
            [
              375141.75,
              112805.57
            ],
            [
              403345.38,
              112805.57
            ],
            [
              403345.38,
              153368.86
            ],
            [
              375141.75,
              153368.86
            ],
            [
              375141.75,
              112805.57
            ]
          ]
        ]
      }
    },
    {
      "type": "Feature",
      "properties": {
        "id": "EMI5C8EBQ6B55KJDS7LRZ6IHK",
        "gridName": "VisualGrid"
      },
      "geometry": {
        "type": "Polygon",
        "coordinates": [
          [
            [
              -773548.06,
              710275.9
            ],
            [
              -705626.6,
              710275.9
            ],
            [
              -705626.6,
              770741.0
            ],
            [
              -773548.06,
              770741.0
            ],
            [
              -773548.06,
              710275.9
            ]
          ]
        ]
      }
    },
    {
      "type": "Feature",
      "properties": {
        "id": "ENTLEWXR9UDCV5VTOXUPIRSXW",
        "gridName": "HLOD0_256m_4095m"
      },
      "geometry": {
        "type": "Polygon",
        "coordinates": [
          [
            [
              252000.0,
              126000.0
            ],
            [
              277200.0,
              126000.0
            ],
            [
              277200.0,
              151200.0
            ],
            [
              252000.0,
              151200.0
            ],
            [
              252000.0,
              126000.0
            ]
          ]
        ]
      }
    },
    {
      "type": "Feature",
      "properties": {
        "id": "EOA83PKJWWYCQYMQHPMCGWWUG",
        "gridName": "MainGrid"
      },
      "geometry": {
        "type": "Polygon",
        "coordinates": [
          [
            [
              269287.5,
              185684.02
            ],
            [
              275354.94,
              185684.02
            ],
            [
              275354.94,
              192127.39
            ],
            [
              269287.5,
              192127.39
            ],
            [
              269287.5,
              185684.02
            ]
          ]
        ]
      }
    },
    {
      "type": "Feature",
      "properties": {
        "id": "EORHKOHIUPC5S28SVAZ8H2IKD",
        "gridName": "HLOD0_256m_4095m"
      },
      "geometry": {
        "type": "Polygon",
        "coordinates": [
          [
            [
              -705600.0,
              730800.0
            ],
            [
              -680400.0,
              730800.0
            ],
            [
              -680400.0,
              756000.0
            ],
            [
              -705600.0,
              756000.0
            ],
            [
              -705600.0,
              730800.0
            ]
          ]
        ]
      }
    },
    {
      "type": "Feature",
      "properties": {
        "id": "EOSEZA4O74ESCT9YDQBMQKHKO",
        "gridName": "MainGrid"
      },
      "geometry": {
        "type": "Polygon",
        "coordinates": [
          [
            [
              151201.0,
              453601.0
            ],
            [
              176399.0,
              453601.0
            ],
            [
              176399.0,
              478799.0
            ],
            [
              151201.0,
              478799.0
            ],
            [
              151201.0,
              453601.0
            ]
          ]
        ]
      }
    },
    {
      "type": "Feature",
      "properties": {
        "id": "EOUTJCQRDT9S0RBVL4VKOXKJW",
        "gridName": "MainGrid"
      },
      "geometry": {
        "type": "Polygon",
        "coordinates": [
          [
            [
              -496137.0,
              -352337.9
            ],
            [
              -419228.3,
              -352337.9
            ],
            [
              -419228.3,
              -283180.0
            ],
            [
              -496137.0,
              -283180.0
            ],
            [
              -496137.0,
              -352337.9
            ]
          ]
        ]
      }
    },
    {
      "type": "Feature",
      "properties": {
        "id": "EP0MEKD19FXGH8LSU3RF8VQW8",
        "gridName": "HLOD0_256m_4095m"
      },
      "geometry": {
        "type": "Polygon",
        "coordinates": [
          [
            [
              50400.0,
              -50400.0
            ],
            [
              75600.0,
              -50400.0
            ],
            [
              75600.0,
              -25200.0
            ],
            [
              50400.0,
              -25200.0
            ],
            [
              50400.0,
              -50400.0
            ]
          ]
        ]
      }
    },
    {
      "type": "Feature",
      "properties": {
        "id": "EP4GLTVGEI3Y9THZXI79QIEEN",
        "gridName": "HLOD0_256m_4095m"
      },
      "geometry": {
        "type": "Polygon",
        "coordinates": [
          [
            [
              75600.0,
              -100800.0
            ],
            [
              100800.0,
              -100800.0
            ],
            [
              100800.0,
              -75600.0
            ],
            [
              75600.0,
              -75600.0
            ],
            [
              75600.0,
              -100800.0
            ]
          ]
        ]
      }
    },
    {
      "type": "Feature",
      "properties": {
        "id": "EQ9FLX27VSZ3053MQ1Y0O3ZVK",
        "gridName": "MainGrid"
      },
      "geometry": {
        "type": "Polygon",
        "coordinates": [
          [
            [
              -755999.0,
              -201599.0
            ],
            [
              -730801.0,
              -201599.0
            ],
            [
              -730801.0,
              -176401.0
            ],
            [
              -755999.0,
              -176401.0
            ],
            [
              -755999.0,
              -201599.0
            ]
          ]
        ]
      }
    },
    {
      "type": "Feature",
      "properties": {
        "id": "ER0GCJLUG7A3JQE8G8BA74ALS",
        "gridName": "MainGrid"
      },
      "geometry": {
        "type": "Polygon",
        "coordinates": [
          [
            [
              415800.0,
              -63000.0
            ],
            [
              415800.0,
              -63000.0
            ],
            [
              415800.0,
              -63000.0
            ],
            [
              415800.0,
              -63000.0
            ],
            [
              415800.0,
              -63000.0
            ]
          ]
        ]
      }
    },
    {
      "type": "Feature",
      "properties": {
        "id": "ERMXI9025JHGM4V6Q1B5133RJ",
        "gridName": "MainGrid"
      },
      "geometry": {
        "type": "Polygon",
        "coordinates": [
          [
            [
              151201.0,
              529201.0
            ],
            [
              176399.0,
              529201.0
            ],
            [
              176399.0,
              554399.0
            ],
            [
              151201.0,
              554399.0
            ],
            [
              151201.0,
              529201.0
            ]
          ]
        ]
      }
    },
    {
      "type": "Feature",
      "properties": {
        "id": "EROYS5GARGRW1PUWSJDHAGYJQ",
        "gridName": "MainGrid"
      },
      "geometry": {
        "type": "Polygon",
        "coordinates": [
          [
            [
              177627.0,
              431315.44
            ],
            [
              426166.3,
              431315.44
            ],
            [
              426166.3,
              636113.44
            ],
            [
              177627.0,
              636113.44
            ],
            [
              177627.0,
              431315.44
            ]
          ]
        ]
      }
    },
    {
      "type": "Feature",
      "properties": {
        "id": "ES69N4JRYXB210LUK7X7BVT57",
        "gridName": "VisualGrid"
      },
      "geometry": {
        "type": "Polygon",
        "coordinates": [
          [
            [
              -789751.4,
              693968.2
            ],
            [
              -766242.5,
              693968.2
            ],
            [
              -766242.5,
              719391.8
            ],
            [
              -789751.4,
              719391.8
            ],
            [
              -789751.4,
              693968.2
            ]
          ]
        ]
      }
    },
    {
      "type": "Feature",
      "properties": {
        "id": "ES9USNIOLOK1DIBF7MIDZ1NHJ",
        "gridName": "HLOD0_256m_4095m"
      },
      "geometry": {
        "type": "Polygon",
        "coordinates": [
          [
            [
              50400.0,
              -25200.0
            ],
            [
              75600.0,
              -25200.0
            ],
            [
              75600.0,
              0.0
            ],
            [
              50400.0,
              0.0
            ],
            [
              50400.0,
              -25200.0
            ]
          ]
        ]
      }
    },
    {
      "type": "Feature",
      "properties": {
        "id": "ESGDMAA3TGWNAM0Y37XI8MUTB",
        "gridName": "MainGrid"
      },
      "geometry": {
        "type": "Polygon",
        "coordinates": [
          [
            [
              -805655.25,
              639329.06
            ],
            [
              -640978.9,
              639329.06
            ],
            [
              -640978.9,
              806131.3
            ],
            [
              -805655.25,
              806131.3
            ],
            [
              -805655.25,
              639329.06
            ]
          ]
        ]
      }
    },
    {
      "type": "Feature",
      "properties": {
        "id": "EUFNXE6BHVAYLQ8PRVYFGWGZ4",
        "gridName": "MainGrid"
      },
      "geometry": {
        "type": "Polygon",
        "coordinates": [
          [
            [
              248781.0,
              198922.03
            ],
            [
              279144.34,
              198922.03
            ],
            [
              279144.34,
              226799.0
            ],
            [
              248781.0,
              226799.0
            ],
            [
              248781.0,
              198922.03
            ]
          ]
        ]
      }
    },
    {
      "type": "Feature",
      "properties": {
        "id": "EUKRJM2GRZAO314I6WUP8FSIM",
        "gridName": "VisualGrid"
      },
      "geometry": {
        "type": "Polygon",
        "coordinates": [
          [
            [
              247174.84,
              13299.345
            ],
            [
              259219.31,
              13299.345
            ],
            [
              259219.31,
              25912.564
            ],
            [
              247174.84,
              25912.564
            ],
            [
              247174.84,
              13299.345
            ]
          ]
        ]
      }
    },
    {
      "type": "Feature",
      "properties": {
        "id": "EUR66KUKPB2M0LKA4S2BZIFWF",
        "gridName": "MainGrid"
      },
      "geometry": {
        "type": "Polygon",
        "coordinates": [
          [
            [
              -781199.0,
              -251999.0
            ],
            [
              -756001.0,
              -251999.0
            ],
            [
              -756001.0,
              -222589.08
            ],
            [
              -781199.0,
              -222589.08
            ],
            [
              -781199.0,
              -251999.0
            ]
          ]
        ]
      }
    },
    {
      "type": "Feature",
      "properties": {
        "id": "EV4RNTGTZ760DUA6ZN5UTGJ6B",
        "gridName": "HLOD0_256m_4095m"
      },
      "geometry": {
        "type": "Polygon",
        "coordinates": [
          [
            [
              75600.0,
              0.0
            ],
            [
              100800.0,
              0.0
            ],
            [
              100800.0,
              25200.0
            ],
            [
              75600.0,
              25200.0
            ],
            [
              75600.0,
              0.0
            ]
          ]
        ]
      }
    },
    {
      "type": "Feature",
      "properties": {
        "id": "EVI9CIH75EI8U34JLVCTXWBGM",
        "gridName": "MainGrid"
      },
      "geometry": {
        "type": "Polygon",
        "coordinates": [
          [
            [
              -714200.0,
              727398.9
            ],
            [
              -674650.8,
              727398.9
            ],
            [
              -674650.8,
              763347.56
            ],
            [
              -714200.0,
              763347.56
            ],
            [
              -714200.0,
              727398.9
            ]
          ]
        ]
      }
    },
    {
      "type": "Feature",
      "properties": {
        "id": "EVYNWXZNXPZGFQKI7FFH909WJ",
        "gridName": "MainGrid"
      },
      "geometry": {
        "type": "Polygon",
        "coordinates": [
          [
            [
              -730799.0,
              -201599.0
            ],
            [
              -705601.0,
              -201599.0
            ],
            [
              -705601.0,
              -176401.0
            ],
            [
              -730799.0,
              -176401.0
            ],
            [
              -730799.0,
              -201599.0
            ]
          ]
        ]
      }
    },
    {
      "type": "Feature",
      "properties": {
        "id": "EW04PBD3A5REB1ZEUHNFQE17A",
        "gridName": "MainGrid"
      },
      "geometry": {
        "type": "Polygon",
        "coordinates": [
          [
            [
              37800.0,
              289800.0
            ],
            [
              37800.0,
              289800.0
            ],
            [
              37800.0,
              289800.0
            ],
            [
              37800.0,
              289800.0
            ],
            [
              37800.0,
              289800.0
            ]
          ]
        ]
      }
    },
    {
      "type": "Feature",
      "properties": {
        "id": "EX2LXHL26L7XC1MIH0LCFTMT1",
        "gridName": "HLOD0_256m_4095m"
      },
      "geometry": {
        "type": "Polygon",
        "coordinates": [
          [
            [
              428400.0,
              453600.0
            ],
            [
              453600.0,
              453600.0
            ],
            [
              453600.0,
              478800.0
            ],
            [
              428400.0,
              478800.0
            ],
            [
              428400.0,
              453600.0
            ]
          ]
        ]
      }
    },
    {
      "type": "Feature",
      "properties": {
        "id": "EX4NLR5M71NW4DVL65VL1C279",
        "gridName": "MainGrid"
      },
      "geometry": {
        "type": "Polygon",
        "coordinates": [
          [
            [
              -629999.0,
              -327599.0
            ],
            [
              -604801.0,
              -327599.0
            ],
            [
              -604801.0,
              -302401.0
            ],
            [
              -629999.0,
              -302401.0
            ],
            [
              -629999.0,
              -327599.0
            ]
          ]
        ]
      }
    },
    {
      "type": "Feature",
      "properties": {
        "id": "EXLQRNQBQOCSFN4CH621RDWEL",
        "gridName": "HLOD0_256m_4095m"
      },
      "geometry": {
        "type": "Polygon",
        "coordinates": [
          [
            [
              -781200.0,
              730800.0
            ],
            [
              -756000.0,
              730800.0
            ],
            [
              -756000.0,
              756000.0
            ],
            [
              -781200.0,
              756000.0
            ],
            [
              -781200.0,
              730800.0
            ]
          ]
        ]
      }
    },
    {
      "type": "Feature",
      "properties": {
        "id": "EYN3AC7BZFIZZESP437F8OGUK",
        "gridName": "MainGrid"
      },
      "geometry": {
        "type": "Polygon",
        "coordinates": [
          [
            [
              -881999.0,
              -233800.53
            ],
            [
              -849741.8,
              -233800.53
            ],
            [
              -849741.8,
              -201601.0
            ],
            [
              -881999.0,
              -201601.0
            ],
            [
              -881999.0,
              -233800.53
            ]
          ]
        ]
      }
    },
    {
      "type": "Feature",
      "properties": {
        "id": "EZOWTACPWEJDO54CR1FEE4Q0J",
        "gridName": "MainGrid"
      },
      "geometry": {
        "type": "Polygon",
        "coordinates": [
          [
            [
              100801.0,
              226801.0
            ],
            [
              125999.0,
              226801.0
            ],
            [
              125999.0,
              251999.0
            ],
            [
              100801.0,
              251999.0
            ],
            [
              100801.0,
              226801.0
            ]
          ]
        ]
      }
    },
    {
      "type": "Feature",
      "properties": {
        "id": "F06SNJ89B760RQTW9184LHFV7",
        "gridName": "HLOD0_256m_4095m"
      },
      "geometry": {
        "type": "Polygon",
        "coordinates": [
          [
            [
              226800.0,
              -50400.0
            ],
            [
              252000.0,
              -50400.0
            ],
            [
              252000.0,
              -25200.0
            ],
            [
              226800.0,
              -25200.0
            ],
            [
              226800.0,
              -50400.0
            ]
          ]
        ]
      }
    },
    {
      "type": "Feature",
      "properties": {
        "id": "F0XMZBKHY39KKDWNZ0H428QDI",
        "gridName": "VisualGrid"
      },
      "geometry": {
        "type": "Polygon",
        "coordinates": [
          [
            [
              208022.66,
              182841.45
            ],
            [
              208527.31,
              182841.45
            ],
            [
              208527.31,
              183448.8
            ],
            [
              208022.66,
              183448.8
            ],
            [
              208022.66,
              182841.45
            ]
          ]
        ]
      }
    },
    {
      "type": "Feature",
      "properties": {
        "id": "F19YVX9NURM2P78OL2TMVPW88",
        "gridName": "MainGrid"
      },
      "geometry": {
        "type": "Polygon",
        "coordinates": [
          [
            [
              151201.0,
              504001.0
            ],
            [
              176399.0,
              504001.0
            ],
            [
              176399.0,
              529199.0
            ],
            [
              151201.0,
              529199.0
            ],
            [
              151201.0,
              504001.0
            ]
          ]
        ]
      }
    },
    {
      "type": "Feature",
      "properties": {
        "id": "F1VZY4SCAPMA625YTTTG4M41C",
        "gridName": "HLOD0_256m_4095m"
      },
      "geometry": {
        "type": "Polygon",
        "coordinates": [
          [
            [
              201600.0,
              -100800.0
            ],
            [
              226800.0,
              -100800.0
            ],
            [
              226800.0,
              -75600.0
            ],
            [
              201600.0,
              -75600.0
            ],
            [
              201600.0,
              -100800.0
            ]
          ]
        ]
      }
    },
    {
      "type": "Feature",
      "properties": {
        "id": "F2BMPBZKAPB5HJHEHHBSDTQH6",
        "gridName": "MainGrid"
      },
      "geometry": {
        "type": "Polygon",
        "coordinates": [
          [
            [
              126001.0,
              504001.0
            ],
            [
              151199.0,
              504001.0
            ],
            [
              151199.0,
              529199.0
            ],
            [
              126001.0,
              529199.0
            ],
            [
              126001.0,
              504001.0
            ]
          ]
        ]
      }
    },
    {
      "type": "Feature",
      "properties": {
        "id": "F2DXIS8FFOJUJIIV363GJYZRM",
        "gridName": "MainGrid"
      },
      "geometry": {
        "type": "Polygon",
        "coordinates": [
          [
            [
              -126629.93,
              630001.0
            ],
            [
              -100801.0,
              630001.0
            ],
            [
              -100801.0,
              655199.0
            ],
            [
              -126629.93,
              655199.0
            ],
            [
              -126629.93,
              630001.0
            ]
          ]
        ]
      }
    },
    {
      "type": "Feature",
      "properties": {
        "id": "F36WD6BYFWC69ZXXFZ5KCDFH9",
        "gridName": "MainGrid"
      },
      "geometry": {
        "type": "Polygon",
        "coordinates": [
          [
            [
              365400.0,
              289800.0
            ],
            [
              365400.0,
              289800.0
            ],
            [
              365400.0,
              289800.0
            ],
            [
              365400.0,
              289800.0
            ],
            [
              365400.0,
              289800.0
            ]
          ]
        ]
      }
    },
    {
      "type": "Feature",
      "properties": {
        "id": "F37LIB8NFYPUZ7QEJ0NFFHUIN",
        "gridName": "MainGrid"
      },
      "geometry": {
        "type": "Polygon",
        "coordinates": [
          [
            [
              -481069.56,
              -147326.38
            ],
            [
              -444985.0,
              -147326.38
            ],
            [
              -444985.0,
              -107050.0
            ],
            [
              -481069.56,
              -107050.0
            ],
            [
              -481069.56,
              -147326.38
            ]
          ]
        ]
      }
    },
    {
      "type": "Feature",
      "properties": {
        "id": "F4C13DLPA7MU53U6I9AOSC8ZN",
        "gridName": "HLOD0_256m_4095m"
      },
      "geometry": {
        "type": "Polygon",
        "coordinates": [
          [
            [
              100800.0,
              -50400.0
            ],
            [
              126000.0,
              -50400.0
            ],
            [
              126000.0,
              -25200.0
            ],
            [
              100800.0,
              -25200.0
            ],
            [
              100800.0,
              -50400.0
            ]
          ]
        ]
      }
    },
    {
      "type": "Feature",
      "properties": {
        "id": "F57H7F4H5E8OORQ0VU5VPZTFV",
        "gridName": "MainGrid"
      },
      "geometry": {
        "type": "Polygon",
        "coordinates": [
          [
            [
              426168.3,
              449137.97
            ],
            [
              528566.3,
              449137.97
            ],
            [
              528566.3,
              551535.94
            ],
            [
              426168.3,
              551535.94
            ],
            [
              426168.3,
              449137.97
            ]
          ]
        ]
      }
    },
    {
      "type": "Feature",
      "properties": {
        "id": "F5EYRC5WZ0DC08RE1OYEM6VPC",
        "gridName": "MainGrid"
      },
      "geometry": {
        "type": "Polygon",
        "coordinates": [
          [
            [
              253000.0,
              271300.0
            ],
            [
              278400.0,
              271300.0
            ],
            [
              278400.0,
              296700.0
            ],
            [
              253000.0,
              296700.0
            ],
            [
              253000.0,
              271300.0
            ]
          ]
        ]
      }
    },
    {
      "type": "Feature",
      "properties": {
        "id": "F5L7WWXTYDQF1AV2GOT4YFSTN",
        "gridName": "MainGrid"
      },
      "geometry": {
        "type": "Polygon",
        "coordinates": [
          [
            [
              -554399.0,
              151201.0
            ],
            [
              -529201.0,
              151201.0
            ],
            [
              -529201.0,
              176399.0
            ],
            [
              -554399.0,
              176399.0
            ],
            [
              -554399.0,
              151201.0
            ]
          ]
        ]
      }
    }
  ]
}
